message,category,label_subtype,contains_link,sender_trust_score,link_reputation_score,language_type,ai_generated_score
Jaldi! Aapka Axis account suspend. Verify: http://phish-site.com,spam,financial_scams,1,0.19,0.06,Hinglish,0.85
"15 minute late, traffic mein",ham,personal,0,0.88,1.0,Hinglish,0.29
"29 ನಿಮಿಷ ತಡವಾಗಿ, ಟ್ರಾಫಿಕ್ನಲ್ಲಿ",ham,personal,0,0.99,1.0,Kannada,0.19
Your UPI will be deactivated. Verify now: http://phish-site.com,spam,phishing_scams,1,0.02,0.16,English,0.9
URGENT: Your SBI account suspended. Verify now: http://phish-site.com,spam,financial_scams,1,0.3,0.02,English,0.84
Working from home today,ham,personal,0,0.87,1.0,English,0.08
Your UPI will be deactivated. Verify now: http://phish-site.com,spam,phishing_scams,1,0.02,0.08,English,0.74
"Hey, kal dinner ke liye mil rahe? Time batao",ham,personal,0,0.92,1.0,Hinglish,0.13
Limited time: 1 kharido 1 free. Code SAVE34,promo,general_promo,0,0.65,1.0,Hinglish,0.43
"35 ನಿಮಿಷ ತಡವಾಗಿ, ಟ್ರಾಫಿಕ್ನಲ್ಲಿ",ham,personal,0,0.87,1.0,Kannada,0.23
Birthday treat: 40% off for you!,promo,general_promo,0,0.73,1.0,English,0.49
Refer a friend & get ₹50000 off,promo,general_promo,0,0.79,1.0,English,0.34
Doctor appointment confirmed for 11:45,ham,service_updates,0,0.84,1.0,English,0.27
"Hey, kal lunch ke liye mil rahe? Time batao",ham,personal,0,0.94,1.0,Hinglish,0.26
Store se medicine le aana,ham,personal,0,0.85,1.0,Hinglish,0.02
बधाई! आपने car जीता। दावा करें: http://phish-site.com,spam,general_spam,1,0.15,0.15,Hindi,0.92
Your UPI will be deactivated. Verify now: http://phish-site.com,spam,phishing_scams,1,0.25,0.14,English,0.77
Can you pick up medicine from the store?,ham,personal,0,0.94,1.0,English,0.16
Did you finish the presentation?,ham,personal,0,0.91,1.0,English,0.13
Refer a friend & get ₹25000 off,promo,general_promo,0,0.54,1.0,English,0.37
सीमित समय: 1 खरीदो 1 मुफ्त। कोड SAVE16,promo,general_promo,0,0.8,1.0,Hindi,0.5
Your number won car. Click to claim: http://phish-site.com,spam,prize_scams,1,0.11,0.13,English,0.83
सरकारी योजना: ₹5000 हर महीने। YES भेजें,spam,general_spam,0,0.16,1.0,Hindi,0.77
ಸ್ಟೋರ್ನಿಂದ bread ತೆಗೆದುಕೊಳ್ಳಿ,ham,personal,0,0.89,1.0,Kannada,0.24
Your package delivery failed. Confirm address: http://phish-site.com,spam,general_spam,1,0.24,0.19,English,0.97
Loan approve! ₹5000 mil raha. Documents nahi. Reply YES,spam,financial_scams,0,0.18,1.0,Hinglish,0.98
ಸರ್ಕಾರಿ ಯೋಜನೆ: ₹25000 ಪ್ರತಿ ತಿಂಗಳು. YES ಕಳುಹಿಸಿ,spam,general_spam,0,0.04,1.0,Kannada,0.86
Jaldi! Aapka SBI account suspend. Verify: http://phish-site.com,spam,financial_scams,1,0.19,0.13,Hinglish,0.79
SECURITY ALERT: Suspicious login detected. Secure account: http://phish-site.com,spam,financial_scams,1,0.18,0.13,English,0.77
Package will be delivered today between 7-12,ham,personal,0,0.86,1.0,English,0.13
Happy birthday! 🎉 See you tonight!,ham,personal,0,0.95,1.0,English,0.02
सीमित समय: 1 खरीदो 1 मुफ्त। कोड SAVE10,promo,general_promo,0,0.57,1.0,Hindi,0.56
"14 मिनट लेट, ट्रैफिक में",ham,personal,0,0.86,1.0,Hindi,0.15
Your package delivery failed. Confirm address: http://phish-site.com,spam,general_spam,1,0.01,0.1,English,0.77
Special offer: laptop at 60% discount,promo,promotional_offers,0,0.53,1.0,English,0.34
Loan approve! ₹5000 mil raha. Documents nahi. Reply YES,spam,financial_scams,0,0.18,1.0,Hinglish,0.82
ಅಭಿನಂದನೆಗಳು! ನೀವು iPhone 15 ಗೆದ್ದಿದ್ದೀರಿ. ಕ್ಲೈಮ್: http://phish-site.com,spam,general_spam,1,0.22,0.06,Kannada,0.73
Aaj meeting kab hai?,ham,personal,0,0.91,1.0,Hinglish,0.0
स्टोर से medicine ले आना,ham,personal,0,0.81,1.0,Hindi,0.13
"Hey, are we meeting for meeting today? Let me know",ham,personal,0,1.0,1.0,English,0.23
Special offer: 50% discount,promo,promotional_offers,0,0.53,1.0,Hinglish,0.53
ಕ್ರೆಡಿಟ್ ಕಾರ್ಡ್ನಲ್ಲಿ 5% ಕ್ಯಾಶ್‌ಬ್ಯಾಕ್,promo,general_promo,0,0.54,1.0,Kannada,0.4
"7 minute late, traffic mein",ham,personal,0,0.83,1.0,Hinglish,0.09
क्रेडिट कार्ड पर 5% कैशबैक,promo,general_promo,0,0.64,1.0,Hindi,0.33
Sarkari yojana: ₹10000 har mahine. YES bhejo,spam,general_spam,0,0.13,1.0,Hinglish,0.74
Your OTP is 787889. Do not share,ham,service_updates,0,1.0,1.0,English,0.15
CONGRATULATIONS! You won car. Claim: http://phish-site.com,spam,prize_scams,1,0.01,0.2,English,0.97
Free ho toh call karna,ham,personal,0,0.93,1.0,Hinglish,0.24
Package will be delivered today between 10-12,ham,personal,0,0.8,1.0,English,0.22
फ्लैश सेल! watch पर 70% छूट। खरीदारी: http://secure-site.com,promo,general_promo,1,0.59,0.85,Hindi,0.31
Bank error: Extra ₹5000 credited. Verify: http://phish-site.com,spam,financial_scams,1,0.28,0.15,English,0.79
Limited time: 1 kharido 1 free. Code SAVE39,promo,general_promo,0,0.73,1.0,Hinglish,0.47
ಸೀಮಿತ ಸಮಯ: 1 ಖರೀದಿ 1 ಉಚಿತ. ಕೋಡ್ SAVE47,promo,general_promo,0,0.52,1.0,Kannada,0.51
Don't forget about lunch tomorrow at 12:52,ham,personal,0,0.88,1.0,English,0.22
Sarkari yojana: ₹50000 har mahine. YES bhejo,spam,general_spam,0,0.29,1.0,Hinglish,0.87
Early access: New arrivals now live,promo,general_promo,0,0.6,1.0,English,0.6
Doctor appointment confirmed for 4:14,ham,service_updates,0,0.97,1.0,English,0.21
Your UPI will be deactivated. Verify now: http://phish-site.com,spam,phishing_scams,1,0.02,0.16,English,0.89
Free ho toh call karna,ham,personal,0,0.97,1.0,Hinglish,0.25
Special offer: watch at 20% discount,promo,promotional_offers,0,0.53,1.0,English,0.39
Clearance sale: Limited stock available,promo,promotional_offers,0,0.62,1.0,English,0.58
Credit card par 5% cashback,promo,general_promo,0,0.51,1.0,Hinglish,0.57
Bank error: Extra ₹5000 credited. Verify: http://phish-site.com,spam,financial_scams,1,0.03,0.02,English,0.71
Weekend special: Extra 50% off. Shop: http://secure-site.com,promo,general_promo,1,0.58,0.8,English,0.56
Clearance sale: Limited stock available,promo,promotional_offers,0,0.72,1.0,English,0.58
Exclusive deal for you: 50% off,promo,general_promo,0,0.63,1.0,English,0.48
"Running 9 minutes late, stuck in traffic",ham,personal,0,0.96,1.0,English,0.04
ಎಚ್ಚರಿಕೆ: ನಿಮ್ಮ ಖಾತೆಯಲ್ಲಿ ಸಂಶಯಾಸ್ಪದ ಚಟುವಟಿಕೆ. ಕಾಲ್ +91-7104968394,spam,general_spam,0,0.09,1.0,Kannada,0.94
ಸೀಮಿತ ಸಮಯ: 1 ಖರೀದಿ 1 ಉಚಿತ. ಕೋಡ್ SAVE46,promo,general_promo,0,0.52,1.0,Kannada,0.49
Special offer: watch at 20% discount,promo,promotional_offers,0,0.7,1.0,English,0.47
See you at mall,ham,personal,0,0.92,1.0,English,0.12
URGENT: Your SBI account suspended. Verify now: http://phish-site.com,spam,financial_scams,1,0.22,0.08,English,0.77
क्रेडिट कार्ड पर 10% कैशबैक,promo,general_promo,0,0.54,1.0,Hindi,0.55
New smartphone collection launched! Use code SAVE42,promo,general_promo,0,0.64,1.0,English,0.58
Your OTP is 619573. Do not share,ham,service_updates,0,0.87,1.0,English,0.29
Refer a friend & get ₹5000 off,promo,general_promo,0,0.79,1.0,English,0.36
Free ho toh call karna,ham,personal,0,0.94,1.0,Hinglish,0.19
Tax refund of ₹50000 approved. Claim: http://phish-site.com,spam,general_spam,1,0.27,0.0,English,0.86
आज flight कब है?,ham,personal,0,0.96,1.0,Hindi,0.25
"Your number won ₹50,000. Click to claim: http://phish-site.com",spam,prize_scams,1,0.17,0.11,English,0.8
जल्दी! आपका Axis खाता निलंबित। सत्यापित करें: http://phish-site.com,spam,general_spam,1,0.09,0.06,Hindi,1.0
Aapka Amazon Prime subscription jald khatam. Renew karo,promo,service_updates,0,0.67,1.0,Hinglish,0.43
Kal meeting ka mat bhoolna. Time 7:24,ham,personal,0,0.8,1.0,Hinglish,0.03
Sarkari yojana: ₹5000 har mahine. YES bhejo,spam,general_spam,0,0.0,1.0,Hinglish,0.83
बधाई! आपने MacBook जीता। दावा करें: http://phish-site.com,spam,general_spam,1,0.01,0.06,Hindi,0.87
Aapka Spotify subscription jald khatam. Renew karo,promo,service_updates,0,0.66,1.0,Hinglish,0.59
विशेष ऑफर: 50% छूट,promo,general_promo,0,0.52,1.0,Hindi,0.41
Aadhaar verification failed. Update immediately: http://phish-site.com,spam,general_spam,1,0.2,0.17,English,1.0
Call me when you're free,ham,personal,0,0.88,1.0,English,0.15
"Badhai ho! Aap jeete ₹50,000. Claim: http://phish-site.com",spam,general_spam,1,0.19,0.11,Hinglish,0.78
Store se milk le aana,ham,personal,0,0.99,1.0,Hinglish,0.18
Early access: New arrivals now live,promo,general_promo,0,0.74,1.0,English,0.57
फ्री हो तो कॉल करना,ham,personal,0,0.97,1.0,Hindi,0.21
ಉಚಿತವಾಗಿದ್ದರೆ ಕರೆ ಮಾಡಿ,ham,personal,0,0.99,1.0,Kannada,0.09
"Hey, are we meeting for meeting today? Let me know",ham,personal,0,0.97,1.0,English,0.27
Work from home: Earn ₹50000 daily. No experience. Reply YES,spam,general_spam,0,0.18,1.0,English,0.94
Jaldi! Aapka SBI account suspend. Verify: http://phish-site.com,spam,financial_scams,1,0.28,0.01,Hinglish,0.81
Bank error: Extra ₹50000 credited. Verify: http://phish-site.com,spam,financial_scams,1,0.21,0.17,English,0.78
SECURITY ALERT: Suspicious login detected. Secure account: http://phish-site.com,spam,financial_scams,1,0.29,0.13,English,0.75
Birthday treat: 40% off for you!,promo,general_promo,0,0.52,1.0,English,0.56
"19 minute late, traffic mein",ham,personal,0,0.94,1.0,Hinglish,0.02
फ्री हो तो कॉल करना,ham,personal,0,0.87,1.0,Hindi,0.29
Badhai ho! Aap jeete MacBook. Claim: http://phish-site.com,spam,general_spam,1,0.03,0.13,Hinglish,0.98
Alert: Aapke account mein suspicious activity. Call +91-8768775957,spam,financial_scams,0,0.02,1.0,Hinglish,0.88
Working from home today,ham,personal,0,0.97,1.0,English,0.08
Store se milk le aana,ham,personal,0,0.92,1.0,Hinglish,0.14
Happy birthday! 🎉 See you tonight!,ham,personal,0,0.94,1.0,English,0.26
Did you finish the presentation?,ham,personal,0,0.95,1.0,English,0.29
"Hey, kal lunch ke liye mil rahe? Time batao",ham,personal,0,0.87,1.0,Hinglish,0.28
Early access: New arrivals now live,promo,general_promo,0,0.72,1.0,English,0.56
What time is your appointment?,ham,service_updates,0,0.81,1.0,English,0.13
Work from home: Earn ₹10000 daily. No experience. Reply YES,spam,general_spam,0,0.13,1.0,English,0.92
जल्दी! आपका SBI खाता निलंबित। सत्यापित करें: http://phish-site.com,spam,general_spam,1,0.23,0.07,Hindi,0.9
सीमित समय: 1 खरीदो 1 मुफ्त। कोड SAVE49,promo,general_promo,0,0.63,1.0,Hindi,0.43
जल्दी! आपका SBI खाता निलंबित। सत्यापित करें: http://phish-site.com,spam,general_spam,1,0.29,0.01,Hindi,0.79
Sarkari yojana: ₹25000 har mahine. YES bhejo,spam,general_spam,0,0.01,1.0,Hinglish,0.9
CONGRATULATIONS! You won car. Claim: http://phish-site.com,spam,prize_scams,1,0.06,0.12,English,0.98
ಉಚಿತವಾಗಿದ್ದರೆ ಕರೆ ಮಾಡಿ,ham,personal,0,0.97,1.0,Kannada,0.03
Badhai ho! Aap jeete car. Claim: http://phish-site.com,spam,general_spam,1,0.13,0.04,Hinglish,0.97
Your Spotify subscription expired. Update payment: http://phish-site.com,spam,general_spam,1,0.12,0.08,English,0.71
फ्री हो तो कॉल करना,ham,personal,0,0.81,1.0,Hindi,0.27
Credit card par 15% cashback,promo,general_promo,0,0.77,1.0,Hinglish,0.42
Jaldi! Aapka HDFC account suspend. Verify: http://phish-site.com,spam,financial_scams,1,0.1,0.17,Hinglish,0.94
विशेष ऑफर: 50% छूट,promo,general_promo,0,0.55,1.0,Hindi,0.37
Special offer: 60% discount,promo,promotional_offers,0,0.63,1.0,Hinglish,0.49
Your package delivery failed. Confirm address: http://phish-site.com,spam,general_spam,1,0.14,0.2,English,0.95
Your UPI will be deactivated. Verify now: http://phish-site.com,spam,phishing_scams,1,0.11,0.18,English,0.76
Sarkari yojana: ₹25000 har mahine. YES bhejo,spam,general_spam,0,0.05,1.0,Hinglish,0.71
"26 minute late, traffic mein",ham,personal,0,0.94,1.0,Hinglish,0.13
"39 ನಿಮಿಷ ತಡವಾಗಿ, ಟ್ರಾಫಿಕ್ನಲ್ಲಿ",ham,personal,0,0.81,1.0,Kannada,0.24
"Running 22 minutes late, stuck in traffic",ham,personal,0,0.95,1.0,English,0.26
Alert: Aapke account mein suspicious activity. Call +91-8623577075,spam,financial_scams,0,0.14,1.0,Hinglish,0.97
ऋण स्वीकृत! ₹50000 मिल रहा। कोई कागजात नहीं। YES जवाब दें,spam,general_spam,0,0.11,1.0,Hindi,0.9
आपका Spotify सब्सक्रिप्शन जल्द खत्म। नवीनीकरण करें,promo,general_promo,0,0.76,1.0,Hindi,0.48
See you at cafe,ham,personal,0,0.96,1.0,English,0.22
Store se milk le aana,ham,personal,0,0.85,1.0,Hinglish,0.08
ನಾಳೆ lunch ಮರೆಯಬೇಡಿ. ಸಮಯ 9:19,ham,personal,0,0.99,1.0,Kannada,0.18
"Hey, are we meeting for lunch today? Let me know",ham,personal,0,0.95,1.0,English,0.27
"हे, कल dinner के लिए मिल रहे? समय बताओ",ham,personal,0,0.9,1.0,Hindi,0.23
Get 10% cashback on credit card spends,promo,general_promo,0,0.77,1.0,English,0.57
Your Amazon Prime subscription expiring soon. Renew now,promo,service_updates,0,0.74,1.0,English,0.34
Happy birthday! 🎉 See you tonight!,ham,personal,0,0.88,1.0,English,0.08
Your package delivery failed. Confirm address: http://phish-site.com,spam,general_spam,1,0.28,0.15,English,0.93
Tax refund of ₹5000 approved. Claim: http://phish-site.com,spam,general_spam,1,0.01,0.2,English,0.99
FLASH SALE: 50% OFF on watch. Shop now: http://secure-site.com,promo,promotional_offers,1,0.6,0.86,English,0.44
स्टोर से medicine ले आना,ham,personal,0,0.99,1.0,Hindi,0.17
Aadhaar verification failed. Update immediately: http://phish-site.com,spam,general_spam,1,0.18,0.02,English,0.99
"Hey, are we meeting for dinner today? Let me know",ham,personal,0,0.92,1.0,English,0.03
"Hey, kal meeting ke liye mil rahe? Time batao",ham,personal,0,0.87,1.0,Hinglish,0.11
You are selected for ₹10000 cash prize. Call +91-8418318627,spam,prize_scams,0,0.27,1.0,English,0.83
जल्दी! आपका HDFC खाता निलंबित। सत्यापित करें: http://phish-site.com,spam,general_spam,1,0.11,0.12,Hindi,0.96
"हे, कल lunch के लिए मिल रहे? समय बताओ",ham,personal,0,0.96,1.0,Hindi,0.05
Credit card par 10% cashback,promo,general_promo,0,0.8,1.0,Hinglish,0.58
"हे, कल lunch के लिए मिल रहे? समय बताओ",ham,personal,0,0.94,1.0,Hindi,0.2
Your package delivery failed. Confirm address: http://phish-site.com,spam,general_spam,1,0.17,0.11,English,0.92
आपका Spotify सब्सक्रिप्शन जल्द खत्म। नवीनीकरण करें,promo,general_promo,0,0.78,1.0,Hindi,0.5
"44 minute late, traffic mein",ham,personal,0,0.96,1.0,Hinglish,0.16
CONGRATULATIONS! You won car. Claim: http://phish-site.com,spam,prize_scams,1,0.04,0.06,English,0.81
Did you finish the presentation?,ham,personal,0,0.87,1.0,English,0.28
Limited time: 1 kharido 1 free. Code SAVE21,promo,general_promo,0,0.59,1.0,Hinglish,0.59
New laptop collection launched! Use code SAVE40,promo,general_promo,0,0.55,1.0,English,0.31
Your package delivery failed. Confirm address: http://phish-site.com,spam,general_spam,1,0.07,0.15,English,0.96
Your device has virus. Download antivirus: http://phish-site.com,spam,general_spam,1,0.05,0.07,English,0.97
Birthday treat: 50% off for you!,promo,general_promo,0,0.51,1.0,English,0.52
Get 5% cashback on credit card spends,promo,general_promo,0,0.6,1.0,English,0.48
FLASH SALE: 70% OFF on smartphone. Shop now: http://secure-site.com,promo,promotional_offers,1,0.58,0.79,English,0.39
See you at cafe,ham,personal,0,0.88,1.0,English,0.04
Badhai ho! Aap jeete MacBook. Claim: http://phish-site.com,spam,general_spam,1,0.11,0.08,Hinglish,0.83
"Badhai ho! Aap jeete ₹50,000. Claim: http://phish-site.com",spam,general_spam,1,0.29,0.19,Hinglish,0.71
ಉಚಿತವಾಗಿದ್ದರೆ ಕರೆ ಮಾಡಿ,ham,personal,0,0.99,1.0,Kannada,0.09
Special offer: 30% discount,promo,promotional_offers,0,0.74,1.0,Hinglish,0.36
Kal dinner ka mat bhoolna. Time 7:50,ham,personal,0,0.86,1.0,Hinglish,0.18
फ्री हो तो कॉल करना,ham,personal,0,0.95,1.0,Hindi,0.25
Aaj appointment kab hai?,ham,service_updates,0,0.88,1.0,Hinglish,0.3
Tax refund of ₹50000 approved. Claim: http://phish-site.com,spam,general_spam,1,0.19,0.2,English,0.9
ವಿಶೇಷ ಆಫರ್: 40% ರಿಯಾಯಿತಿ,promo,general_promo,0,0.53,1.0,Kannada,0.45
Special offer: 50% discount,promo,promotional_offers,0,0.55,1.0,Hinglish,0.39
Free shipping on orders above ₹10000,promo,general_promo,0,0.75,1.0,English,0.54
Aaj flight kab hai?,ham,personal,0,0.83,1.0,Hinglish,0.05
Your Netflix subscription expired. Update payment: http://phish-site.com,spam,general_spam,1,0.1,0.11,English,0.78
आज meeting कब है?,ham,personal,0,0.99,1.0,Hindi,0.21
फ्री हो तो कॉल करना,ham,personal,0,0.88,1.0,Hindi,0.24
Weekend special: Extra 30% off. Shop: http://secure-site.com,promo,general_promo,1,0.62,0.71,English,0.53
Kal dinner ka mat bhoolna. Time 12:19,ham,personal,0,0.82,1.0,Hinglish,0.25
Aapka Netflix subscription jald khatam. Renew karo,promo,service_updates,0,0.55,1.0,Hinglish,0.34
Store se bread le aana,ham,personal,0,0.93,1.0,Hinglish,0.14
सीमित समय: 1 खरीदो 1 मुफ्त। कोड SAVE46,promo,general_promo,0,0.62,1.0,Hindi,0.35
Sarkari yojana: ₹25000 har mahine. YES bhejo,spam,general_spam,0,0.0,1.0,Hinglish,0.9
कल lunch का मत भूलना। समय 9:07,ham,personal,0,0.95,1.0,Hindi,0.13
Aaj meeting kab hai?,ham,personal,0,0.95,1.0,Hinglish,0.0
What time is your appointment?,ham,service_updates,0,0.89,1.0,English,0.19
Badhai ho! Aap jeete iPhone 15. Claim: http://phish-site.com,spam,general_spam,1,0.2,0.1,Hinglish,0.86
Jaldi! Aapka ICICI account suspend. Verify: http://phish-site.com,spam,financial_scams,1,0.17,0.1,Hinglish,0.91
ಕ್ರೆಡಿಟ್ ಕಾರ್ಡ್ನಲ್ಲಿ 15% ಕ್ಯಾಶ್‌ಬ್ಯಾಕ್,promo,general_promo,0,0.67,1.0,Kannada,0.46
"43 minute late, traffic mein",ham,personal,0,0.85,1.0,Hinglish,0.18
Store se medicine le aana,ham,personal,0,0.95,1.0,Hinglish,0.28
See you at office,ham,personal,0,0.88,1.0,English,0.08
Loan approve! ₹25000 mil raha. Documents nahi. Reply YES,spam,financial_scams,0,0.13,1.0,Hinglish,0.84
"19 ನಿಮಿಷ ತಡವಾಗಿ, ಟ್ರಾಫಿಕ್ನಲ್ಲಿ",ham,personal,0,0.84,1.0,Kannada,0.21
Seasonal sale: Prices slashed by 60%,promo,promotional_offers,0,0.68,1.0,English,0.42
ಸರ್ಕಾರಿ ಯೋಜನೆ: ₹50000 ಪ್ರತಿ ತಿಂಗಳು. YES ಕಳುಹಿಸಿ,spam,general_spam,0,0.1,1.0,Kannada,0.81
Limited time: 1 kharido 1 free. Code SAVE48,promo,general_promo,0,0.62,1.0,Hinglish,0.46
Did you finish the project?,ham,personal,0,0.91,1.0,English,0.24
ತ್ವರಿತ! ನಿಮ್ಮ Axis ಖಾತೆ ನಿಲ್ಲಿಸಲಾಗಿದೆ. ಧೃಡೀಕರಿಸಿ: http://phish-site.com,spam,general_spam,1,0.1,0.01,Kannada,0.83
Aadhaar verification failed. Update immediately: http://phish-site.com,spam,general_spam,1,0.29,0.13,English,0.83
ಇಂದು meeting ಯಾವಾಗ?,ham,personal,0,0.88,1.0,Kannada,0.14
Badhai ho! Aap jeete MacBook. Claim: http://phish-site.com,spam,general_spam,1,0.04,0.17,Hinglish,0.72
Your device has virus. Download antivirus: http://phish-site.com,spam,general_spam,1,0.28,0.02,English,0.89
"Hey, are we meeting for dinner today? Let me know",ham,personal,0,0.92,1.0,English,0.14
Your package delivery failed. Confirm address: http://phish-site.com,spam,general_spam,1,0.12,0.06,English,0.88
See you at cafe,ham,personal,0,0.96,1.0,English,0.12
"Your number won ₹50,000. Click to claim: http://phish-site.com",spam,prize_scams,1,0.26,0.17,English,0.82
ಅಭಿನಂದನೆಗಳು! ನೀವು iPhone 15 ಗೆದ್ದಿದ್ದೀರಿ. ಕ್ಲೈಮ್: http://phish-site.com,spam,general_spam,1,0.04,0.13,Kannada,0.71
See you at mall,ham,personal,0,0.85,1.0,English,0.03
Jaldi! Aapka SBI account suspend. Verify: http://phish-site.com,spam,financial_scams,1,0.17,0.15,Hinglish,0.86
Member exclusive: Extra 20% off,promo,general_promo,0,0.5,1.0,English,0.48
You are selected for ₹5000 cash prize. Call +91-7908764940,spam,prize_scams,0,0.05,1.0,English,0.74
Package will be delivered today between 2-9,ham,personal,0,0.98,1.0,English,0.07
ವಿಶೇಷ ಆಫರ್: 40% ರಿಯಾಯಿತಿ,promo,general_promo,0,0.65,1.0,Kannada,0.52
Working from home today,ham,personal,0,0.91,1.0,English,0.25
सरकारी योजना: ₹10000 हर महीने। YES भेजें,spam,general_spam,0,0.05,1.0,Hindi,0.95
"Hey, kal meeting ke liye mil rahe? Time batao",ham,personal,0,0.81,1.0,Hinglish,0.09
Government scheme: Get ₹10000 monthly. Send YES,spam,general_spam,0,0.2,1.0,English,0.9
Government scheme: Get ₹25000 monthly. Send YES,spam,general_spam,0,0.28,1.0,English,0.8
Call me when you're free,ham,personal,0,0.84,1.0,English,0.09
Member exclusive: Extra 20% off,promo,general_promo,0,0.67,1.0,English,0.31
You are selected for ₹5000 cash prize. Call +91-7462838014,spam,prize_scams,0,0.09,1.0,English,0.99
Loan approve! ₹50000 mil raha. Documents nahi. Reply YES,spam,financial_scams,0,0.16,1.0,Hinglish,0.79
Bank error: Extra ₹25000 credited. Verify: http://phish-site.com,spam,financial_scams,1,0.1,0.13,English,0.95
Loan approve! ₹5000 mil raha. Documents nahi. Reply YES,spam,financial_scams,0,0.02,1.0,Hinglish,0.84
बधाई! आपने car जीता। दावा करें: http://phish-site.com,spam,general_spam,1,0.24,0.2,Hindi,0.72
ಅಭಿನಂದನೆಗಳು! ನೀವು car ಗೆದ್ದಿದ್ದೀರಿ. ಕ್ಲೈಮ್: http://phish-site.com,spam,general_spam,1,0.03,0.19,Kannada,0.7
Doctor appointment confirmed for 2:58,ham,service_updates,0,0.9,1.0,English,0.23
Aadhaar verification failed. Update immediately: http://phish-site.com,spam,general_spam,1,0.15,0.11,English,0.93
Exclusive deal for you: 30% off,promo,general_promo,0,0.61,1.0,English,0.39
Credit card par 5% cashback,promo,general_promo,0,0.61,1.0,Hinglish,0.35
Call me when you're free,ham,personal,0,0.91,1.0,English,0.15
"हे, कल meeting के लिए मिल रहे? समय बताओ",ham,personal,0,0.88,1.0,Hindi,0.05
Your UPI will be deactivated. Verify now: http://phish-site.com,spam,phishing_scams,1,0.27,0.17,English,0.79
आपका Netflix सब्सक्रिप्शन जल्द खत्म। नवीनीकरण करें,promo,general_promo,0,0.51,1.0,Hindi,0.5
You are selected for ₹10000 cash prize. Call +91-9409618851,spam,prize_scams,0,0.2,1.0,English,0.83
"Hey, are we meeting for lunch today? Let me know",ham,personal,0,0.99,1.0,English,0.22
Free ho toh call karna,ham,personal,0,0.96,1.0,Hinglish,0.01
CONGRATULATIONS! You won car. Claim: http://phish-site.com,spam,prize_scams,1,0.2,0.1,English,0.99
"38 मिनट लेट, ट्रैफिक में",ham,personal,0,0.9,1.0,Hindi,0.23
Limited time: 1 kharido 1 free. Code SAVE32,promo,general_promo,0,0.55,1.0,Hinglish,0.36
ಸೀಮಿತ ಸಮಯ: 1 ಖರೀದಿ 1 ಉಚಿತ. ಕೋಡ್ SAVE27,promo,general_promo,0,0.58,1.0,Kannada,0.55
Your OTP is 574538. Do not share,ham,service_updates,0,0.9,1.0,English,0.09
ಸರ್ಕಾರಿ ಯೋಜನೆ: ₹5000 ಪ್ರತಿ ತಿಂಗಳು. YES ಕಳುಹಿಸಿ,spam,general_spam,0,0.23,1.0,Kannada,0.78
Sarkari yojana: ₹50000 har mahine. YES bhejo,spam,general_spam,0,0.16,1.0,Hinglish,0.77
Aapka Amazon Prime subscription jald khatam. Renew karo,promo,service_updates,0,0.57,1.0,Hinglish,0.39
Don't forget about meeting tomorrow at 1:34,ham,personal,0,0.86,1.0,English,0.29
CONGRATULATIONS! You won iPhone 15. Claim: http://phish-site.com,spam,prize_scams,1,0.18,0.16,English,0.96
Store se medicine le aana,ham,personal,0,0.92,1.0,Hinglish,0.08
Thanks for your help with study,ham,personal,0,0.9,1.0,English,0.18
Thanks for your help with work,ham,personal,0,0.97,1.0,English,0.29
New laptop collection launched! Use code SAVE36,promo,general_promo,0,0.65,1.0,English,0.37
Special offer: smartphone at 40% discount,promo,promotional_offers,0,0.58,1.0,English,0.57
Your UPI will be deactivated. Verify now: http://phish-site.com,spam,phishing_scams,1,0.09,0.15,English,0.98
Seasonal sale: Prices slashed by 50%,promo,promotional_offers,0,0.65,1.0,English,0.52
Doctor appointment confirmed for 8:16,ham,service_updates,0,0.9,1.0,English,0.1
Seasonal sale: Prices slashed by 30%,promo,promotional_offers,0,0.8,1.0,English,0.55
SECURITY ALERT: Suspicious login detected. Secure account: http://phish-site.com,spam,financial_scams,1,0.18,0.14,English,0.93
"Badhai ho! Aap jeete ₹50,000. Claim: http://phish-site.com",spam,general_spam,1,0.21,0.19,Hinglish,0.78
"16 minute late, traffic mein",ham,personal,0,0.93,1.0,Hinglish,0.2
Can you pick up milk from the store?,ham,personal,0,0.95,1.0,English,0.1
Loan approved! Get ₹50000 instantly. No documents. Reply YES,spam,financial_scams,0,0.27,1.0,English,0.83
ಲೋನ್ ಅನುಮೋದಿತ! ₹50000 ಸಿಗುತ್ತಿದೆ. ಯಾವುದೇ ದಾಖಲೆಗಳಿಲ್ಲ. YES ಉತ್ತರಿಸಿ,spam,general_spam,0,0.19,1.0,Kannada,0.76
आपका Amazon Prime सब्सक्रिप्शन जल्द खत्म। नवीनीकरण करें,promo,general_promo,0,0.66,1.0,Hindi,0.59
Happy birthday! 🎉 See you tonight!,ham,personal,0,0.9,1.0,English,0.16
ಲೋನ್ ಅನುಮೋದಿತ! ₹5000 ಸಿಗುತ್ತಿದೆ. ಯಾವುದೇ ದಾಖಲೆಗಳಿಲ್ಲ. YES ಉತ್ತರಿಸಿ,spam,general_spam,0,0.13,1.0,Kannada,0.77
ऋण स्वीकृत! ₹25000 मिल रहा। कोई कागजात नहीं। YES जवाब दें,spam,general_spam,0,0.22,1.0,Hindi,0.79
ಕ್ರೆಡಿಟ್ ಕಾರ್ಡ್ನಲ್ಲಿ 5% ಕ್ಯಾಶ್‌ಬ್ಯಾಕ್,promo,general_promo,0,0.8,1.0,Kannada,0.32
Free ho toh call karna,ham,personal,0,0.8,1.0,Hinglish,0.14
ಲೋನ್ ಅನುಮೋದಿತ! ₹25000 ಸಿಗುತ್ತಿದೆ. ಯಾವುದೇ ದಾಖಲೆಗಳಿಲ್ಲ. YES ಉತ್ತರಿಸಿ,spam,general_spam,0,0.21,1.0,Kannada,0.71
जल्दी! आपका ICICI खाता निलंबित। सत्यापित करें: http://phish-site.com,spam,general_spam,1,0.29,0.13,Hindi,0.75
Kal meeting ka mat bhoolna. Time 3:15,ham,personal,0,0.93,1.0,Hinglish,0.26
Free ho toh call karna,ham,personal,0,0.95,1.0,Hinglish,0.16
Did you finish the presentation?,ham,personal,0,0.87,1.0,English,0.19
जल्दी! आपका SBI खाता निलंबित। सत्यापित करें: http://phish-site.com,spam,general_spam,1,0.23,0.09,Hindi,1.0
Sarkari yojana: ₹50000 har mahine. YES bhejo,spam,general_spam,0,0.29,1.0,Hinglish,0.78
Kal meeting ka mat bhoolna. Time 4:26,ham,personal,0,0.92,1.0,Hinglish,0.2
Your package delivery failed. Confirm address: http://phish-site.com,spam,general_spam,1,0.27,0.11,English,0.85
Alert: Aapke account mein suspicious activity. Call +91-7731681092,spam,financial_scams,0,0.12,1.0,Hinglish,0.83
क्रेडिट कार्ड पर 5% कैशबैक,promo,general_promo,0,0.69,1.0,Hindi,0.54
Bank error: Extra ₹50000 credited. Verify: http://phish-site.com,spam,financial_scams,1,0.23,0.14,English,0.82
Doctor appointment confirmed for 11:31,ham,service_updates,0,0.99,1.0,English,0.07
FLASH SALE: 60% OFF on smartphone. Shop now: http://secure-site.com,promo,promotional_offers,1,0.58,0.81,English,0.37
Aaj flight kab hai?,ham,personal,0,0.92,1.0,Hinglish,0.28
Your package delivery failed. Confirm address: http://phish-site.com,spam,general_spam,1,0.07,0.1,English,0.79
Credit card par 10% cashback,promo,general_promo,0,0.69,1.0,Hinglish,0.48
Your number won MacBook. Click to claim: http://phish-site.com,spam,prize_scams,1,0.29,0.1,English,0.84
"ಹೇ, ನಾಳೆ dinner ಗೆ ಭೇಟಿ ಮಾಡುತ್ತಿದ್ದೀರಾ? ಸಮಯ ತಿಳಿಸಿ",ham,personal,0,0.87,1.0,Kannada,0.04
Work from home: Earn ₹25000 daily. No experience. Reply YES,spam,general_spam,0,0.12,1.0,English,0.71
Your Amazon Prime subscription expired. Update payment: http://phish-site.com,spam,general_spam,1,0.09,0.15,English,0.76
Special offer: smartphone at 20% discount,promo,promotional_offers,0,0.71,1.0,English,0.59
Aaj meeting kab hai?,ham,personal,0,0.96,1.0,Hinglish,0.16
Doctor appointment confirmed for 3:35,ham,service_updates,0,0.82,1.0,English,0.04
URGENT: Your HDFC account suspended. Verify now: http://phish-site.com,spam,financial_scams,1,0.04,0.16,English,0.92
Free shipping on orders above ₹5000,promo,general_promo,0,0.54,1.0,English,0.44
Government scheme: Get ₹10000 monthly. Send YES,spam,general_spam,0,0.18,1.0,English,0.98
विशेष ऑफर: 40% छूट,promo,general_promo,0,0.61,1.0,Hindi,0.56
बधाई! आपने iPhone 15 जीता। दावा करें: http://phish-site.com,spam,general_spam,1,0.04,0.07,Hindi,0.82
Free ho toh call karna,ham,personal,0,0.96,1.0,Hinglish,0.12
Badhai ho! Aap jeete MacBook. Claim: http://phish-site.com,spam,general_spam,1,0.18,0.07,Hinglish,0.93
Aapka Amazon Prime subscription jald khatam. Renew karo,promo,service_updates,0,0.61,1.0,Hinglish,0.45
फ्री हो तो कॉल करना,ham,personal,0,0.98,1.0,Hindi,0.28
Credit card par 10% cashback,promo,general_promo,0,0.73,1.0,Hinglish,0.53
Aapka Spotify subscription jald khatam. Renew karo,promo,service_updates,0,0.78,1.0,Hinglish,0.4
Kal lunch ka mat bhoolna. Time 11:55,ham,personal,0,0.81,1.0,Hinglish,0.25
Special offer: 60% discount,promo,promotional_offers,0,0.55,1.0,Hinglish,0.47
"ಹೇ, ನಾಳೆ lunch ಗೆ ಭೇಟಿ ಮಾಡುತ್ತಿದ್ದೀರಾ? ಸಮಯ ತಿಳಿಸಿ",ham,personal,0,0.95,1.0,Kannada,0.02
ನಾಳೆ lunch ಮರೆಯಬೇಡಿ. ಸಮಯ 11:01,ham,personal,0,0.96,1.0,Kannada,0.17
कल lunch का मत भूलना। समय 3:32,ham,personal,0,0.85,1.0,Hindi,0.09
Loan approve! ₹50000 mil raha. Documents nahi. Reply YES,spam,financial_scams,0,0.21,1.0,Hinglish,0.88
Exclusive deal for you: 70% off,promo,general_promo,0,0.61,1.0,English,0.52
Tax refund of ₹25000 approved. Claim: http://phish-site.com,spam,general_spam,1,0.28,0.01,English,0.7
You are selected for ₹50000 cash prize. Call +91-8483421621,spam,prize_scams,0,0.14,1.0,English,0.92
Doctor appointment confirmed for 9:06,ham,service_updates,0,0.82,1.0,English,0.18
"बधाई! आपने ₹50,000 जीता। दावा करें: http://phish-site.com",spam,general_spam,1,0.18,0.04,Hindi,0.79
विशेष ऑफर: 50% छूट,promo,general_promo,0,0.56,1.0,Hindi,0.49
फ्लैश सेल! watch पर 30% छूट। खरीदारी: http://secure-site.com,promo,general_promo,1,0.58,0.82,Hindi,0.43
SECURITY ALERT: Suspicious login detected. Secure account: http://phish-site.com,spam,financial_scams,1,0.28,0.06,English,0.99
Limited time: 1 kharido 1 free. Code SAVE11,promo,general_promo,0,0.67,1.0,Hinglish,0.53
Free ho toh call karna,ham,personal,0,0.8,1.0,Hinglish,0.04
Loan approved! Get ₹50000 instantly. No documents. Reply YES,spam,financial_scams,0,0.18,1.0,English,0.88
Special offer: 60% discount,promo,promotional_offers,0,0.78,1.0,Hinglish,0.41
"32 minute late, traffic mein",ham,personal,0,0.97,1.0,Hinglish,0.03
Aaj flight kab hai?,ham,personal,0,0.97,1.0,Hinglish,0.26
ऋण स्वीकृत! ₹50000 मिल रहा। कोई कागजात नहीं। YES जवाब दें,spam,general_spam,0,0.3,1.0,Hindi,0.84
Your package delivery failed. Confirm address: http://phish-site.com,spam,general_spam,1,0.03,0.07,English,0.92
Exclusive deal for you: 50% off,promo,general_promo,0,0.69,1.0,English,0.48
Call me when you're free,ham,personal,0,0.83,1.0,English,0.03
URGENT: Your HDFC account suspended. Verify now: http://phish-site.com,spam,financial_scams,1,0.02,0.11,English,0.87
You are selected for ₹5000 cash prize. Call +91-7101930705,spam,prize_scams,0,0.28,1.0,English,0.91
"Running 36 minutes late, stuck in traffic",ham,personal,0,0.9,1.0,English,0.17
Meeting rescheduled to 2:55,ham,personal,0,0.95,1.0,English,0.18
CONGRATULATIONS! You won car. Claim: http://phish-site.com,spam,prize_scams,1,0.12,0.19,English,0.87
Jaldi! Aapka HDFC account suspend. Verify: http://phish-site.com,spam,financial_scams,1,0.2,0.18,Hinglish,0.8
Limited time: 1 kharido 1 free. Code SAVE19,promo,general_promo,0,0.57,1.0,Hinglish,0.36
कल lunch का मत भूलना। समय 10:39,ham,personal,0,0.98,1.0,Hindi,0.17
Your UPI will be deactivated. Verify now: http://phish-site.com,spam,phishing_scams,1,0.05,0.17,English,0.88
New headphones collection launched! Use code SAVE11,promo,general_promo,0,0.76,1.0,English,0.33
"Hey, are we meeting for lunch today? Let me know",ham,personal,0,0.82,1.0,English,0.23
"Hey, are we meeting for lunch today? Let me know",ham,personal,0,0.9,1.0,English,0.04
Seasonal sale: Prices slashed by 30%,promo,promotional_offers,0,0.64,1.0,English,0.58
"24 ನಿಮಿಷ ತಡವಾಗಿ, ಟ್ರಾಫಿಕ್ನಲ್ಲಿ",ham,personal,0,0.93,1.0,Kannada,0.22
ಉಚಿತವಾಗಿದ್ದರೆ ಕರೆ ಮಾಡಿ,ham,personal,0,0.94,1.0,Kannada,0.05
Birthday treat: 70% off for you!,promo,general_promo,0,0.74,1.0,English,0.41
Seasonal sale: Prices slashed by 40%,promo,promotional_offers,0,0.69,1.0,English,0.43
Jaldi! Aapka SBI account suspend. Verify: http://phish-site.com,spam,financial_scams,1,0.09,0.02,Hinglish,0.7
Thanks for your help with work,ham,personal,0,0.94,1.0,English,0.02
Aapka Spotify subscription jald khatam. Renew karo,promo,service_updates,0,0.69,1.0,Hinglish,0.58
ಅಭಿನಂದನೆಗಳು! ನೀವು MacBook ಗೆದ್ದಿದ್ದೀರಿ. ಕ್ಲೈಮ್: http://phish-site.com,spam,general_spam,1,0.24,0.0,Kannada,0.94
Aadhaar verification failed. Update immediately: http://phish-site.com,spam,general_spam,1,0.05,0.07,English,0.78
"Hey, kal lunch ke liye mil rahe? Time batao",ham,personal,0,0.93,1.0,Hinglish,0.22
New laptop collection launched! Use code SAVE38,promo,general_promo,0,0.57,1.0,English,0.48
FLASH SALE: 70% OFF on watch. Shop now: http://secure-site.com,promo,promotional_offers,1,0.69,0.71,English,0.58
Kal dinner ka mat bhoolna. Time 2:13,ham,personal,0,0.92,1.0,Hinglish,0.26
ಸರ್ಕಾರಿ ಯೋಜನೆ: ₹10000 ಪ್ರತಿ ತಿಂಗಳು. YES ಕಳುಹಿಸಿ,spam,general_spam,0,0.24,1.0,Kannada,0.79
See you at office,ham,personal,0,0.96,1.0,English,0.21
Free ho toh call karna,ham,personal,0,0.82,1.0,Hinglish,0.04
Loan approve! ₹50000 mil raha. Documents nahi. Reply YES,spam,financial_scams,0,0.22,1.0,Hinglish,0.87
URGENT: Your SBI account suspended. Verify now: http://phish-site.com,spam,financial_scams,1,0.18,0.13,English,0.73
New watch collection launched! Use code SAVE36,promo,general_promo,0,0.76,1.0,English,0.6
Meeting rescheduled to 9:17,ham,personal,0,0.93,1.0,English,0.09
ಇಂದು meeting ಯಾವಾಗ?,ham,personal,0,0.9,1.0,Kannada,0.12
फ्री हो तो कॉल करना,ham,personal,0,0.86,1.0,Hindi,0.29
Refer a friend & get ₹50000 off,promo,general_promo,0,0.79,1.0,English,0.52
"Hey, kal dinner ke liye mil rahe? Time batao",ham,personal,0,0.92,1.0,Hinglish,0.23
विशेष ऑफर: 70% छूट,promo,general_promo,0,0.77,1.0,Hindi,0.42
"Badhai ho! Aap jeete ₹50,000. Claim: http://phish-site.com",spam,general_spam,1,0.14,0.01,Hinglish,0.95
SECURITY ALERT: Suspicious login detected. Secure account: http://phish-site.com,spam,financial_scams,1,0.09,0.02,English,0.95
क्रेडिट कार्ड पर 5% कैशबैक,promo,general_promo,0,0.7,1.0,Hindi,0.5
Your number won MacBook. Click to claim: http://phish-site.com,spam,prize_scams,1,0.1,0.18,English,0.99
Jaldi! Aapka ICICI account suspend. Verify: http://phish-site.com,spam,financial_scams,1,0.06,0.14,Hinglish,0.71
Free shipping on orders above ₹25000,promo,general_promo,0,0.74,1.0,English,0.47
Loan approved! Get ₹10000 instantly. No documents. Reply YES,spam,financial_scams,0,0.18,1.0,English,0.78
Thanks for your help with work,ham,personal,0,0.98,1.0,English,0.2
What time is your appointment?,ham,service_updates,0,0.94,1.0,English,0.27
सीमित समय: 1 खरीदो 1 मुफ्त। कोड SAVE17,promo,general_promo,0,0.68,1.0,Hindi,0.32
You are selected for ₹50000 cash prize. Call +91-8820525767,spam,prize_scams,0,0.25,1.0,English,0.87
Store se bread le aana,ham,personal,0,0.97,1.0,Hinglish,0.13
Jaldi! Aapka SBI account suspend. Verify: http://phish-site.com,spam,financial_scams,1,0.06,0.05,Hinglish,0.79
Special offer: 30% discount,promo,promotional_offers,0,0.51,1.0,Hinglish,0.34
Exclusive deal for you: 40% off,promo,general_promo,0,0.79,1.0,English,0.46
ಫ್ಲಾಶ್ ಸೇಲ್! laptop ನಲ್ಲಿ 60% ರಿಯಾಯಿತಿ. ಶಾಪಿಂಗ್: http://secure-site.com,promo,general_promo,1,0.71,0.86,Kannada,0.33
Your OTP is 144308. Do not share,ham,service_updates,0,0.9,1.0,English,0.05
कल meeting का मत भूलना। समय 3:50,ham,personal,0,0.91,1.0,Hindi,0.07
Limited time: Buy 1 Get 1 Free on electronics. Code: SAVE15,promo,general_promo,0,0.6,1.0,English,0.32
Can you pick up medicine from the store?,ham,personal,0,0.9,1.0,English,0.01
Government scheme: Get ₹5000 monthly. Send YES,spam,general_spam,0,0.06,1.0,English,0.79
Your Spotify subscription expired. Update payment: http://phish-site.com,spam,general_spam,1,0.3,0.05,English,0.98
Happy birthday! 🎉 See you tonight!,ham,personal,0,0.88,1.0,English,0.2
What time is your meeting?,ham,personal,0,0.92,1.0,English,0.13
"Hey, are we meeting for meeting today? Let me know",ham,personal,0,0.95,1.0,English,0.05
ಸ್ಟೋರ್ನಿಂದ milk ತೆಗೆದುಕೊಳ್ಳಿ,ham,personal,0,0.89,1.0,Kannada,0.14
फ्री हो तो कॉल करना,ham,personal,0,0.91,1.0,Hindi,0.23
Loan approve! ₹25000 mil raha. Documents nahi. Reply YES,spam,financial_scams,0,0.13,1.0,Hinglish,0.73
फ्लैश सेल! headphones पर 40% छूट। खरीदारी: http://secure-site.com,promo,general_promo,1,0.73,0.81,Hindi,0.37
Can you pick up bread from the store?,ham,personal,0,0.86,1.0,English,0.26
Tax refund of ₹25000 approved. Claim: http://phish-site.com,spam,general_spam,1,0.14,0.02,English,0.83
SECURITY ALERT: Suspicious login detected. Secure account: http://phish-site.com,spam,financial_scams,1,0.27,0.14,English,0.85
Get 10% cashback on credit card spends,promo,general_promo,0,0.65,1.0,English,0.46
"ಹೇ, ನಾಳೆ dinner ಗೆ ಭೇಟಿ ಮಾಡುತ್ತಿದ್ದೀರಾ? ಸಮಯ ತಿಳಿಸಿ",ham,personal,0,0.82,1.0,Kannada,0.28
"15 ನಿಮಿಷ ತಡವಾಗಿ, ಟ್ರಾಫಿಕ್ನಲ್ಲಿ",ham,personal,0,0.86,1.0,Kannada,0.13
Your Spotify subscription expired. Update payment: http://phish-site.com,spam,general_spam,1,0.16,0.11,English,0.98
Package will be delivered today between 8-1,ham,personal,0,0.94,1.0,English,0.23
Seasonal sale: Prices slashed by 60%,promo,promotional_offers,0,0.56,1.0,English,0.54
ಸರ್ಕಾರಿ ಯೋಜನೆ: ₹50000 ಪ್ರತಿ ತಿಂಗಳು. YES ಕಳುಹಿಸಿ,spam,general_spam,0,0.29,1.0,Kannada,0.99
Working from home today,ham,personal,0,0.88,1.0,English,0.06
Working from home today,ham,personal,0,0.85,1.0,English,0.25
Limited time: Buy 1 Get 1 Free on fashion. Code: SAVE14,promo,general_promo,0,0.73,1.0,English,0.4
"CONGRATULATIONS! You won ₹50,000. Claim: http://phish-site.com",spam,prize_scams,1,0.13,0.05,English,0.77
Birthday treat: 50% off for you!,promo,general_promo,0,0.65,1.0,English,0.53
"Running 28 minutes late, stuck in traffic",ham,personal,0,0.86,1.0,English,0.2
चेतावनी: आपके खाते में संदिग्ध गतिविधि। कॉल +91-9955329453,spam,general_spam,0,0.26,1.0,Hindi,0.73
Jaldi! Aapka ICICI account suspend. Verify: http://phish-site.com,spam,financial_scams,1,0.12,0.13,Hinglish,0.84
Birthday treat: 30% off for you!,promo,general_promo,0,0.66,1.0,English,0.42
Doctor appointment confirmed for 4:51,ham,service_updates,0,0.83,1.0,English,0.15
Happy birthday! 🎉 See you tonight!,ham,personal,0,0.88,1.0,English,0.19
Doctor appointment confirmed for 11:32,ham,service_updates,0,0.97,1.0,English,0.11
"Running 43 minutes late, stuck in traffic",ham,personal,0,0.96,1.0,English,0.07
स्टोर से medicine ले आना,ham,personal,0,0.94,1.0,Hindi,0.22
Your package delivery failed. Confirm address: http://phish-site.com,spam,general_spam,1,0.18,0.02,English,0.87
Sarkari yojana: ₹10000 har mahine. YES bhejo,spam,general_spam,0,0.15,1.0,Hinglish,0.76
Clearance sale: Limited stock available,promo,promotional_offers,0,0.67,1.0,English,0.46
ಲೋನ್ ಅನುಮೋದಿತ! ₹10000 ಸಿಗುತ್ತಿದೆ. ಯಾವುದೇ ದಾಖಲೆಗಳಿಲ್ಲ. YES ಉತ್ತರಿಸಿ,spam,general_spam,0,0.06,1.0,Kannada,0.91
कल lunch का मत भूलना। समय 10:47,ham,personal,0,0.86,1.0,Hindi,0.26
Can you pick up medicine from the store?,ham,personal,0,0.87,1.0,English,0.19
Sarkari yojana: ₹10000 har mahine. YES bhejo,spam,general_spam,0,0.22,1.0,Hinglish,0.93
"Hey, are we meeting for lunch today? Let me know",ham,personal,0,0.9,1.0,English,0.14
Your number won car. Click to claim: http://phish-site.com,spam,prize_scams,1,0.11,0.19,English,0.96
ವಿಶೇಷ ಆಫರ್: 50% ರಿಯಾಯಿತಿ,promo,general_promo,0,0.57,1.0,Kannada,0.33
Sarkari yojana: ₹25000 har mahine. YES bhejo,spam,general_spam,0,0.1,1.0,Hinglish,0.8
Your OTP is 463966. Do not share,ham,service_updates,0,0.94,1.0,English,0.13
ಸರ್ಕಾರಿ ಯೋಜನೆ: ₹25000 ಪ್ರತಿ ತಿಂಗಳು. YES ಕಳುಹಿಸಿ,spam,general_spam,0,0.17,1.0,Kannada,0.83
Your OTP is 329393. Do not share,ham,service_updates,0,0.95,1.0,English,0.29
Free ho toh call karna,ham,personal,0,0.92,1.0,Hinglish,0.28
Flash sale! smartphone par 60% off. Shopping: http://secure-site.com,promo,promotional_offers,1,0.6,0.71,Hinglish,0.45
"Your number won ₹50,000. Click to claim: http://phish-site.com",spam,prize_scams,1,0.22,0.01,English,0.88
Kal lunch ka mat bhoolna. Time 5:41,ham,personal,0,0.87,1.0,Hinglish,0.2
Special offer: 70% discount,promo,promotional_offers,0,0.6,1.0,Hinglish,0.44
Store se medicine le aana,ham,personal,0,0.89,1.0,Hinglish,0.11
Special offer: headphones at 70% discount,promo,promotional_offers,0,0.57,1.0,English,0.45
Bank error: Extra ₹50000 credited. Verify: http://phish-site.com,spam,financial_scams,1,0.2,0.13,English,0.86
"8 minute late, traffic mein",ham,personal,0,0.94,1.0,Hinglish,0.13
Bank error: Extra ₹25000 credited. Verify: http://phish-site.com,spam,financial_scams,1,0.2,0.02,English,0.96
You are selected for ₹50000 cash prize. Call +91-8302711890,spam,prize_scams,0,0.28,1.0,English,0.73
Kal lunch ka mat bhoolna. Time 3:47,ham,personal,0,0.97,1.0,Hinglish,0.06
"Hey, kal meeting ke liye mil rahe? Time batao",ham,personal,0,0.88,1.0,Hinglish,0.01
You are selected for ₹50000 cash prize. Call +91-8846620720,spam,prize_scams,0,0.05,1.0,English,0.92
New watch collection launched! Use code SAVE13,promo,general_promo,0,0.79,1.0,English,0.37
Birthday treat: 40% off for you!,promo,general_promo,0,0.57,1.0,English,0.33
Jaldi! Aapka ICICI account suspend. Verify: http://phish-site.com,spam,financial_scams,1,0.12,0.18,Hinglish,0.87
Refer a friend & get ₹25000 off,promo,general_promo,0,0.64,1.0,English,0.44
What time is your appointment?,ham,service_updates,0,0.91,1.0,English,0.04
Flash sale! laptop par 60% off. Shopping: http://secure-site.com,promo,promotional_offers,1,0.75,0.78,Hinglish,0.35
Your package delivery failed. Confirm address: http://phish-site.com,spam,general_spam,1,0.09,0.09,English,0.98
CONGRATULATIONS! You won MacBook. Claim: http://phish-site.com,spam,prize_scams,1,0.14,0.07,English,0.77
Aapka Spotify subscription jald khatam. Renew karo,promo,service_updates,0,0.61,1.0,Hinglish,0.44
सीमित समय: 1 खरीदो 1 मुफ्त। कोड SAVE38,promo,general_promo,0,0.71,1.0,Hindi,0.48
"Running 13 minutes late, stuck in traffic",ham,personal,0,0.98,1.0,English,0.17
Birthday treat: 30% off for you!,promo,general_promo,0,0.7,1.0,English,0.57
Tax refund of ₹25000 approved. Claim: http://phish-site.com,spam,general_spam,1,0.26,0.05,English,0.78
फ्लैश सेल! headphones पर 60% छूट। खरीदारी: http://secure-site.com,promo,general_promo,1,0.75,0.85,Hindi,0.43
Exclusive deal for you: 40% off,promo,general_promo,0,0.51,1.0,English,0.58
बधाई! आपने MacBook जीता। दावा करें: http://phish-site.com,spam,general_spam,1,0.03,0.11,Hindi,0.98
Loan approved! Get ₹5000 instantly. No documents. Reply YES,spam,financial_scams,0,0.23,1.0,English,0.84
विशेष ऑफर: 20% छूट,promo,general_promo,0,0.78,1.0,Hindi,0.42
Your device has virus. Download antivirus: http://phish-site.com,spam,general_spam,1,0.17,0.18,English,0.72
Member exclusive: Extra 20% off,promo,general_promo,0,0.51,1.0,English,0.33
"Running 29 minutes late, stuck in traffic",ham,personal,0,0.97,1.0,English,0.16
चेतावनी: आपके खाते में संदिग्ध गतिविधि। कॉल +91-7074162681,spam,general_spam,0,0.27,1.0,Hindi,0.93
URGENT: Your ICICI account suspended. Verify now: http://phish-site.com,spam,financial_scams,1,0.18,0.09,English,0.87
CONGRATULATIONS! You won car. Claim: http://phish-site.com,spam,prize_scams,1,0.07,0.04,English,0.75
Your device has virus. Download antivirus: http://phish-site.com,spam,general_spam,1,0.06,0.19,English,0.81
Aadhaar verification failed. Update immediately: http://phish-site.com,spam,general_spam,1,0.28,0.16,English,0.8
बधाई! आपने iPhone 15 जीता। दावा करें: http://phish-site.com,spam,general_spam,1,0.08,0.06,Hindi,0.78
ವಿಶೇಷ ಆಫರ್: 30% ರಿಯಾಯಿತಿ,promo,general_promo,0,0.75,1.0,Kannada,0.38
Credit card par 15% cashback,promo,general_promo,0,0.62,1.0,Hinglish,0.47
Doctor appointment confirmed for 1:41,ham,service_updates,0,0.82,1.0,English,0.29
Can you pick up bread from the store?,ham,personal,0,0.93,1.0,English,0.08
Did you finish the assignment?,ham,personal,0,0.85,1.0,English,0.21
Aadhaar verification failed. Update immediately: http://phish-site.com,spam,general_spam,1,0.22,0.04,English,0.94
Limited time: 1 kharido 1 free. Code SAVE18,promo,general_promo,0,0.62,1.0,Hinglish,0.42
ಉಚಿತವಾಗಿದ್ದರೆ ಕರೆ ಮಾಡಿ,ham,personal,0,0.86,1.0,Kannada,0.24
"32 मिनट लेट, ट्रैफिक में",ham,personal,0,0.82,1.0,Hindi,0.0
Your package delivery failed. Confirm address: http://phish-site.com,spam,general_spam,1,0.19,0.05,English,0.78
ಕ್ರೆಡಿಟ್ ಕಾರ್ಡ್ನಲ್ಲಿ 5% ಕ್ಯಾಶ್‌ಬ್ಯಾಕ್,promo,general_promo,0,0.5,1.0,Kannada,0.47
Alert: Aapke account mein suspicious activity. Call +91-9459213359,spam,financial_scams,0,0.26,1.0,Hinglish,0.93
Alert: Aapke account mein suspicious activity. Call +91-8673475916,spam,financial_scams,0,0.1,1.0,Hinglish,0.72
बधाई! आपने car जीता। दावा करें: http://phish-site.com,spam,general_spam,1,0.0,0.19,Hindi,0.91
Your Amazon Prime subscription expiring soon. Renew now,promo,service_updates,0,0.67,1.0,English,0.57
Seasonal sale: Prices slashed by 20%,promo,promotional_offers,0,0.68,1.0,English,0.45
Your Amazon Prime subscription expired. Update payment: http://phish-site.com,spam,general_spam,1,0.15,0.16,English,0.7
ऋण स्वीकृत! ₹25000 मिल रहा। कोई कागजात नहीं। YES जवाब दें,spam,general_spam,0,0.11,1.0,Hindi,0.77
Seasonal sale: Prices slashed by 50%,promo,promotional_offers,0,0.62,1.0,English,0.37
Bank error: Extra ₹10000 credited. Verify: http://phish-site.com,spam,financial_scams,1,0.14,0.1,English,0.72
Your package delivery failed. Confirm address: http://phish-site.com,spam,general_spam,1,0.29,0.1,English,0.75
CONGRATULATIONS! You won iPhone 15. Claim: http://phish-site.com,spam,prize_scams,1,0.26,0.02,English,1.0
Your device has virus. Download antivirus: http://phish-site.com,spam,general_spam,1,0.2,0.04,English,0.78
What time is your meeting?,ham,personal,0,0.93,1.0,English,0.09
"13 minute late, traffic mein",ham,personal,0,1.0,1.0,Hinglish,0.11
Work from home: Earn ₹50000 daily. No experience. Reply YES,spam,general_spam,0,0.22,1.0,English,0.93
Your Amazon Prime subscription expiring soon. Renew now,promo,service_updates,0,0.54,1.0,English,0.49
ತ್ವರಿತ! ನಿಮ್ಮ SBI ಖಾತೆ ನಿಲ್ಲಿಸಲಾಗಿದೆ. ಧೃಡೀಕರಿಸಿ: http://phish-site.com,spam,general_spam,1,0.23,0.04,Kannada,0.76
ಸರ್ಕಾರಿ ಯೋಜನೆ: ₹10000 ಪ್ರತಿ ತಿಂಗಳು. YES ಕಳುಹಿಸಿ,spam,general_spam,0,0.0,1.0,Kannada,0.83
ವಿಶೇಷ ಆಫರ್: 30% ರಿಯಾಯಿತಿ,promo,general_promo,0,0.72,1.0,Kannada,0.39
Doctor appointment confirmed for 3:35,ham,service_updates,0,0.96,1.0,English,0.16
सरकारी योजना: ₹25000 हर महीने। YES भेजें,spam,general_spam,0,0.24,1.0,Hindi,0.94
Your package delivery failed. Confirm address: http://phish-site.com,spam,general_spam,1,0.04,0.07,English,1.0
जल्दी! आपका SBI खाता निलंबित। सत्यापित करें: http://phish-site.com,spam,general_spam,1,0.28,0.03,Hindi,0.87
Don't forget about meeting tomorrow at 9:17,ham,personal,0,0.84,1.0,English,0.24
"Hey, kal meeting ke liye mil rahe? Time batao",ham,personal,0,0.83,1.0,Hinglish,0.11
"9 minute late, traffic mein",ham,personal,0,0.86,1.0,Hinglish,0.19
"40 मिनट लेट, ट्रैफिक में",ham,personal,0,1.0,1.0,Hindi,0.05
Package will be delivered today between 4-1,ham,personal,0,0.86,1.0,English,0.05
Sarkari yojana: ₹5000 har mahine. YES bhejo,spam,general_spam,0,0.23,1.0,Hinglish,0.85
You are selected for ₹25000 cash prize. Call +91-7924242652,spam,prize_scams,0,0.27,1.0,English,0.76
Aaj meeting kab hai?,ham,personal,0,0.83,1.0,Hinglish,0.14
सरकारी योजना: ₹5000 हर महीने। YES भेजें,spam,general_spam,0,0.27,1.0,Hindi,0.73
Kal dinner ka mat bhoolna. Time 6:06,ham,personal,0,0.91,1.0,Hinglish,0.27
"Badhai ho! Aap jeete ₹50,000. Claim: http://phish-site.com",spam,general_spam,1,0.03,0.07,Hinglish,0.9
Flash sale! watch par 40% off. Shopping: http://secure-site.com,promo,promotional_offers,1,0.63,0.77,Hinglish,0.43
Package will be delivered today between 5-10,ham,personal,0,0.96,1.0,English,0.18
FLASH SALE: 20% OFF on laptop. Shop now: http://secure-site.com,promo,promotional_offers,1,0.6,0.88,English,0.38
Doctor appointment confirmed for 7:15,ham,service_updates,0,0.9,1.0,English,0.26
ಅಭಿನಂದನೆಗಳು! ನೀವು car ಗೆದ್ದಿದ್ದೀರಿ. ಕ್ಲೈಮ್: http://phish-site.com,spam,general_spam,1,0.05,0.12,Kannada,0.86
Clearance sale: Limited stock available,promo,promotional_offers,0,0.56,1.0,English,0.55
ನಾಳೆ meeting ಮರೆಯಬೇಡಿ. ಸಮಯ 1:12,ham,personal,0,0.83,1.0,Kannada,0.03
Badhai ho! Aap jeete iPhone 15. Claim: http://phish-site.com,spam,general_spam,1,0.06,0.05,Hinglish,0.91
कल lunch का मत भूलना। समय 12:27,ham,personal,0,0.9,1.0,Hindi,0.11
Clearance sale: Limited stock available,promo,promotional_offers,0,0.75,1.0,English,0.44
Working from home today,ham,personal,0,0.85,1.0,English,0.27
"Running 11 minutes late, stuck in traffic",ham,personal,0,0.87,1.0,English,0.2
Tax refund of ₹10000 approved. Claim: http://phish-site.com,spam,general_spam,1,0.16,0.16,English,0.92
"16 minute late, traffic mein",ham,personal,0,0.97,1.0,Hinglish,0.14
Store se medicine le aana,ham,personal,0,0.91,1.0,Hinglish,0.18
बधाई! आपने iPhone 15 जीता। दावा करें: http://phish-site.com,spam,general_spam,1,0.27,0.11,Hindi,0.78
Government scheme: Get ₹5000 monthly. Send YES,spam,general_spam,0,0.28,1.0,English,0.76
Get 10% cashback on credit card spends,promo,general_promo,0,0.59,1.0,English,0.51
New smartphone collection launched! Use code SAVE19,promo,general_promo,0,0.64,1.0,English,0.54
Package will be delivered today between 12-7,ham,personal,0,0.87,1.0,English,0.03
Store se medicine le aana,ham,personal,0,0.83,1.0,Hinglish,0.07
आज meeting कब है?,ham,personal,0,0.84,1.0,Hindi,0.3
"7 मिनट लेट, ट्रैफिक में",ham,personal,0,0.87,1.0,Hindi,0.0
Did you finish the assignment?,ham,personal,0,0.9,1.0,English,0.06
ಕ್ರೆಡಿಟ್ ಕಾರ್ಡ್ನಲ್ಲಿ 10% ಕ್ಯಾಶ್‌ಬ್ಯಾಕ್,promo,general_promo,0,0.59,1.0,Kannada,0.43
Store se medicine le aana,ham,personal,0,0.82,1.0,Hinglish,0.04
ಉಚಿತವಾಗಿದ್ದರೆ ಕರೆ ಮಾಡಿ,ham,personal,0,0.98,1.0,Kannada,0.18
Your Spotify subscription expired. Update payment: http://phish-site.com,spam,general_spam,1,0.15,0.04,English,0.82
Your Spotify subscription expired. Update payment: http://phish-site.com,spam,general_spam,1,0.25,0.06,English,0.99
Refer a friend & get ₹25000 off,promo,general_promo,0,0.51,1.0,English,0.5
See you at office,ham,personal,0,0.82,1.0,English,0.1
Work from home: Earn ₹25000 daily. No experience. Reply YES,spam,general_spam,0,0.29,1.0,English,0.75
"Badhai ho! Aap jeete ₹50,000. Claim: http://phish-site.com",spam,general_spam,1,0.28,0.19,Hinglish,0.79
बधाई! आपने car जीता। दावा करें: http://phish-site.com,spam,general_spam,1,0.22,0.13,Hindi,0.83
"11 minute late, traffic mein",ham,personal,0,0.97,1.0,Hinglish,0.26
"31 minute late, traffic mein",ham,personal,0,0.87,1.0,Hinglish,0.01
सरकारी योजना: ₹10000 हर महीने। YES भेजें,spam,general_spam,0,0.12,1.0,Hindi,0.73
Special offer: 50% discount,promo,promotional_offers,0,0.51,1.0,Hinglish,0.52
Special offer: 30% discount,promo,promotional_offers,0,0.6,1.0,Hinglish,0.55
Flash sale! smartphone par 30% off. Shopping: http://secure-site.com,promo,promotional_offers,1,0.53,0.84,Hinglish,0.58
ಫ್ಲಾಶ್ ಸೇಲ್! smartphone ನಲ್ಲಿ 60% ರಿಯಾಯಿತಿ. ಶಾಪಿಂಗ್: http://secure-site.com,promo,general_promo,1,0.61,0.89,Kannada,0.57
फ्लैश सेल! smartphone पर 70% छूट। खरीदारी: http://secure-site.com,promo,general_promo,1,0.54,0.83,Hindi,0.46
Sarkari yojana: ₹50000 har mahine. YES bhejo,spam,general_spam,0,0.14,1.0,Hinglish,0.85
ವಿಶೇಷ ಆಫರ್: 60% ರಿಯಾಯಿತಿ,promo,general_promo,0,0.69,1.0,Kannada,0.33
"24 minute late, traffic mein",ham,personal,0,0.87,1.0,Hinglish,0.05
"Badhai ho! Aap jeete ₹50,000. Claim: http://phish-site.com",spam,general_spam,1,0.21,0.06,Hinglish,0.76
Credit card par 5% cashback,promo,general_promo,0,0.7,1.0,Hinglish,0.54
Free shipping on orders above ₹25000,promo,general_promo,0,0.62,1.0,English,0.33
CONGRATULATIONS! You won MacBook. Claim: http://phish-site.com,spam,prize_scams,1,0.28,0.14,English,0.9
Get 10% cashback on credit card spends,promo,general_promo,0,0.75,1.0,English,0.48
Can you pick up milk from the store?,ham,personal,0,0.89,1.0,English,0.27
"14 minute late, traffic mein",ham,personal,0,0.84,1.0,Hinglish,0.03
Working from home today,ham,personal,0,0.9,1.0,English,0.29
Call me when you're free,ham,personal,0,0.89,1.0,English,0.25
Jaldi! Aapka HDFC account suspend. Verify: http://phish-site.com,spam,financial_scams,1,0.12,0.06,Hinglish,0.93
Get 10% cashback on credit card spends,promo,general_promo,0,0.8,1.0,English,0.59
SECURITY ALERT: Suspicious login detected. Secure account: http://phish-site.com,spam,financial_scams,1,0.17,0.03,English,0.98
ಸ್ಟೋರ್ನಿಂದ bread ತೆಗೆದುಕೊಳ್ಳಿ,ham,personal,0,0.88,1.0,Kannada,0.27
"Running 44 minutes late, stuck in traffic",ham,personal,0,0.86,1.0,English,0.04
फ्लैश सेल! laptop पर 60% छूट। खरीदारी: http://secure-site.com,promo,general_promo,1,0.77,0.8,Hindi,0.54
Doctor appointment confirmed for 12:56,ham,service_updates,0,0.8,1.0,English,0.07
Loan approve! ₹10000 mil raha. Documents nahi. Reply YES,spam,financial_scams,0,0.27,1.0,Hinglish,0.81
"Running 40 minutes late, stuck in traffic",ham,personal,0,0.94,1.0,English,0.06
Aapka Spotify subscription jald khatam. Renew karo,promo,service_updates,0,0.7,1.0,Hinglish,0.49
"Running 29 minutes late, stuck in traffic",ham,personal,0,0.94,1.0,English,0.15
ಸರ್ಕಾರಿ ಯೋಜನೆ: ₹10000 ಪ್ರತಿ ತಿಂಗಳು. YES ಕಳುಹಿಸಿ,spam,general_spam,0,0.29,1.0,Kannada,0.85
Store se milk le aana,ham,personal,0,0.84,1.0,Hinglish,0.08
See you at office,ham,personal,0,0.87,1.0,English,0.02
Your Amazon Prime subscription expiring soon. Renew now,promo,service_updates,0,0.57,1.0,English,0.34
Did you finish the presentation?,ham,personal,0,0.84,1.0,English,0.2
Working from home today,ham,personal,0,0.99,1.0,English,0.02
Thanks for your help with work,ham,personal,0,0.88,1.0,English,0.09
जल्दी! आपका Axis खाता निलंबित। सत्यापित करें: http://phish-site.com,spam,general_spam,1,0.2,0.14,Hindi,0.85
कल lunch का मत भूलना। समय 5:50,ham,personal,0,0.83,1.0,Hindi,0.29
Doctor appointment confirmed for 1:00,ham,service_updates,0,0.98,1.0,English,0.03
Alert: Aapke account mein suspicious activity. Call +91-7522961282,spam,financial_scams,0,0.06,1.0,Hinglish,0.9
FLASH SALE: 30% OFF on watch. Shop now: http://secure-site.com,promo,promotional_offers,1,0.53,0.88,English,0.38
Free ho toh call karna,ham,personal,0,0.8,1.0,Hinglish,0.22
Package will be delivered today between 12-9,ham,personal,0,0.91,1.0,English,0.21
Aapka Amazon Prime subscription jald khatam. Renew karo,promo,service_updates,0,0.7,1.0,Hinglish,0.39
ಸ್ಟೋರ್ನಿಂದ medicine ತೆಗೆದುಕೊಳ್ಳಿ,ham,personal,0,0.92,1.0,Kannada,0.28
Badhai ho! Aap jeete MacBook. Claim: http://phish-site.com,spam,general_spam,1,0.04,0.16,Hinglish,0.92
Your OTP is 456238. Do not share,ham,service_updates,0,0.87,1.0,English,0.02
Don't forget about lunch tomorrow at 5:05,ham,personal,0,0.84,1.0,English,0.2
Early access: New arrivals now live,promo,general_promo,0,0.79,1.0,English,0.56
Don't forget about meeting tomorrow at 9:23,ham,personal,0,0.98,1.0,English,0.15
Can you pick up bread from the store?,ham,personal,0,0.87,1.0,English,0.01
ಇಂದು flight ಯಾವಾಗ?,ham,personal,0,0.93,1.0,Kannada,0.19
SECURITY ALERT: Suspicious login detected. Secure account: http://phish-site.com,spam,financial_scams,1,0.07,0.04,English,0.71
Limited time: 1 kharido 1 free. Code SAVE41,promo,general_promo,0,0.78,1.0,Hinglish,0.47
विशेष ऑफर: 50% छूट,promo,general_promo,0,0.75,1.0,Hindi,0.41
See you at mall,ham,personal,0,0.81,1.0,English,0.12
"35 मिनट लेट, ट्रैफिक में",ham,personal,0,0.85,1.0,Hindi,0.15
ಉಚಿತವಾಗಿದ್ದರೆ ಕರೆ ಮಾಡಿ,ham,personal,0,0.88,1.0,Kannada,0.18
ನಾಳೆ dinner ಮರೆಯಬೇಡಿ. ಸಮಯ 12:04,ham,personal,0,0.87,1.0,Kannada,0.16
सरकारी योजना: ₹50000 हर महीने। YES भेजें,spam,general_spam,0,0.25,1.0,Hindi,0.82
Did you finish the presentation?,ham,personal,0,0.9,1.0,English,0.11
Can you pick up bread from the store?,ham,personal,0,0.96,1.0,English,0.25
Did you finish the assignment?,ham,personal,0,0.96,1.0,English,0.1
Badhai ho! Aap jeete car. Claim: http://phish-site.com,spam,general_spam,1,0.29,0.18,Hinglish,0.88
Free ho toh call karna,ham,personal,0,0.85,1.0,Hinglish,0.08
Kal dinner ka mat bhoolna. Time 2:23,ham,personal,0,0.86,1.0,Hinglish,0.19
क्रेडिट कार्ड पर 10% कैशबैक,promo,general_promo,0,0.76,1.0,Hindi,0.54
Thanks for your help with study,ham,personal,0,0.9,1.0,English,0.11
Your package delivery failed. Confirm address: http://phish-site.com,spam,general_spam,1,0.04,0.0,English,0.85
सीमित समय: 1 खरीदो 1 मुफ्त। कोड SAVE17,promo,general_promo,0,0.6,1.0,Hindi,0.58
You are selected for ₹5000 cash prize. Call +91-7687380292,spam,prize_scams,0,0.06,1.0,English,0.76
स्टोर से milk ले आना,ham,personal,0,0.93,1.0,Hindi,0.2
Your OTP is 496663. Do not share,ham,service_updates,0,0.86,1.0,English,0.17
ऋण स्वीकृत! ₹25000 मिल रहा। कोई कागजात नहीं। YES जवाब दें,spam,general_spam,0,0.29,1.0,Hindi,0.71
Doctor appointment confirmed for 3:34,ham,service_updates,0,0.89,1.0,English,0.21
Limited time: Buy 1 Get 1 Free on electronics. Code: SAVE36,promo,general_promo,0,0.76,1.0,English,0.53
Meeting rescheduled to 9:35,ham,personal,0,0.93,1.0,English,0.19
ಸರ್ಕಾರಿ ಯೋಜನೆ: ₹25000 ಪ್ರತಿ ತಿಂಗಳು. YES ಕಳುಹಿಸಿ,spam,general_spam,0,0.27,1.0,Kannada,0.93
विशेष ऑफर: 30% छूट,promo,general_promo,0,0.5,1.0,Hindi,0.39
सीमित समय: 1 खरीदो 1 मुफ्त। कोड SAVE11,promo,general_promo,0,0.57,1.0,Hindi,0.53
Seasonal sale: Prices slashed by 60%,promo,promotional_offers,0,0.52,1.0,English,0.44
Government scheme: Get ₹50000 monthly. Send YES,spam,general_spam,0,0.14,1.0,English,0.88
स्टोर से medicine ले आना,ham,personal,0,0.85,1.0,Hindi,0.28
Call me when you're free,ham,personal,0,0.95,1.0,English,0.01
स्टोर से medicine ले आना,ham,personal,0,0.97,1.0,Hindi,0.03
ತ್ವರಿತ! ನಿಮ್ಮ HDFC ಖಾತೆ ನಿಲ್ಲಿಸಲಾಗಿದೆ. ಧೃಡೀಕರಿಸಿ: http://phish-site.com,spam,general_spam,1,0.14,0.2,Kannada,0.87
Free ho toh call karna,ham,personal,0,1.0,1.0,Hinglish,0.28
Alert: Aapke account mein suspicious activity. Call +91-9683864794,spam,financial_scams,0,0.24,1.0,Hinglish,0.9
URGENT: Your Axis account suspended. Verify now: http://phish-site.com,spam,financial_scams,1,0.24,0.02,English,0.8
फ्लैश सेल! headphones पर 40% छूट। खरीदारी: http://secure-site.com,promo,general_promo,1,0.65,0.87,Hindi,0.51
What time is your flight?,ham,personal,0,0.92,1.0,English,0.21
What time is your meeting?,ham,personal,0,0.94,1.0,English,0.01
ऋण स्वीकृत! ₹25000 मिल रहा। कोई कागजात नहीं। YES जवाब दें,spam,general_spam,0,0.08,1.0,Hindi,0.95
What time is your meeting?,ham,personal,0,0.8,1.0,English,0.16
Aaj appointment kab hai?,ham,service_updates,0,0.88,1.0,Hinglish,0.09
विशेष ऑफर: 70% छूट,promo,general_promo,0,0.56,1.0,Hindi,0.39
Exclusive deal for you: 70% off,promo,general_promo,0,0.69,1.0,English,0.46
Doctor appointment confirmed for 3:12,ham,service_updates,0,0.88,1.0,English,0.06
Your Spotify subscription expiring soon. Renew now,promo,service_updates,0,0.75,1.0,English,0.58
कल dinner का मत भूलना। समय 6:52,ham,personal,0,0.95,1.0,Hindi,0.18
What time is your appointment?,ham,service_updates,0,0.84,1.0,English,0.21
Thanks for your help with work,ham,personal,0,0.85,1.0,English,0.28
SECURITY ALERT: Suspicious login detected. Secure account: http://phish-site.com,spam,financial_scams,1,0.25,0.12,English,0.71
Can you pick up milk from the store?,ham,personal,0,0.83,1.0,English,0.12
Loan approved! Get ₹5000 instantly. No documents. Reply YES,spam,financial_scams,0,0.21,1.0,English,0.88
Credit card par 15% cashback,promo,general_promo,0,0.76,1.0,Hinglish,0.43
Seasonal sale: Prices slashed by 60%,promo,promotional_offers,0,0.67,1.0,English,0.43
ವಿಶೇಷ ಆಫರ್: 60% ರಿಯಾಯಿತಿ,promo,general_promo,0,0.62,1.0,Kannada,0.43
Exclusive deal for you: 70% off,promo,general_promo,0,0.71,1.0,English,0.4
Meeting rescheduled to 10:08,ham,personal,0,0.98,1.0,English,0.25
ನಿಮ್ಮ Netflix ಚಂದಾದಾರಿಕೆ ಶೀಘ್ರದಲ್ಲೇ ಮುಗಿಯುತ್ತದೆ. ನವೀಕರಿಸಿ,promo,general_promo,0,0.52,1.0,Kannada,0.47
Package will be delivered today between 9-8,ham,personal,0,0.98,1.0,English,0.01
Your package delivery failed. Confirm address: http://phish-site.com,spam,general_spam,1,0.03,0.07,English,0.88
Call me when you're free,ham,personal,0,0.89,1.0,English,0.07
"Hey, kal lunch ke liye mil rahe? Time batao",ham,personal,0,0.97,1.0,Hinglish,0.15
Aaj meeting kab hai?,ham,personal,0,0.85,1.0,Hinglish,0.05
"Hey, kal lunch ke liye mil rahe? Time batao",ham,personal,0,0.94,1.0,Hinglish,0.03
Flash sale! headphones par 50% off. Shopping: http://secure-site.com,promo,promotional_offers,1,0.79,0.84,Hinglish,0.55
You are selected for ₹10000 cash prize. Call +91-8367978941,spam,prize_scams,0,0.11,1.0,English,0.92
चेतावनी: आपके खाते में संदिग्ध गतिविधि। कॉल +91-7121922758,spam,general_spam,0,0.28,1.0,Hindi,0.9
"7 minute late, traffic mein",ham,personal,0,0.89,1.0,Hinglish,0.19
कल dinner का मत भूलना। समय 8:43,ham,personal,0,0.97,1.0,Hindi,0.01
Free ho toh call karna,ham,personal,0,0.89,1.0,Hinglish,0.22
"43 मिनट लेट, ट्रैफिक में",ham,personal,0,0.81,1.0,Hindi,0.18
"24 minute late, traffic mein",ham,personal,0,0.93,1.0,Hinglish,0.26
Don't forget about dinner tomorrow at 6:36,ham,personal,0,0.95,1.0,English,0.21
Tax refund of ₹10000 approved. Claim: http://phish-site.com,spam,general_spam,1,0.18,0.15,English,0.95
"ಹೇ, ನಾಳೆ meeting ಗೆ ಭೇಟಿ ಮಾಡುತ್ತಿದ್ದೀರಾ? ಸಮಯ ತಿಳಿಸಿ",ham,personal,0,0.97,1.0,Kannada,0.05
Credit card par 5% cashback,promo,general_promo,0,0.62,1.0,Hinglish,0.39
CONGRATULATIONS! You won MacBook. Claim: http://phish-site.com,spam,prize_scams,1,0.05,0.17,English,0.92
Can you pick up milk from the store?,ham,personal,0,0.89,1.0,English,0.05
बधाई! आपने MacBook जीता। दावा करें: http://phish-site.com,spam,general_spam,1,0.08,0.04,Hindi,0.99
"ಹೇ, ನಾಳೆ meeting ಗೆ ಭೇಟಿ ಮಾಡುತ್ತಿದ್ದೀರಾ? ಸಮಯ ತಿಳಿಸಿ",ham,personal,0,0.87,1.0,Kannada,0.2
Special offer: 70% discount,promo,promotional_offers,0,0.6,1.0,Hinglish,0.55
Bank error: Extra ₹5000 credited. Verify: http://phish-site.com,spam,financial_scams,1,0.18,0.14,English,0.93
Your package delivery failed. Confirm address: http://phish-site.com,spam,general_spam,1,0.0,0.13,English,0.99
"Hey, are we meeting for lunch today? Let me know",ham,personal,0,0.97,1.0,English,0.07
ಅಭಿನಂದನೆಗಳು! ನೀವು iPhone 15 ಗೆದ್ದಿದ್ದೀರಿ. ಕ್ಲೈಮ್: http://phish-site.com,spam,general_spam,1,0.28,0.12,Kannada,0.83
बधाई! आपने MacBook जीता। दावा करें: http://phish-site.com,spam,general_spam,1,0.25,0.19,Hindi,0.78
Free ho toh call karna,ham,personal,0,0.89,1.0,Hinglish,0.14
स्टोर से medicine ले आना,ham,personal,0,0.85,1.0,Hindi,0.17
Tax refund of ₹5000 approved. Claim: http://phish-site.com,spam,general_spam,1,0.24,0.08,English,0.74
ಉಚಿತವಾಗಿದ್ದರೆ ಕರೆ ಮಾಡಿ,ham,personal,0,0.8,1.0,Kannada,0.13
Happy birthday! 🎉 See you tonight!,ham,personal,0,0.81,1.0,English,0.3
Loan approve! ₹50000 mil raha. Documents nahi. Reply YES,spam,financial_scams,0,0.06,1.0,Hinglish,0.93
Your Netflix subscription expiring soon. Renew now,promo,service_updates,0,0.6,1.0,English,0.45
Store se milk le aana,ham,personal,0,0.97,1.0,Hinglish,0.21
Aadhaar verification failed. Update immediately: http://phish-site.com,spam,general_spam,1,0.1,0.04,English,0.76
Call me when you're free,ham,personal,0,0.93,1.0,English,0.21
चेतावनी: आपके खाते में संदिग्ध गतिविधि। कॉल +91-7084198957,spam,general_spam,0,0.19,1.0,Hindi,0.9
What time is your meeting?,ham,personal,0,0.89,1.0,English,0.22
Refer a friend & get ₹50000 off,promo,general_promo,0,0.61,1.0,English,0.36
"27 ನಿಮಿಷ ತಡವಾಗಿ, ಟ್ರಾಫಿಕ್ನಲ್ಲಿ",ham,personal,0,0.93,1.0,Kannada,0.18
Loan approve! ₹25000 mil raha. Documents nahi. Reply YES,spam,financial_scams,0,0.02,1.0,Hinglish,0.94
"ಅಭಿನಂದನೆಗಳು! ನೀವು ₹50,000 ಗೆದ್ದಿದ್ದೀರಿ. ಕ್ಲೈಮ್: http://phish-site.com",spam,general_spam,1,0.2,0.19,Kannada,0.87
Limited time: Buy 1 Get 1 Free on electronics. Code: SAVE43,promo,general_promo,0,0.56,1.0,English,0.47
Loan approve! ₹5000 mil raha. Documents nahi. Reply YES,spam,financial_scams,0,0.12,1.0,Hinglish,0.94
Bank error: Extra ₹50000 credited. Verify: http://phish-site.com,spam,financial_scams,1,0.08,0.05,English,0.9
You are selected for ₹5000 cash prize. Call +91-7224426818,spam,prize_scams,0,0.1,1.0,English,0.73
Get 10% cashback on credit card spends,promo,general_promo,0,0.58,1.0,English,0.47
Bank error: Extra ₹50000 credited. Verify: http://phish-site.com,spam,financial_scams,1,0.05,0.07,English,0.75
"Hey, are we meeting for dinner today? Let me know",ham,personal,0,0.8,1.0,English,0.11
Don't forget about lunch tomorrow at 12:11,ham,personal,0,0.95,1.0,English,0.14
Loan approved! Get ₹10000 instantly. No documents. Reply YES,spam,financial_scams,0,0.16,1.0,English,0.71
बधाई! आपने MacBook जीता। दावा करें: http://phish-site.com,spam,general_spam,1,0.02,0.0,Hindi,0.84
"Your number won ₹50,000. Click to claim: http://phish-site.com",spam,prize_scams,1,0.17,0.08,English,0.94
ಎಚ್ಚರಿಕೆ: ನಿಮ್ಮ ಖಾತೆಯಲ್ಲಿ ಸಂಶಯಾಸ್ಪದ ಚಟುವಟಿಕೆ. ಕಾಲ್ +91-9667910628,spam,general_spam,0,0.19,1.0,Kannada,0.95
New smartphone collection launched! Use code SAVE39,promo,general_promo,0,0.73,1.0,English,0.36
"22 मिनट लेट, ट्रैफिक में",ham,personal,0,0.83,1.0,Hindi,0.03
Free shipping on orders above ₹50000,promo,general_promo,0,0.57,1.0,English,0.35
Sarkari yojana: ₹10000 har mahine. YES bhejo,spam,general_spam,0,0.07,1.0,Hinglish,0.83
Jaldi! Aapka HDFC account suspend. Verify: http://phish-site.com,spam,financial_scams,1,0.17,0.05,Hinglish,0.9
Loan approved! Get ₹50000 instantly. No documents. Reply YES,spam,financial_scams,0,0.03,1.0,English,0.94
Your number won MacBook. Click to claim: http://phish-site.com,spam,prize_scams,1,0.06,0.06,English,0.72
सरकारी योजना: ₹5000 हर महीने। YES भेजें,spam,general_spam,0,0.08,1.0,Hindi,0.85
New watch collection launched! Use code SAVE27,promo,general_promo,0,0.76,1.0,English,0.55
क्रेडिट कार्ड पर 10% कैशबैक,promo,general_promo,0,0.62,1.0,Hindi,0.57
Working from home today,ham,personal,0,0.94,1.0,English,0.05
Loan approve! ₹50000 mil raha. Documents nahi. Reply YES,spam,financial_scams,0,0.06,1.0,Hinglish,0.89
SECURITY ALERT: Suspicious login detected. Secure account: http://phish-site.com,spam,financial_scams,1,0.18,0.19,English,0.96
Aaj flight kab hai?,ham,personal,0,0.97,1.0,Hinglish,0.09
Store se medicine le aana,ham,personal,0,0.95,1.0,Hinglish,0.1
Early access: New arrivals now live,promo,general_promo,0,0.69,1.0,English,0.6
Working from home today,ham,personal,0,0.95,1.0,English,0.06
Limited time: 1 kharido 1 free. Code SAVE13,promo,general_promo,0,0.58,1.0,Hinglish,0.38
Bank error: Extra ₹5000 credited. Verify: http://phish-site.com,spam,financial_scams,1,0.08,0.1,English,0.87
Free ho toh call karna,ham,personal,0,0.91,1.0,Hinglish,0.13
Loan approve! ₹25000 mil raha. Documents nahi. Reply YES,spam,financial_scams,0,0.19,1.0,Hinglish,0.71
"Hey, are we meeting for lunch today? Let me know",ham,personal,0,0.89,1.0,English,0.04
Aadhaar verification failed. Update immediately: http://phish-site.com,spam,general_spam,1,0.1,0.18,English,0.82
Kal meeting ka mat bhoolna. Time 3:23,ham,personal,0,0.98,1.0,Hinglish,0.27
Early access: New arrivals now live,promo,general_promo,0,0.77,1.0,English,0.47
आज flight कब है?,ham,personal,0,0.96,1.0,Hindi,0.02
Loan approve! ₹25000 mil raha. Documents nahi. Reply YES,spam,financial_scams,0,0.23,1.0,Hinglish,0.89
ಕ್ರೆಡಿಟ್ ಕಾರ್ಡ್ನಲ್ಲಿ 10% ಕ್ಯಾಶ್‌ಬ್ಯಾಕ್,promo,general_promo,0,0.59,1.0,Kannada,0.51
फ्री हो तो कॉल करना,ham,personal,0,0.88,1.0,Hindi,0.25
Loan approve! ₹5000 mil raha. Documents nahi. Reply YES,spam,financial_scams,0,0.04,1.0,Hinglish,0.85
Aaj appointment kab hai?,ham,service_updates,0,0.85,1.0,Hinglish,0.15
Happy birthday! 🎉 See you tonight!,ham,personal,0,0.99,1.0,English,0.28
Free shipping on orders above ₹5000,promo,general_promo,0,0.8,1.0,English,0.56
"बधाई! आपने ₹50,000 जीता। दावा करें: http://phish-site.com",spam,general_spam,1,0.28,0.04,Hindi,0.75
Jaldi! Aapka ICICI account suspend. Verify: http://phish-site.com,spam,financial_scams,1,0.27,0.02,Hinglish,0.76
ನಾಳೆ dinner ಮರೆಯಬೇಡಿ. ಸಮಯ 12:52,ham,personal,0,0.97,1.0,Kannada,0.03
Aaj meeting kab hai?,ham,personal,0,0.91,1.0,Hinglish,0.04
सरकारी योजना: ₹5000 हर महीने। YES भेजें,spam,general_spam,0,0.29,1.0,Hindi,0.82
Credit card par 5% cashback,promo,general_promo,0,0.56,1.0,Hinglish,0.56
ಅಭಿನಂದನೆಗಳು! ನೀವು MacBook ಗೆದ್ದಿದ್ದೀರಿ. ಕ್ಲೈಮ್: http://phish-site.com,spam,general_spam,1,0.02,0.01,Kannada,0.98
Call me when you're free,ham,personal,0,1.0,1.0,English,0.1
SECURITY ALERT: Suspicious login detected. Secure account: http://phish-site.com,spam,financial_scams,1,0.24,0.06,English,0.79
आपका Spotify सब्सक्रिप्शन जल्द खत्म। नवीनीकरण करें,promo,general_promo,0,0.62,1.0,Hindi,0.58
Happy birthday! 🎉 See you tonight!,ham,personal,0,0.84,1.0,English,0.05
Package will be delivered today between 10-1,ham,personal,0,0.89,1.0,English,0.21
Thanks for your help with work,ham,personal,0,1.0,1.0,English,0.03
Government scheme: Get ₹5000 monthly. Send YES,spam,general_spam,0,0.29,1.0,English,0.83
Seasonal sale: Prices slashed by 70%,promo,promotional_offers,0,0.58,1.0,English,0.39
Get 5% cashback on credit card spends,promo,general_promo,0,0.79,1.0,English,0.55
Call me when you're free,ham,personal,0,0.96,1.0,English,0.21
Tax refund of ₹10000 approved. Claim: http://phish-site.com,spam,general_spam,1,0.17,0.18,English,0.87
सरकारी योजना: ₹10000 हर महीने। YES भेजें,spam,general_spam,0,0.04,1.0,Hindi,0.94
Tax refund of ₹5000 approved. Claim: http://phish-site.com,spam,general_spam,1,0.28,0.01,English,0.87
SECURITY ALERT: Suspicious login detected. Secure account: http://phish-site.com,spam,financial_scams,1,0.13,0.13,English,0.76
फ्री हो तो कॉल करना,ham,personal,0,0.93,1.0,Hindi,0.07
ಫ್ಲಾಶ್ ಸೇಲ್! watch ನಲ್ಲಿ 60% ರಿಯಾಯಿತಿ. ಶಾಪಿಂಗ್: http://secure-site.com,promo,general_promo,1,0.61,0.86,Kannada,0.39
Sarkari yojana: ₹10000 har mahine. YES bhejo,spam,general_spam,0,0.03,1.0,Hinglish,0.72
Doctor appointment confirmed for 12:09,ham,service_updates,0,0.96,1.0,English,0.2
Doctor appointment confirmed for 8:47,ham,service_updates,0,0.93,1.0,English,0.08
Limited time: 1 kharido 1 free. Code SAVE43,promo,general_promo,0,0.77,1.0,Hinglish,0.3
Sarkari yojana: ₹10000 har mahine. YES bhejo,spam,general_spam,0,0.29,1.0,Hinglish,0.74
Limited time: 1 kharido 1 free. Code SAVE47,promo,general_promo,0,0.51,1.0,Hinglish,0.41
"45 minute late, traffic mein",ham,personal,0,1.0,1.0,Hinglish,0.03
Store se medicine le aana,ham,personal,0,0.94,1.0,Hinglish,0.2
Your device has virus. Download antivirus: http://phish-site.com,spam,general_spam,1,0.09,0.07,English,0.88
Free shipping on orders above ₹25000,promo,general_promo,0,0.77,1.0,English,0.54
बधाई! आपने car जीता। दावा करें: http://phish-site.com,spam,general_spam,1,0.26,0.0,Hindi,0.84
Limited time: Buy 1 Get 1 Free on electronics. Code: SAVE48,promo,general_promo,0,0.59,1.0,English,0.34
ನಾಳೆ meeting ಮರೆಯಬೇಡಿ. ಸಮಯ 4:32,ham,personal,0,0.87,1.0,Kannada,0.15
Store se medicine le aana,ham,personal,0,0.93,1.0,Hinglish,0.22
Birthday treat: 20% off for you!,promo,general_promo,0,0.73,1.0,English,0.3
"Hey, kal dinner ke liye mil rahe? Time batao",ham,personal,0,0.86,1.0,Hinglish,0.15
ತ್ವರಿತ! ನಿಮ್ಮ Axis ಖಾತೆ ನಿಲ್ಲಿಸಲಾಗಿದೆ. ಧೃಡೀಕರಿಸಿ: http://phish-site.com,spam,general_spam,1,0.29,0.1,Kannada,0.71
Loan approve! ₹5000 mil raha. Documents nahi. Reply YES,spam,financial_scams,0,0.29,1.0,Hinglish,0.89
"Hey, kal dinner ke liye mil rahe? Time batao",ham,personal,0,0.95,1.0,Hinglish,0.07
फ्री हो तो कॉल करना,ham,personal,0,0.8,1.0,Hindi,0.11
Doctor appointment confirmed for 5:17,ham,service_updates,0,0.83,1.0,English,0.11
ಫ್ಲಾಶ್ ಸೇಲ್! smartphone ನಲ್ಲಿ 20% ರಿಯಾಯಿತಿ. ಶಾಪಿಂಗ್: http://secure-site.com,promo,general_promo,1,0.51,0.7,Kannada,0.39
ಲೋನ್ ಅನುಮೋದಿತ! ₹10000 ಸಿಗುತ್ತಿದೆ. ಯಾವುದೇ ದಾಖಲೆಗಳಿಲ್ಲ. YES ಉತ್ತರಿಸಿ,spam,general_spam,0,0.07,1.0,Kannada,0.9
Tax refund of ₹50000 approved. Claim: http://phish-site.com,spam,general_spam,1,0.18,0.0,English,0.81
You are selected for ₹5000 cash prize. Call +91-8371161638,spam,prize_scams,0,0.14,1.0,English,0.96
Happy birthday! 🎉 See you tonight!,ham,personal,0,0.85,1.0,English,0.06
Exclusive deal for you: 20% off,promo,general_promo,0,0.54,1.0,English,0.43
Sarkari yojana: ₹25000 har mahine. YES bhejo,spam,general_spam,0,0.21,1.0,Hinglish,0.71
Loan approved! Get ₹5000 instantly. No documents. Reply YES,spam,financial_scams,0,0.01,1.0,English,0.93
आपका Amazon Prime सब्सक्रिप्शन जल्द खत्म। नवीनीकरण करें,promo,general_promo,0,0.52,1.0,Hindi,0.49
Aaj meeting kab hai?,ham,personal,0,0.98,1.0,Hinglish,0.09
Free shipping on orders above ₹25000,promo,general_promo,0,0.75,1.0,English,0.34
Bank error: Extra ₹50000 credited. Verify: http://phish-site.com,spam,financial_scams,1,0.23,0.15,English,0.79
Your Amazon Prime subscription expiring soon. Renew now,promo,service_updates,0,0.8,1.0,English,0.58
FLASH SALE: 60% OFF on headphones. Shop now: http://secure-site.com,promo,promotional_offers,1,0.66,0.74,English,0.5
Package will be delivered today between 9-1,ham,personal,0,0.98,1.0,English,0.06
Store se medicine le aana,ham,personal,0,0.81,1.0,Hinglish,0.01
"25 minute late, traffic mein",ham,personal,0,0.99,1.0,Hinglish,0.06
आपका Amazon Prime सब्सक्रिप्शन जल्द खत्म। नवीनीकरण करें,promo,general_promo,0,0.75,1.0,Hindi,0.35
Your Spotify subscription expiring soon. Renew now,promo,service_updates,0,0.5,1.0,English,0.42
Sarkari yojana: ₹5000 har mahine. YES bhejo,spam,general_spam,0,0.16,1.0,Hinglish,0.9
Special offer: laptop at 20% discount,promo,promotional_offers,0,0.72,1.0,English,0.46
ವಿಶೇಷ ಆಫರ್: 40% ರಿಯಾಯಿತಿ,promo,general_promo,0,0.65,1.0,Kannada,0.4
Happy birthday! 🎉 See you tonight!,ham,personal,0,0.92,1.0,English,0.21
Government scheme: Get ₹10000 monthly. Send YES,spam,general_spam,0,0.22,1.0,English,0.89
"Running 9 minutes late, stuck in traffic",ham,personal,0,0.87,1.0,English,0.11
Bank error: Extra ₹25000 credited. Verify: http://phish-site.com,spam,financial_scams,1,0.23,0.03,English,0.98
ಲೋನ್ ಅನುಮೋದಿತ! ₹25000 ಸಿಗುತ್ತಿದೆ. ಯಾವುದೇ ದಾಖಲೆಗಳಿಲ್ಲ. YES ಉತ್ತರಿಸಿ,spam,general_spam,0,0.06,1.0,Kannada,0.75
ಸ್ಟೋರ್ನಿಂದ bread ತೆಗೆದುಕೊಳ್ಳಿ,ham,personal,0,0.94,1.0,Kannada,0.15
Working from home today,ham,personal,0,0.88,1.0,English,0.15
क्रेडिट कार्ड पर 10% कैशबैक,promo,general_promo,0,0.58,1.0,Hindi,0.56
ಲೋನ್ ಅನುಮೋದಿತ! ₹25000 ಸಿಗುತ್ತಿದೆ. ಯಾವುದೇ ದಾಖಲೆಗಳಿಲ್ಲ. YES ಉತ್ತರಿಸಿ,spam,general_spam,0,0.26,1.0,Kannada,0.79
Your device has virus. Download antivirus: http://phish-site.com,spam,general_spam,1,0.14,0.03,English,0.93
Free ho toh call karna,ham,personal,0,0.9,1.0,Hinglish,0.26
Early access: New arrivals now live,promo,general_promo,0,0.75,1.0,English,0.57
"Running 43 minutes late, stuck in traffic",ham,personal,0,0.82,1.0,English,0.27
"32 minute late, traffic mein",ham,personal,0,0.94,1.0,Hinglish,0.07
सीमित समय: 1 खरीदो 1 मुफ्त। कोड SAVE28,promo,general_promo,0,0.56,1.0,Hindi,0.53
Your number won MacBook. Click to claim: http://phish-site.com,spam,prize_scams,1,0.08,0.04,English,0.85
स्टोर से milk ले आना,ham,personal,0,0.94,1.0,Hindi,0.24
Your package delivery failed. Confirm address: http://phish-site.com,spam,general_spam,1,0.04,0.12,English,0.72
Aapka Netflix subscription jald khatam. Renew karo,promo,service_updates,0,0.63,1.0,Hinglish,0.43
Member exclusive: Extra 60% off,promo,general_promo,0,0.61,1.0,English,0.45
"हे, कल lunch के लिए मिल रहे? समय बताओ",ham,personal,0,0.81,1.0,Hindi,0.09
Badhai ho! Aap jeete iPhone 15. Claim: http://phish-site.com,spam,general_spam,1,0.01,0.14,Hinglish,0.89
New laptop collection launched! Use code SAVE41,promo,general_promo,0,0.58,1.0,English,0.48
Get 10% cashback on credit card spends,promo,general_promo,0,0.61,1.0,English,0.3
Your Spotify subscription expiring soon. Renew now,promo,service_updates,0,0.7,1.0,English,0.55
Kal meeting ka mat bhoolna. Time 11:09,ham,personal,0,0.99,1.0,Hinglish,0.25
"Hey, kal lunch ke liye mil rahe? Time batao",ham,personal,0,0.99,1.0,Hinglish,0.09
Free shipping on orders above ₹25000,promo,general_promo,0,0.76,1.0,English,0.45
Early access: New arrivals now live,promo,general_promo,0,0.62,1.0,English,0.56
Birthday treat: 30% off for you!,promo,general_promo,0,0.8,1.0,English,0.41
चेतावनी: आपके खाते में संदिग्ध गतिविधि। कॉल +91-7256724256,spam,general_spam,0,0.03,1.0,Hindi,0.72
सरकारी योजना: ₹50000 हर महीने। YES भेजें,spam,general_spam,0,0.25,1.0,Hindi,0.95
Can you pick up bread from the store?,ham,personal,0,0.81,1.0,English,0.03
See you at cafe,ham,personal,0,0.98,1.0,English,0.14
Your OTP is 315038. Do not share,ham,service_updates,0,0.91,1.0,English,0.2
Special offer: 40% discount,promo,promotional_offers,0,0.55,1.0,Hinglish,0.3
"ಅಭಿನಂದನೆಗಳು! ನೀವು ₹50,000 ಗೆದ್ದಿದ್ದೀರಿ. ಕ್ಲೈಮ್: http://phish-site.com",spam,general_spam,1,0.11,0.13,Kannada,0.78
Aadhaar verification failed. Update immediately: http://phish-site.com,spam,general_spam,1,0.07,0.02,English,0.9
Credit card par 10% cashback,promo,general_promo,0,0.77,1.0,Hinglish,0.49
Refer a friend & get ₹10000 off,promo,general_promo,0,0.55,1.0,English,0.35
Limited time: 1 kharido 1 free. Code SAVE23,promo,general_promo,0,0.74,1.0,Hinglish,0.45
Loan approved! Get ₹10000 instantly. No documents. Reply YES,spam,financial_scams,0,0.29,1.0,English,0.91
New smartphone collection launched! Use code SAVE46,promo,general_promo,0,0.77,1.0,English,0.31
Loan approved! Get ₹10000 instantly. No documents. Reply YES,spam,financial_scams,0,0.13,1.0,English,0.79
क्रेडिट कार्ड पर 10% कैशबैक,promo,general_promo,0,0.69,1.0,Hindi,0.44
Free shipping on orders above ₹5000,promo,general_promo,0,0.77,1.0,English,0.33
Flash sale! watch par 70% off. Shopping: http://secure-site.com,promo,promotional_offers,1,0.65,0.88,Hinglish,0.51
"हे, कल dinner के लिए मिल रहे? समय बताओ",ham,personal,0,0.95,1.0,Hindi,0.12
ನಾಳೆ lunch ಮರೆಯಬೇಡಿ. ಸಮಯ 5:16,ham,personal,0,0.94,1.0,Kannada,0.22
"हे, कल dinner के लिए मिल रहे? समय बताओ",ham,personal,0,0.92,1.0,Hindi,0.26
Alert: Aapke account mein suspicious activity. Call +91-8312249074,spam,financial_scams,0,0.11,1.0,Hinglish,1.0
Government scheme: Get ₹5000 monthly. Send YES,spam,general_spam,0,0.09,1.0,English,0.79
ನಿಮ್ಮ Amazon Prime ಚಂದಾದಾರಿಕೆ ಶೀಘ್ರದಲ್ಲೇ ಮುಗಿಯುತ್ತದೆ. ನವೀಕರಿಸಿ,promo,general_promo,0,0.58,1.0,Kannada,0.45
बधाई! आपने MacBook जीता। दावा करें: http://phish-site.com,spam,general_spam,1,0.21,0.18,Hindi,0.83
Working from home today,ham,personal,0,0.91,1.0,English,0.1
Your package delivery failed. Confirm address: http://phish-site.com,spam,general_spam,1,0.02,0.13,English,0.91
Happy birthday! 🎉 See you tonight!,ham,personal,0,0.81,1.0,English,0.06
"Your number won ₹50,000. Click to claim: http://phish-site.com",spam,prize_scams,1,0.13,0.19,English,0.73
Government scheme: Get ₹25000 monthly. Send YES,spam,general_spam,0,0.05,1.0,English,0.71
स्टोर से bread ले आना,ham,personal,0,0.96,1.0,Hindi,0.27
Don't forget about meeting tomorrow at 7:34,ham,personal,0,0.82,1.0,English,0.18
सरकारी योजना: ₹10000 हर महीने। YES भेजें,spam,general_spam,0,0.14,1.0,Hindi,0.78
Free ho toh call karna,ham,personal,0,0.96,1.0,Hinglish,0.08
Don't forget about meeting tomorrow at 1:34,ham,personal,0,0.82,1.0,English,0.21
URGENT: Your SBI account suspended. Verify now: http://phish-site.com,spam,financial_scams,1,0.06,0.19,English,0.76
Doctor appointment confirmed for 12:18,ham,service_updates,0,0.85,1.0,English,0.28
Your device has virus. Download antivirus: http://phish-site.com,spam,general_spam,1,0.09,0.06,English,0.86
"41 minute late, traffic mein",ham,personal,0,0.96,1.0,Hinglish,0.02
SECURITY ALERT: Suspicious login detected. Secure account: http://phish-site.com,spam,financial_scams,1,0.16,0.17,English,0.79
Kal dinner ka mat bhoolna. Time 6:36,ham,personal,0,0.98,1.0,Hinglish,0.0
Sarkari yojana: ₹10000 har mahine. YES bhejo,spam,general_spam,0,0.29,1.0,Hinglish,0.82
Jaldi! Aapka HDFC account suspend. Verify: http://phish-site.com,spam,financial_scams,1,0.21,0.14,Hinglish,0.81
Flash sale! laptop par 30% off. Shopping: http://secure-site.com,promo,promotional_offers,1,0.58,0.75,Hinglish,0.4
Doctor appointment confirmed for 5:24,ham,service_updates,0,0.85,1.0,English,0.29
ಸರ್ಕಾರಿ ಯೋಜನೆ: ₹50000 ಪ್ರತಿ ತಿಂಗಳು. YES ಕಳುಹಿಸಿ,spam,general_spam,0,0.16,1.0,Kannada,0.87
"ಹೇ, ನಾಳೆ lunch ಗೆ ಭೇಟಿ ಮಾಡುತ್ತಿದ್ದೀರಾ? ಸಮಯ ತಿಳಿಸಿ",ham,personal,0,0.85,1.0,Kannada,0.26
Limited time: Buy 1 Get 1 Free on home. Code: SAVE10,promo,general_promo,0,0.64,1.0,English,0.35
Your number won MacBook. Click to claim: http://phish-site.com,spam,prize_scams,1,0.06,0.04,English,0.92
Aadhaar verification failed. Update immediately: http://phish-site.com,spam,general_spam,1,0.02,0.03,English,0.82
ನಿಮ್ಮ Amazon Prime ಚಂದಾದಾರಿಕೆ ಶೀಘ್ರದಲ್ಲೇ ಮುಗಿಯುತ್ತದೆ. ನವೀಕರಿಸಿ,promo,general_promo,0,0.64,1.0,Kannada,0.54
Credit card par 10% cashback,promo,general_promo,0,0.78,1.0,Hinglish,0.46
Did you finish the project?,ham,personal,0,0.91,1.0,English,0.26
ಸೀಮಿತ ಸಮಯ: 1 ಖರೀದಿ 1 ಉಚಿತ. ಕೋಡ್ SAVE17,promo,general_promo,0,0.76,1.0,Kannada,0.48
Get 5% cashback on credit card spends,promo,general_promo,0,0.66,1.0,English,0.57
Government scheme: Get ₹50000 monthly. Send YES,spam,general_spam,0,0.22,1.0,English,0.8
Bank error: Extra ₹5000 credited. Verify: http://phish-site.com,spam,financial_scams,1,0.0,0.13,English,0.8
Free shipping on orders above ₹25000,promo,general_promo,0,0.51,1.0,English,0.44
CONGRATULATIONS! You won car. Claim: http://phish-site.com,spam,prize_scams,1,0.02,0.07,English,0.74
CONGRATULATIONS! You won car. Claim: http://phish-site.com,spam,prize_scams,1,0.08,0.0,English,0.91
Kal lunch ka mat bhoolna. Time 5:02,ham,personal,0,0.98,1.0,Hinglish,0.02
Special offer: 40% discount,promo,promotional_offers,0,0.53,1.0,Hinglish,0.3
"Running 36 minutes late, stuck in traffic",ham,personal,0,0.82,1.0,English,0.03
Bank error: Extra ₹10000 credited. Verify: http://phish-site.com,spam,financial_scams,1,0.02,0.13,English,0.91
Your UPI will be deactivated. Verify now: http://phish-site.com,spam,phishing_scams,1,0.13,0.1,English,0.98
Did you finish the report?,ham,personal,0,0.96,1.0,English,0.08
Meeting rescheduled to 1:56,ham,personal,0,0.85,1.0,English,0.08
ವಿಶೇಷ ಆಫರ್: 70% ರಿಯಾಯಿತಿ,promo,general_promo,0,0.52,1.0,Kannada,0.49
URGENT: Your Axis account suspended. Verify now: http://phish-site.com,spam,financial_scams,1,0.08,0.04,English,0.8
Loan approve! ₹10000 mil raha. Documents nahi. Reply YES,spam,financial_scams,0,0.13,1.0,Hinglish,0.75
क्रेडिट कार्ड पर 10% कैशबैक,promo,general_promo,0,0.74,1.0,Hindi,0.55
आपका Netflix सब्सक्रिप्शन जल्द खत्म। नवीनीकरण करें,promo,general_promo,0,0.59,1.0,Hindi,0.4
URGENT: Your ICICI account suspended. Verify now: http://phish-site.com,spam,financial_scams,1,0.01,0.06,English,0.76
Flash sale! headphones par 30% off. Shopping: http://secure-site.com,promo,promotional_offers,1,0.78,0.86,Hinglish,0.43
Loan approve! ₹5000 mil raha. Documents nahi. Reply YES,spam,financial_scams,0,0.27,1.0,Hinglish,0.92
ऋण स्वीकृत! ₹10000 मिल रहा। कोई कागजात नहीं। YES जवाब दें,spam,general_spam,0,0.12,1.0,Hindi,0.74
आज meeting कब है?,ham,personal,0,0.9,1.0,Hindi,0.13
Sarkari yojana: ₹10000 har mahine. YES bhejo,spam,general_spam,0,0.05,1.0,Hinglish,0.94
"29 minute late, traffic mein",ham,personal,0,0.88,1.0,Hinglish,0.2
Can you pick up milk from the store?,ham,personal,0,0.81,1.0,English,0.24
Your package delivery failed. Confirm address: http://phish-site.com,spam,general_spam,1,0.04,0.04,English,0.91
Bank error: Extra ₹25000 credited. Verify: http://phish-site.com,spam,financial_scams,1,0.27,0.16,English,0.86
ऋण स्वीकृत! ₹25000 मिल रहा। कोई कागजात नहीं। YES जवाब दें,spam,general_spam,0,0.14,1.0,Hindi,0.92
जल्दी! आपका Axis खाता निलंबित। सत्यापित करें: http://phish-site.com,spam,general_spam,1,0.09,0.09,Hindi,0.84
FLASH SALE: 40% OFF on headphones. Shop now: http://secure-site.com,promo,promotional_offers,1,0.59,0.88,English,0.42
"Badhai ho! Aap jeete ₹50,000. Claim: http://phish-site.com",spam,general_spam,1,0.22,0.1,Hinglish,0.98
Kal meeting ka mat bhoolna. Time 11:14,ham,personal,0,0.99,1.0,Hinglish,0.17
Thanks for your help with work,ham,personal,0,0.99,1.0,English,0.3
"हे, कल dinner के लिए मिल रहे? समय बताओ",ham,personal,0,0.85,1.0,Hindi,0.12
Work from home: Earn ₹10000 daily. No experience. Reply YES,spam,general_spam,0,0.21,1.0,English,0.99
Special offer: 70% discount,promo,promotional_offers,0,0.68,1.0,Hinglish,0.4
Work from home: Earn ₹25000 daily. No experience. Reply YES,spam,general_spam,0,0.15,1.0,English,0.88
URGENT: Your SBI account suspended. Verify now: http://phish-site.com,spam,financial_scams,1,0.06,0.05,English,0.72
Bank error: Extra ₹50000 credited. Verify: http://phish-site.com,spam,financial_scams,1,0.29,0.19,English,1.0
Birthday treat: 20% off for you!,promo,general_promo,0,0.64,1.0,English,0.54
चेतावनी: आपके खाते में संदिग्ध गतिविधि। कॉल +91-9374938810,spam,general_spam,0,0.09,1.0,Hindi,0.95
Store se medicine le aana,ham,personal,0,0.89,1.0,Hinglish,0.07
Call me when you're free,ham,personal,0,0.88,1.0,English,0.27
Jaldi! Aapka HDFC account suspend. Verify: http://phish-site.com,spam,financial_scams,1,0.25,0.13,Hinglish,0.84
आज appointment कब है?,ham,service_updates,0,0.87,1.0,Hindi,0.14
Flash sale! headphones par 50% off. Shopping: http://secure-site.com,promo,promotional_offers,1,0.55,0.84,Hinglish,0.4
Your number won MacBook. Click to claim: http://phish-site.com,spam,prize_scams,1,0.07,0.13,English,0.83
What time is your appointment?,ham,service_updates,0,0.97,1.0,English,0.22
ऋण स्वीकृत! ₹5000 मिल रहा। कोई कागजात नहीं। YES जवाब दें,spam,general_spam,0,0.24,1.0,Hindi,0.93
ಸ್ಟೋರ್ನಿಂದ medicine ತೆಗೆದುಕೊಳ್ಳಿ,ham,personal,0,0.98,1.0,Kannada,0.2
Free ho toh call karna,ham,personal,0,0.93,1.0,Hinglish,0.1
फ्लैश सेल! laptop पर 50% छूट। खरीदारी: http://secure-site.com,promo,general_promo,1,0.57,0.8,Hindi,0.46
विशेष ऑफर: 60% छूट,promo,general_promo,0,0.68,1.0,Hindi,0.49
Work from home: Earn ₹10000 daily. No experience. Reply YES,spam,general_spam,0,0.03,1.0,English,0.93
Birthday treat: 30% off for you!,promo,general_promo,0,0.71,1.0,English,0.56
ನಿಮ್ಮ Spotify ಚಂದಾದಾರಿಕೆ ಶೀಘ್ರದಲ್ಲೇ ಮುಗಿಯುತ್ತದೆ. ನವೀಕರಿಸಿ,promo,general_promo,0,0.69,1.0,Kannada,0.34
Happy birthday! 🎉 See you tonight!,ham,personal,0,0.88,1.0,English,0.17
"हे, कल dinner के लिए मिल रहे? समय बताओ",ham,personal,0,0.84,1.0,Hindi,0.19
"Badhai ho! Aap jeete ₹50,000. Claim: http://phish-site.com",spam,general_spam,1,0.28,0.13,Hinglish,0.8
Free shipping on orders above ₹50000,promo,general_promo,0,0.79,1.0,English,0.35
Government scheme: Get ₹5000 monthly. Send YES,spam,general_spam,0,0.13,1.0,English,0.99
Refer a friend & get ₹25000 off,promo,general_promo,0,0.61,1.0,English,0.31
Jaldi! Aapka SBI account suspend. Verify: http://phish-site.com,spam,financial_scams,1,0.25,0.17,Hinglish,0.95
ಫ್ಲಾಶ್ ಸೇಲ್! watch ನಲ್ಲಿ 30% ರಿಯಾಯಿತಿ. ಶಾಪಿಂಗ್: http://secure-site.com,promo,general_promo,1,0.57,0.77,Kannada,0.59
Jaldi! Aapka Axis account suspend. Verify: http://phish-site.com,spam,financial_scams,1,0.21,0.16,Hinglish,0.76
Badhai ho! Aap jeete car. Claim: http://phish-site.com,spam,general_spam,1,0.02,0.01,Hinglish,0.91
Your Amazon Prime subscription expired. Update payment: http://phish-site.com,spam,general_spam,1,0.1,0.08,English,0.95
"15 ನಿಮಿಷ ತಡವಾಗಿ, ಟ್ರಾಫಿಕ್ನಲ್ಲಿ",ham,personal,0,0.8,1.0,Kannada,0.24
Loan approve! ₹50000 mil raha. Documents nahi. Reply YES,spam,financial_scams,0,0.19,1.0,Hinglish,0.81
चेतावनी: आपके खाते में संदिग्ध गतिविधि। कॉल +91-9698211415,spam,general_spam,0,0.14,1.0,Hindi,0.77
Sarkari yojana: ₹50000 har mahine. YES bhejo,spam,general_spam,0,0.17,1.0,Hinglish,0.82
"16 ನಿಮಿಷ ತಡವಾಗಿ, ಟ್ರಾಫಿಕ್ನಲ್ಲಿ",ham,personal,0,0.82,1.0,Kannada,0.19
"23 ನಿಮಿಷ ತಡವಾಗಿ, ಟ್ರಾಫಿಕ್ನಲ್ಲಿ",ham,personal,0,0.9,1.0,Kannada,0.08
Call me when you're free,ham,personal,0,0.92,1.0,English,0.29
Your device has virus. Download antivirus: http://phish-site.com,spam,general_spam,1,0.1,0.06,English,0.73
आज meeting कब है?,ham,personal,0,0.85,1.0,Hindi,0.25
ಸರ್ಕಾರಿ ಯೋಜನೆ: ₹25000 ಪ್ರತಿ ತಿಂಗಳು. YES ಕಳುಹಿಸಿ,spam,general_spam,0,0.11,1.0,Kannada,0.92
Did you finish the presentation?,ham,personal,0,0.85,1.0,English,0.19
"34 minute late, traffic mein",ham,personal,0,0.9,1.0,Hinglish,0.16
बधाई! आपने iPhone 15 जीता। दावा करें: http://phish-site.com,spam,general_spam,1,0.18,0.08,Hindi,0.96
Can you pick up medicine from the store?,ham,personal,0,0.96,1.0,English,0.28
SECURITY ALERT: Suspicious login detected. Secure account: http://phish-site.com,spam,financial_scams,1,0.23,0.03,English,0.73
बधाई! आपने iPhone 15 जीता। दावा करें: http://phish-site.com,spam,general_spam,1,0.01,0.03,Hindi,0.72
"Hey, kal dinner ke liye mil rahe? Time batao",ham,personal,0,0.86,1.0,Hinglish,0.17
सरकारी योजना: ₹50000 हर महीने। YES भेजें,spam,general_spam,0,0.09,1.0,Hindi,0.82
"Running 28 minutes late, stuck in traffic",ham,personal,0,0.97,1.0,English,0.04
"35 मिनट लेट, ट्रैफिक में",ham,personal,0,0.85,1.0,Hindi,0.09
ಅಭಿನಂದನೆಗಳು! ನೀವು MacBook ಗೆದ್ದಿದ್ದೀರಿ. ಕ್ಲೈಮ್: http://phish-site.com,spam,general_spam,1,0.29,0.15,Kannada,0.7
जल्दी! आपका HDFC खाता निलंबित। सत्यापित करें: http://phish-site.com,spam,general_spam,1,0.01,0.07,Hindi,0.91
Member exclusive: Extra 30% off,promo,general_promo,0,0.7,1.0,English,0.34
Special offer: laptop at 70% discount,promo,promotional_offers,0,0.74,1.0,English,0.5
Loan approve! ₹25000 mil raha. Documents nahi. Reply YES,spam,financial_scams,0,0.29,1.0,Hinglish,0.74
Your package delivery failed. Confirm address: http://phish-site.com,spam,general_spam,1,0.22,0.05,English,0.71
Meeting rescheduled to 4:54,ham,personal,0,0.85,1.0,English,0.06
Tax refund of ₹50000 approved. Claim: http://phish-site.com,spam,general_spam,1,0.13,0.16,English,0.82
Loan approve! ₹50000 mil raha. Documents nahi. Reply YES,spam,financial_scams,0,0.16,1.0,Hinglish,0.75
विशेष ऑफर: 50% छूट,promo,general_promo,0,0.71,1.0,Hindi,0.6
"Hey, are we meeting for meeting today? Let me know",ham,personal,0,0.86,1.0,English,0.1
What time is your meeting?,ham,personal,0,0.88,1.0,English,0.29
Aaj meeting kab hai?,ham,personal,0,0.95,1.0,Hinglish,0.2
"10 ನಿಮಿಷ ತಡವಾಗಿ, ಟ್ರಾಫಿಕ್ನಲ್ಲಿ",ham,personal,0,0.98,1.0,Kannada,0.03
Aapka Netflix subscription jald khatam. Renew karo,promo,service_updates,0,0.61,1.0,Hinglish,0.59
जल्दी! आपका HDFC खाता निलंबित। सत्यापित करें: http://phish-site.com,spam,general_spam,1,0.05,0.18,Hindi,0.92
Your package delivery failed. Confirm address: http://phish-site.com,spam,general_spam,1,0.21,0.19,English,0.81
"Hey, kal dinner ke liye mil rahe? Time batao",ham,personal,0,0.94,1.0,Hinglish,0.21
You are selected for ₹5000 cash prize. Call +91-8959550883,spam,prize_scams,0,0.04,1.0,English,0.86
"ಹೇ, ನಾಳೆ meeting ಗೆ ಭೇಟಿ ಮಾಡುತ್ತಿದ್ದೀರಾ? ಸಮಯ ತಿಳಿಸಿ",ham,personal,0,1.0,1.0,Kannada,0.01
फ्लैश सेल! watch पर 20% छूट। खरीदारी: http://secure-site.com,promo,general_promo,1,0.55,0.86,Hindi,0.56
"ಹೇ, ನಾಳೆ meeting ಗೆ ಭೇಟಿ ಮಾಡುತ್ತಿದ್ದೀರಾ? ಸಮಯ ತಿಳಿಸಿ",ham,personal,0,0.88,1.0,Kannada,0.1
Your OTP is 912377. Do not share,ham,service_updates,0,0.96,1.0,English,0.13
Sarkari yojana: ₹10000 har mahine. YES bhejo,spam,general_spam,0,0.2,1.0,Hinglish,0.91
Free ho toh call karna,ham,personal,0,0.92,1.0,Hinglish,0.12
"हे, कल meeting के लिए मिल रहे? समय बताओ",ham,personal,0,0.99,1.0,Hindi,0.05
See you at mall,ham,personal,0,0.92,1.0,English,0.11
"Hey, kal meeting ke liye mil rahe? Time batao",ham,personal,0,0.8,1.0,Hinglish,0.0
CONGRATULATIONS! You won iPhone 15. Claim: http://phish-site.com,spam,prize_scams,1,0.11,0.19,English,0.79
Meeting rescheduled to 7:24,ham,personal,0,0.93,1.0,English,0.25
Flash sale! headphones par 20% off. Shopping: http://secure-site.com,promo,promotional_offers,1,0.68,0.77,Hinglish,0.39
कल meeting का मत भूलना। समय 9:21,ham,personal,0,0.9,1.0,Hindi,0.29
Sarkari yojana: ₹5000 har mahine. YES bhejo,spam,general_spam,0,0.15,1.0,Hinglish,0.73
Your OTP is 907194. Do not share,ham,service_updates,0,0.96,1.0,English,0.22
Government scheme: Get ₹50000 monthly. Send YES,spam,general_spam,0,0.07,1.0,English,0.89
ಸರ್ಕಾರಿ ಯೋಜನೆ: ₹25000 ಪ್ರತಿ ತಿಂಗಳು. YES ಕಳುಹಿಸಿ,spam,general_spam,0,0.21,1.0,Kannada,0.73
"हे, कल dinner के लिए मिल रहे? समय बताओ",ham,personal,0,0.95,1.0,Hindi,0.03
Did you finish the report?,ham,personal,0,0.93,1.0,English,0.13
Aaj appointment kab hai?,ham,service_updates,0,0.8,1.0,Hinglish,0.18
Loan approved! Get ₹25000 instantly. No documents. Reply YES,spam,financial_scams,0,0.1,1.0,English,0.95
स्टोर से milk ले आना,ham,personal,0,0.86,1.0,Hindi,0.21
Your number won MacBook. Click to claim: http://phish-site.com,spam,prize_scams,1,0.07,0.03,English,0.92
Loan approve! ₹5000 mil raha. Documents nahi. Reply YES,spam,financial_scams,0,0.04,1.0,Hinglish,1.0
फ्री हो तो कॉल करना,ham,personal,0,0.86,1.0,Hindi,0.21
Member exclusive: Extra 50% off,promo,general_promo,0,0.55,1.0,English,0.5
Did you finish the assignment?,ham,personal,0,0.93,1.0,English,0.17
"ಹೇ, ನಾಳೆ dinner ಗೆ ಭೇಟಿ ಮಾಡುತ್ತಿದ್ದೀರಾ? ಸಮಯ ತಿಳಿಸಿ",ham,personal,0,0.89,1.0,Kannada,0.15
FLASH SALE: 30% OFF on laptop. Shop now: http://secure-site.com,promo,promotional_offers,1,0.72,0.88,English,0.53
Your number won car. Click to claim: http://phish-site.com,spam,prize_scams,1,0.28,0.13,English,0.73
ಕ್ರೆಡಿಟ್ ಕಾರ್ಡ್ನಲ್ಲಿ 15% ಕ್ಯಾಶ್‌ಬ್ಯಾಕ್,promo,general_promo,0,0.58,1.0,Kannada,0.41
ಸರ್ಕಾರಿ ಯೋಜನೆ: ₹10000 ಪ್ರತಿ ತಿಂಗಳು. YES ಕಳುಹಿಸಿ,spam,general_spam,0,0.03,1.0,Kannada,0.73
Store se milk le aana,ham,personal,0,0.83,1.0,Hinglish,0.27
"9 मिनट लेट, ट्रैफिक में",ham,personal,0,0.84,1.0,Hindi,0.11
ಲೋನ್ ಅನುಮೋದಿತ! ₹50000 ಸಿಗುತ್ತಿದೆ. ಯಾವುದೇ ದಾಖಲೆಗಳಿಲ್ಲ. YES ಉತ್ತರಿಸಿ,spam,general_spam,0,0.16,1.0,Kannada,0.91
Loan approved! Get ₹10000 instantly. No documents. Reply YES,spam,financial_scams,0,0.21,1.0,English,0.94
Birthday treat: 20% off for you!,promo,general_promo,0,0.58,1.0,English,0.5
Your OTP is 705449. Do not share,ham,service_updates,0,0.94,1.0,English,0.12
Your Netflix subscription expired. Update payment: http://phish-site.com,spam,general_spam,1,0.0,0.18,English,0.85
Your package delivery failed. Confirm address: http://phish-site.com,spam,general_spam,1,0.23,0.11,English,0.97
Birthday treat: 30% off for you!,promo,general_promo,0,0.73,1.0,English,0.56
"हे, कल dinner के लिए मिल रहे? समय बताओ",ham,personal,0,0.87,1.0,Hindi,0.27
"Running 36 minutes late, stuck in traffic",ham,personal,0,0.86,1.0,English,0.03
Get 5% cashback on credit card spends,promo,general_promo,0,0.53,1.0,English,0.56
Your device has virus. Download antivirus: http://phish-site.com,spam,general_spam,1,0.07,0.09,English,0.97
Limited time: Buy 1 Get 1 Free on electronics. Code: SAVE36,promo,general_promo,0,0.53,1.0,English,0.52
ನಿಮ್ಮ Spotify ಚಂದಾದಾರಿಕೆ ಶೀಘ್ರದಲ್ಲೇ ಮುಗಿಯುತ್ತದೆ. ನವೀಕರಿಸಿ,promo,general_promo,0,0.59,1.0,Kannada,0.44
Doctor appointment confirmed for 1:22,ham,service_updates,0,0.85,1.0,English,0.16
स्टोर से bread ले आना,ham,personal,0,0.88,1.0,Hindi,0.25
CONGRATULATIONS! You won iPhone 15. Claim: http://phish-site.com,spam,prize_scams,1,0.14,0.05,English,0.71
Happy birthday! 🎉 See you tonight!,ham,personal,0,0.97,1.0,English,0.1
What time is your meeting?,ham,personal,0,0.95,1.0,English,0.08
Jaldi! Aapka ICICI account suspend. Verify: http://phish-site.com,spam,financial_scams,1,0.17,0.16,Hinglish,0.92
Limited time: Buy 1 Get 1 Free on home. Code: SAVE36,promo,general_promo,0,0.66,1.0,English,0.33
Government scheme: Get ₹25000 monthly. Send YES,spam,general_spam,0,0.29,1.0,English,0.74
Store se medicine le aana,ham,personal,0,0.99,1.0,Hinglish,0.19
कल dinner का मत भूलना। समय 6:45,ham,personal,0,0.84,1.0,Hindi,0.19
ವಿಶೇಷ ಆಫರ್: 40% ರಿಯಾಯಿತಿ,promo,general_promo,0,0.61,1.0,Kannada,0.58
Special offer: smartphone at 30% discount,promo,promotional_offers,0,0.72,1.0,English,0.52
"Running 43 minutes late, stuck in traffic",ham,personal,0,0.98,1.0,English,0.23
Limited time: Buy 1 Get 1 Free on electronics. Code: SAVE44,promo,general_promo,0,0.53,1.0,English,0.39
Limited time: 1 kharido 1 free. Code SAVE21,promo,general_promo,0,0.77,1.0,Hinglish,0.33
ಸೀಮಿತ ಸಮಯ: 1 ಖರೀದಿ 1 ಉಚಿತ. ಕೋಡ್ SAVE15,promo,general_promo,0,0.76,1.0,Kannada,0.46
Store se bread le aana,ham,personal,0,0.96,1.0,Hinglish,0.12
"6 minute late, traffic mein",ham,personal,0,0.95,1.0,Hinglish,0.09
विशेष ऑफर: 70% छूट,promo,general_promo,0,0.78,1.0,Hindi,0.56
आज meeting कब है?,ham,personal,0,0.82,1.0,Hindi,0.22
ಲೋನ್ ಅನುಮೋದಿತ! ₹50000 ಸಿಗುತ್ತಿದೆ. ಯಾವುದೇ ದಾಖಲೆಗಳಿಲ್ಲ. YES ಉತ್ತರಿಸಿ,spam,general_spam,0,0.03,1.0,Kannada,0.93
Get 10% cashback on credit card spends,promo,general_promo,0,0.78,1.0,English,0.45
Your OTP is 175523. Do not share,ham,service_updates,0,0.83,1.0,English,0.09
Free ho toh call karna,ham,personal,0,0.81,1.0,Hinglish,0.22
Bank error: Extra ₹5000 credited. Verify: http://phish-site.com,spam,financial_scams,1,0.1,0.04,English,0.71
Can you pick up medicine from the store?,ham,personal,0,0.87,1.0,English,0.26
ಉಚಿತವಾಗಿದ್ದರೆ ಕರೆ ಮಾಡಿ,ham,personal,0,0.92,1.0,Kannada,0.07
Don't forget about dinner tomorrow at 9:38,ham,personal,0,0.83,1.0,English,0.1
Store se medicine le aana,ham,personal,0,0.85,1.0,Hinglish,0.17
"38 मिनट लेट, ट्रैफिक में",ham,personal,0,0.83,1.0,Hindi,0.11
Loan approve! ₹10000 mil raha. Documents nahi. Reply YES,spam,financial_scams,0,0.3,1.0,Hinglish,0.87
सरकारी योजना: ₹5000 हर महीने। YES भेजें,spam,general_spam,0,0.25,1.0,Hindi,0.8
Working from home today,ham,personal,0,0.88,1.0,English,0.13
Limited time: Buy 1 Get 1 Free on fashion. Code: SAVE41,promo,general_promo,0,0.52,1.0,English,0.52
Special offer: 40% discount,promo,promotional_offers,0,0.75,1.0,Hinglish,0.46
Your package delivery failed. Confirm address: http://phish-site.com,spam,general_spam,1,0.18,0.1,English,0.72
CONGRATULATIONS! You won car. Claim: http://phish-site.com,spam,prize_scams,1,0.16,0.17,English,0.74
बधाई! आपने car जीता। दावा करें: http://phish-site.com,spam,general_spam,1,0.25,0.13,Hindi,0.72
New laptop collection launched! Use code SAVE11,promo,general_promo,0,0.69,1.0,English,0.31
ತ್ವರಿತ! ನಿಮ್ಮ Axis ಖಾತೆ ನಿಲ್ಲಿಸಲಾಗಿದೆ. ಧೃಡೀಕರಿಸಿ: http://phish-site.com,spam,general_spam,1,0.15,0.09,Kannada,0.78
ಸೀಮಿತ ಸಮಯ: 1 ಖರೀದಿ 1 ಉಚಿತ. ಕೋಡ್ SAVE34,promo,general_promo,0,0.56,1.0,Kannada,0.53
Call me when you're free,ham,personal,0,0.97,1.0,English,0.1
Doctor appointment confirmed for 11:26,ham,service_updates,0,0.95,1.0,English,0.08
Your device has virus. Download antivirus: http://phish-site.com,spam,general_spam,1,0.09,0.19,English,0.77
Alert: Aapke account mein suspicious activity. Call +91-7423561068,spam,financial_scams,0,0.07,1.0,Hinglish,0.89
Jaldi! Aapka Axis account suspend. Verify: http://phish-site.com,spam,financial_scams,1,0.3,0.13,Hinglish,0.92
Your UPI will be deactivated. Verify now: http://phish-site.com,spam,phishing_scams,1,0.18,0.07,English,0.75
"बधाई! आपने ₹50,000 जीता। दावा करें: http://phish-site.com",spam,general_spam,1,0.04,0.2,Hindi,0.86
URGENT: Your SBI account suspended. Verify now: http://phish-site.com,spam,financial_scams,1,0.23,0.1,English,0.72
ನಾಳೆ dinner ಮರೆಯಬೇಡಿ. ಸಮಯ 1:26,ham,personal,0,0.93,1.0,Kannada,0.22
Your device has virus. Download antivirus: http://phish-site.com,spam,general_spam,1,0.18,0.08,English,0.75
Credit card par 5% cashback,promo,general_promo,0,0.74,1.0,Hinglish,0.56
Doctor appointment confirmed for 4:09,ham,service_updates,0,0.81,1.0,English,0.05
Credit card par 5% cashback,promo,general_promo,0,0.63,1.0,Hinglish,0.52
Your device has virus. Download antivirus: http://phish-site.com,spam,general_spam,1,0.03,0.07,English,0.83
Your Spotify subscription expired. Update payment: http://phish-site.com,spam,general_spam,1,0.18,0.16,English,0.77
Don't forget about meeting tomorrow at 7:22,ham,personal,0,0.87,1.0,English,0.01
Flash sale! watch par 50% off. Shopping: http://secure-site.com,promo,promotional_offers,1,0.73,0.89,Hinglish,0.39
New headphones collection launched! Use code SAVE50,promo,general_promo,0,0.73,1.0,English,0.35
"31 minute late, traffic mein",ham,personal,0,0.9,1.0,Hinglish,0.01
विशेष ऑफर: 60% छूट,promo,general_promo,0,0.65,1.0,Hindi,0.51
Sarkari yojana: ₹10000 har mahine. YES bhejo,spam,general_spam,0,0.09,1.0,Hinglish,0.88
Package will be delivered today between 9-2,ham,personal,0,0.81,1.0,English,0.24
Your UPI will be deactivated. Verify now: http://phish-site.com,spam,phishing_scams,1,0.26,0.06,English,0.83
See you at mall,ham,personal,0,0.83,1.0,English,0.04
Weekend special: Extra 70% off. Shop: http://secure-site.com,promo,general_promo,1,0.73,0.83,English,0.46
Working from home today,ham,personal,0,0.95,1.0,English,0.11
Your package delivery failed. Confirm address: http://phish-site.com,spam,general_spam,1,0.28,0.02,English,0.96
URGENT: Your ICICI account suspended. Verify now: http://phish-site.com,spam,financial_scams,1,0.1,0.03,English,0.71
"Running 39 minutes late, stuck in traffic",ham,personal,0,0.88,1.0,English,0.18
ಸ್ಟೋರ್ನಿಂದ medicine ತೆಗೆದುಕೊಳ್ಳಿ,ham,personal,0,0.99,1.0,Kannada,0.24
Your number won MacBook. Click to claim: http://phish-site.com,spam,prize_scams,1,0.11,0.06,English,0.73
Sarkari yojana: ₹25000 har mahine. YES bhejo,spam,general_spam,0,0.1,1.0,Hinglish,0.93
ऋण स्वीकृत! ₹50000 मिल रहा। कोई कागजात नहीं। YES जवाब दें,spam,general_spam,0,0.2,1.0,Hindi,0.92
Limited time: Buy 1 Get 1 Free on home. Code: SAVE13,promo,general_promo,0,0.67,1.0,English,0.48
Weekend special: Extra 30% off. Shop: http://secure-site.com,promo,general_promo,1,0.54,0.82,English,0.46
सीमित समय: 1 खरीदो 1 मुफ्त। कोड SAVE20,promo,general_promo,0,0.62,1.0,Hindi,0.53
"Running 8 minutes late, stuck in traffic",ham,personal,0,0.91,1.0,English,0.24
"Running 29 minutes late, stuck in traffic",ham,personal,0,0.95,1.0,English,0.27
विशेष ऑफर: 30% छूट,promo,general_promo,0,0.61,1.0,Hindi,0.31
Aapka Amazon Prime subscription jald khatam. Renew karo,promo,service_updates,0,0.56,1.0,Hinglish,0.42
विशेष ऑफर: 50% छूट,promo,general_promo,0,0.77,1.0,Hindi,0.38
Don't forget about dinner tomorrow at 7:25,ham,personal,0,0.88,1.0,English,0.02
Flash sale! laptop par 30% off. Shopping: http://secure-site.com,promo,promotional_offers,1,0.5,0.74,Hinglish,0.58
Package will be delivered today between 9-6,ham,personal,0,0.91,1.0,English,0.27
Loan approved! Get ₹25000 instantly. No documents. Reply YES,spam,financial_scams,0,0.05,1.0,English,0.96
Package will be delivered today between 1-12,ham,personal,0,0.83,1.0,English,0.18
फ्लैश सेल! smartphone पर 30% छूट। खरीदारी: http://secure-site.com,promo,general_promo,1,0.6,0.88,Hindi,0.53
Loan approve! ₹50000 mil raha. Documents nahi. Reply YES,spam,financial_scams,0,0.03,1.0,Hinglish,0.79
Doctor appointment confirmed for 6:29,ham,service_updates,0,0.82,1.0,English,0.28
"45 minute late, traffic mein",ham,personal,0,0.97,1.0,Hinglish,0.06
Loan approved! Get ₹25000 instantly. No documents. Reply YES,spam,financial_scams,0,0.05,1.0,English,0.8
Special offer: 60% discount,promo,promotional_offers,0,0.59,1.0,Hinglish,0.54
स्टोर से medicine ले आना,ham,personal,0,0.95,1.0,Hindi,0.01
"बधाई! आपने ₹50,000 जीता। दावा करें: http://phish-site.com",spam,general_spam,1,0.05,0.06,Hindi,0.98
"ಹೇ, ನಾಳೆ dinner ಗೆ ಭೇಟಿ ಮಾಡುತ್ತಿದ್ದೀರಾ? ಸಮಯ ತಿಳಿಸಿ",ham,personal,0,0.97,1.0,Kannada,0.06
Jaldi! Aapka ICICI account suspend. Verify: http://phish-site.com,spam,financial_scams,1,0.0,0.01,Hinglish,0.85
Your UPI will be deactivated. Verify now: http://phish-site.com,spam,phishing_scams,1,0.04,0.16,English,0.76
Kal dinner ka mat bhoolna. Time 6:51,ham,personal,0,0.88,1.0,Hinglish,0.08
Credit card par 15% cashback,promo,general_promo,0,0.7,1.0,Hinglish,0.6
Package will be delivered today between 6-12,ham,personal,0,0.87,1.0,English,0.17
Call me when you're free,ham,personal,0,0.99,1.0,English,0.16
फ्री हो तो कॉल करना,ham,personal,0,0.88,1.0,Hindi,0.23
You are selected for ₹50000 cash prize. Call +91-9302744143,spam,prize_scams,0,0.24,1.0,English,0.93
Call me when you're free,ham,personal,0,0.82,1.0,English,0.12
क्रेडिट कार्ड पर 5% कैशबैक,promo,general_promo,0,0.61,1.0,Hindi,0.41
Early access: New arrivals now live,promo,general_promo,0,0.71,1.0,English,0.35
Flash sale! laptop par 30% off. Shopping: http://secure-site.com,promo,promotional_offers,1,0.7,0.78,Hinglish,0.59
Aaj flight kab hai?,ham,personal,0,0.97,1.0,Hinglish,0.11
सरकारी योजना: ₹5000 हर महीने। YES भेजें,spam,general_spam,0,0.06,1.0,Hindi,0.79
आज meeting कब है?,ham,personal,0,1.0,1.0,Hindi,0.16
Your UPI will be deactivated. Verify now: http://phish-site.com,spam,phishing_scams,1,0.04,0.18,English,0.76
स्टोर से milk ले आना,ham,personal,0,0.99,1.0,Hindi,0.11
क्रेडिट कार्ड पर 15% कैशबैक,promo,general_promo,0,0.73,1.0,Hindi,0.58
ಉಚಿತವಾಗಿದ್ದರೆ ಕರೆ ಮಾಡಿ,ham,personal,0,0.82,1.0,Kannada,0.2
Tax refund of ₹5000 approved. Claim: http://phish-site.com,spam,general_spam,1,0.26,0.2,English,0.92
Doctor appointment confirmed for 7:19,ham,service_updates,0,0.85,1.0,English,0.05
Aaj flight kab hai?,ham,personal,0,0.86,1.0,Hinglish,0.01
Store se bread le aana,ham,personal,0,0.84,1.0,Hinglish,0.02
"Hey, are we meeting for lunch today? Let me know",ham,personal,0,0.81,1.0,English,0.17
Can you pick up medicine from the store?,ham,personal,0,0.9,1.0,English,0.18
Your OTP is 903252. Do not share,ham,service_updates,0,0.84,1.0,English,0.1
Kal dinner ka mat bhoolna. Time 6:04,ham,personal,0,0.97,1.0,Hinglish,0.17
Limited time: 1 kharido 1 free. Code SAVE12,promo,general_promo,0,0.55,1.0,Hinglish,0.48
Aadhaar verification failed. Update immediately: http://phish-site.com,spam,general_spam,1,0.18,0.0,English,0.8
Aapka Netflix subscription jald khatam. Renew karo,promo,service_updates,0,0.67,1.0,Hinglish,0.4
ಅಭಿನಂದನೆಗಳು! ನೀವು car ಗೆದ್ದಿದ್ದೀರಿ. ಕ್ಲೈಮ್: http://phish-site.com,spam,general_spam,1,0.15,0.17,Kannada,0.93
Sarkari yojana: ₹10000 har mahine. YES bhejo,spam,general_spam,0,0.14,1.0,Hinglish,0.76
ಫ್ಲಾಶ್ ಸೇಲ್! headphones ನಲ್ಲಿ 70% ರಿಯಾಯಿತಿ. ಶಾಪಿಂಗ್: http://secure-site.com,promo,general_promo,1,0.59,0.86,Kannada,0.53
कल lunch का मत भूलना। समय 3:08,ham,personal,0,0.93,1.0,Hindi,0.17
ಕ್ರೆಡಿಟ್ ಕಾರ್ಡ್ನಲ್ಲಿ 10% ಕ್ಯಾಶ್‌ಬ್ಯಾಕ್,promo,general_promo,0,0.73,1.0,Kannada,0.55
Doctor appointment confirmed for 2:30,ham,service_updates,0,0.96,1.0,English,0.21
ಇಂದು flight ಯಾವಾಗ?,ham,personal,0,0.82,1.0,Kannada,0.18
FLASH SALE: 40% OFF on smartphone. Shop now: http://secure-site.com,promo,promotional_offers,1,0.65,0.75,English,0.36
क्रेडिट कार्ड पर 5% कैशबैक,promo,general_promo,0,0.65,1.0,Hindi,0.47
Your Spotify subscription expired. Update payment: http://phish-site.com,spam,general_spam,1,0.06,0.18,English,0.89
कल dinner का मत भूलना। समय 11:15,ham,personal,0,0.99,1.0,Hindi,0.22
CONGRATULATIONS! You won MacBook. Claim: http://phish-site.com,spam,prize_scams,1,0.17,0.12,English,0.91
फ्री हो तो कॉल करना,ham,personal,0,0.95,1.0,Hindi,0.14
फ्लैश सेल! smartphone पर 50% छूट। खरीदारी: http://secure-site.com,promo,general_promo,1,0.61,0.7,Hindi,0.37
ಕ್ರೆಡಿಟ್ ಕಾರ್ಡ್ನಲ್ಲಿ 10% ಕ್ಯಾಶ್‌ಬ್ಯಾಕ್,promo,general_promo,0,0.54,1.0,Kannada,0.53
Can you pick up medicine from the store?,ham,personal,0,1.0,1.0,English,0.12
Special offer: 60% discount,promo,promotional_offers,0,0.79,1.0,Hinglish,0.38
Sarkari yojana: ₹5000 har mahine. YES bhejo,spam,general_spam,0,0.22,1.0,Hinglish,0.97
Your OTP is 798962. Do not share,ham,service_updates,0,0.99,1.0,English,0.09
Store se milk le aana,ham,personal,0,0.82,1.0,Hinglish,0.22
Alert: Aapke account mein suspicious activity. Call +91-8969119902,spam,financial_scams,0,0.22,1.0,Hinglish,0.84
Aapka Amazon Prime subscription jald khatam. Renew karo,promo,service_updates,0,0.58,1.0,Hinglish,0.47
सीमित समय: 1 खरीदो 1 मुफ्त। कोड SAVE48,promo,general_promo,0,0.68,1.0,Hindi,0.4
Free shipping on orders above ₹10000,promo,general_promo,0,0.61,1.0,English,0.5
Kal meeting ka mat bhoolna. Time 1:25,ham,personal,0,0.99,1.0,Hinglish,0.04
Did you finish the presentation?,ham,personal,0,0.96,1.0,English,0.17
ऋण स्वीकृत! ₹25000 मिल रहा। कोई कागजात नहीं। YES जवाब दें,spam,general_spam,0,0.21,1.0,Hindi,0.94
Limited time: 1 kharido 1 free. Code SAVE31,promo,general_promo,0,0.53,1.0,Hinglish,0.53
Your Spotify subscription expired. Update payment: http://phish-site.com,spam,general_spam,1,0.04,0.12,English,0.84
Government scheme: Get ₹5000 monthly. Send YES,spam,general_spam,0,0.08,1.0,English,0.73
जल्दी! आपका ICICI खाता निलंबित। सत्यापित करें: http://phish-site.com,spam,general_spam,1,0.12,0.16,Hindi,0.77
"Your number won ₹50,000. Click to claim: http://phish-site.com",spam,prize_scams,1,0.1,0.19,English,0.94
Special offer: laptop at 40% discount,promo,promotional_offers,0,0.62,1.0,English,0.48
Free ho toh call karna,ham,personal,0,0.97,1.0,Hinglish,0.21
Working from home today,ham,personal,0,0.89,1.0,English,0.23
Aaj appointment kab hai?,ham,service_updates,0,0.82,1.0,Hinglish,0.11
ತ್ವರಿತ! ನಿಮ್ಮ SBI ಖಾತೆ ನಿಲ್ಲಿಸಲಾಗಿದೆ. ಧೃಡೀಕರಿಸಿ: http://phish-site.com,spam,general_spam,1,0.28,0.09,Kannada,0.92
Kal dinner ka mat bhoolna. Time 12:27,ham,personal,0,0.99,1.0,Hinglish,0.3
Sarkari yojana: ₹10000 har mahine. YES bhejo,spam,general_spam,0,0.2,1.0,Hinglish,0.74
Government scheme: Get ₹50000 monthly. Send YES,spam,general_spam,0,0.01,1.0,English,0.75
Your Spotify subscription expiring soon. Renew now,promo,service_updates,0,0.55,1.0,English,0.35
"29 minute late, traffic mein",ham,personal,0,0.81,1.0,Hinglish,0.09
Aadhaar verification failed. Update immediately: http://phish-site.com,spam,general_spam,1,0.12,0.03,English,0.82
फ्लैश सेल! laptop पर 50% छूट। खरीदारी: http://secure-site.com,promo,general_promo,1,0.57,0.8,Hindi,0.42
आज appointment कब है?,ham,service_updates,0,0.97,1.0,Hindi,0.2
Limited time: 1 kharido 1 free. Code SAVE17,promo,general_promo,0,0.51,1.0,Hinglish,0.32
स्टोर से milk ले आना,ham,personal,0,0.85,1.0,Hindi,0.07
Free shipping on orders above ₹10000,promo,general_promo,0,0.66,1.0,English,0.55
Call me when you're free,ham,personal,0,0.91,1.0,English,0.29
Your package delivery failed. Confirm address: http://phish-site.com,spam,general_spam,1,0.17,0.13,English,0.96
Special offer: 20% discount,promo,promotional_offers,0,0.63,1.0,Hinglish,0.32
ನಿಮ್ಮ Amazon Prime ಚಂದಾದಾರಿಕೆ ಶೀಘ್ರದಲ್ಲೇ ಮುಗಿಯುತ್ತದೆ. ನವೀಕರಿಸಿ,promo,general_promo,0,0.69,1.0,Kannada,0.4
Alert: Aapke account mein suspicious activity. Call +91-9454326207,spam,financial_scams,0,0.16,1.0,Hinglish,0.79
"ಹೇ, ನಾಳೆ dinner ಗೆ ಭೇಟಿ ಮಾಡುತ್ತಿದ್ದೀರಾ? ಸಮಯ ತಿಳಿಸಿ",ham,personal,0,0.89,1.0,Kannada,0.14
Thanks for your help with study,ham,personal,0,0.86,1.0,English,0.04
"11 minute late, traffic mein",ham,personal,0,0.95,1.0,Hinglish,0.27
Your package delivery failed. Confirm address: http://phish-site.com,spam,general_spam,1,0.06,0.06,English,0.96
Member exclusive: Extra 50% off,promo,general_promo,0,0.58,1.0,English,0.58
Kal meeting ka mat bhoolna. Time 1:44,ham,personal,0,0.87,1.0,Hinglish,0.21
Alert: Aapke account mein suspicious activity. Call +91-8262880251,spam,financial_scams,0,0.11,1.0,Hinglish,0.89
Credit card par 15% cashback,promo,general_promo,0,0.55,1.0,Hinglish,0.43
ನಿಮ್ಮ Spotify ಚಂದಾದಾರಿಕೆ ಶೀಘ್ರದಲ್ಲೇ ಮುಗಿಯುತ್ತದೆ. ನವೀಕರಿಸಿ,promo,general_promo,0,0.62,1.0,Kannada,0.46
सरकारी योजना: ₹10000 हर महीने। YES भेजें,spam,general_spam,0,0.2,1.0,Hindi,0.84
Badhai ho! Aap jeete car. Claim: http://phish-site.com,spam,general_spam,1,0.21,0.05,Hinglish,0.87
Your device has virus. Download antivirus: http://phish-site.com,spam,general_spam,1,0.24,0.03,English,0.95
You are selected for ₹10000 cash prize. Call +91-7794766020,spam,prize_scams,0,0.11,1.0,English,0.94
आज flight कब है?,ham,personal,0,0.96,1.0,Hindi,0.05
सीमित समय: 1 खरीदो 1 मुफ्त। कोड SAVE35,promo,general_promo,0,0.65,1.0,Hindi,0.38
Free shipping on orders above ₹25000,promo,general_promo,0,0.8,1.0,English,0.33
ಲೋನ್ ಅನುಮೋದಿತ! ₹50000 ಸಿಗುತ್ತಿದೆ. ಯಾವುದೇ ದಾಖಲೆಗಳಿಲ್ಲ. YES ಉತ್ತರಿಸಿ,spam,general_spam,0,0.19,1.0,Kannada,0.93
New watch collection launched! Use code SAVE25,promo,general_promo,0,0.73,1.0,English,0.58
Sarkari yojana: ₹25000 har mahine. YES bhejo,spam,general_spam,0,0.02,1.0,Hinglish,0.86
URGENT: Your ICICI account suspended. Verify now: http://phish-site.com,spam,financial_scams,1,0.11,0.12,English,1.0
Alert: Aapke account mein suspicious activity. Call +91-8794198785,spam,financial_scams,0,0.12,1.0,Hinglish,0.71
"CONGRATULATIONS! You won ₹50,000. Claim: http://phish-site.com",spam,prize_scams,1,0.11,0.16,English,0.76
ನಾಳೆ lunch ಮರೆಯಬೇಡಿ. ಸಮಯ 9:17,ham,personal,0,0.94,1.0,Kannada,0.08
Jaldi! Aapka Axis account suspend. Verify: http://phish-site.com,spam,financial_scams,1,0.25,0.18,Hinglish,0.94
Free shipping on orders above ₹50000,promo,general_promo,0,0.69,1.0,English,0.43
Happy birthday! 🎉 See you tonight!,ham,personal,0,0.83,1.0,English,0.18
ऋण स्वीकृत! ₹25000 मिल रहा। कोई कागजात नहीं। YES जवाब दें,spam,general_spam,0,0.03,1.0,Hindi,0.85
Loan approve! ₹25000 mil raha. Documents nahi. Reply YES,spam,financial_scams,0,0.14,1.0,Hinglish,0.93
SECURITY ALERT: Suspicious login detected. Secure account: http://phish-site.com,spam,financial_scams,1,0.09,0.11,English,0.76
ನಾಳೆ meeting ಮರೆಯಬೇಡಿ. ಸಮಯ 9:30,ham,personal,0,0.99,1.0,Kannada,0.17
विशेष ऑफर: 50% छूट,promo,general_promo,0,0.77,1.0,Hindi,0.39
You are selected for ₹5000 cash prize. Call +91-7535846189,spam,prize_scams,0,0.28,1.0,English,0.97
Your Amazon Prime subscription expired. Update payment: http://phish-site.com,spam,general_spam,1,0.13,0.11,English,0.73
Did you finish the assignment?,ham,personal,0,0.97,1.0,English,0.21
Weekend special: Extra 50% off. Shop: http://secure-site.com,promo,general_promo,1,0.76,0.79,English,0.48
Flash sale! watch par 50% off. Shopping: http://secure-site.com,promo,promotional_offers,1,0.57,0.87,Hinglish,0.32
Exclusive deal for you: 20% off,promo,general_promo,0,0.57,1.0,English,0.37
Flash sale! laptop par 50% off. Shopping: http://secure-site.com,promo,promotional_offers,1,0.62,0.78,Hinglish,0.59
Meeting rescheduled to 2:37,ham,personal,0,0.92,1.0,English,0.14
जल्दी! आपका Axis खाता निलंबित। सत्यापित करें: http://phish-site.com,spam,general_spam,1,0.01,0.1,Hindi,0.95
Loan approve! ₹25000 mil raha. Documents nahi. Reply YES,spam,financial_scams,0,0.22,1.0,Hinglish,0.86
Free ho toh call karna,ham,personal,0,0.95,1.0,Hinglish,0.19
"36 मिनट लेट, ट्रैफिक में",ham,personal,0,0.87,1.0,Hindi,0.01
Kal dinner ka mat bhoolna. Time 3:59,ham,personal,0,0.9,1.0,Hinglish,0.19
Your OTP is 101695. Do not share,ham,service_updates,0,0.83,1.0,English,0.24
Working from home today,ham,personal,0,0.93,1.0,English,0.28
Your OTP is 615598. Do not share,ham,service_updates,0,0.85,1.0,English,0.13
"9 मिनट लेट, ट्रैफिक में",ham,personal,0,0.95,1.0,Hindi,0.13
You are selected for ₹25000 cash prize. Call +91-8589096250,spam,prize_scams,0,0.15,1.0,English,0.85
स्टोर से milk ले आना,ham,personal,0,0.93,1.0,Hindi,0.26
SECURITY ALERT: Suspicious login detected. Secure account: http://phish-site.com,spam,financial_scams,1,0.04,0.18,English,0.77
Aadhaar verification failed. Update immediately: http://phish-site.com,spam,general_spam,1,0.07,0.1,English,0.93
Did you finish the presentation?,ham,personal,0,1.0,1.0,English,0.19
ನಿಮ್ಮ Netflix ಚಂದಾದಾರಿಕೆ ಶೀಘ್ರದಲ್ಲೇ ಮುಗಿಯುತ್ತದೆ. ನವೀಕರಿಸಿ,promo,general_promo,0,0.75,1.0,Kannada,0.35
Working from home today,ham,personal,0,0.88,1.0,English,0.22
Doctor appointment confirmed for 6:45,ham,service_updates,0,0.93,1.0,English,0.04
Alert: Aapke account mein suspicious activity. Call +91-7007051220,spam,financial_scams,0,0.06,1.0,Hinglish,0.92
Limited time: 1 kharido 1 free. Code SAVE40,promo,general_promo,0,0.54,1.0,Hinglish,0.42
आज flight कब है?,ham,personal,0,0.97,1.0,Hindi,0.21
See you at office,ham,personal,0,0.89,1.0,English,0.06
You are selected for ₹10000 cash prize. Call +91-7326385119,spam,prize_scams,0,0.15,1.0,English,0.94
चेतावनी: आपके खाते में संदिग्ध गतिविधि। कॉल +91-9356079710,spam,general_spam,0,0.0,1.0,Hindi,0.91
Your device has virus. Download antivirus: http://phish-site.com,spam,general_spam,1,0.23,0.05,English,0.75
Flash sale! headphones par 50% off. Shopping: http://secure-site.com,promo,promotional_offers,1,0.7,0.86,Hinglish,0.51
फ्लैश सेल! smartphone पर 50% छूट। खरीदारी: http://secure-site.com,promo,general_promo,1,0.75,0.87,Hindi,0.39
Loan approved! Get ₹25000 instantly. No documents. Reply YES,spam,financial_scams,0,0.19,1.0,English,0.71
Store se milk le aana,ham,personal,0,0.97,1.0,Hinglish,0.14
आज flight कब है?,ham,personal,0,0.85,1.0,Hindi,0.17
Store se medicine le aana,ham,personal,0,0.98,1.0,Hinglish,0.25
Your number won MacBook. Click to claim: http://phish-site.com,spam,prize_scams,1,0.19,0.04,English,0.87
आज meeting कब है?,ham,personal,0,0.81,1.0,Hindi,0.02
Don't forget about meeting tomorrow at 7:07,ham,personal,0,0.92,1.0,English,0.23
Happy birthday! 🎉 See you tonight!,ham,personal,0,0.91,1.0,English,0.06
"Badhai ho! Aap jeete ₹50,000. Claim: http://phish-site.com",spam,general_spam,1,0.06,0.08,Hinglish,0.84
Package will be delivered today between 5-2,ham,personal,0,0.82,1.0,English,0.2
Seasonal sale: Prices slashed by 40%,promo,promotional_offers,0,0.61,1.0,English,0.49
Doctor appointment confirmed for 3:44,ham,service_updates,0,0.91,1.0,English,0.06
जल्दी! आपका Axis खाता निलंबित। सत्यापित करें: http://phish-site.com,spam,general_spam,1,0.08,0.16,Hindi,0.92
Your OTP is 872904. Do not share,ham,service_updates,0,0.85,1.0,English,0.01
URGENT: Your ICICI account suspended. Verify now: http://phish-site.com,spam,financial_scams,1,0.28,0.12,English,0.94
"Hey, are we meeting for lunch today? Let me know",ham,personal,0,0.9,1.0,English,0.0
Badhai ho! Aap jeete car. Claim: http://phish-site.com,spam,general_spam,1,0.07,0.12,Hinglish,0.71
Exclusive deal for you: 30% off,promo,general_promo,0,0.61,1.0,English,0.51
Exclusive deal for you: 60% off,promo,general_promo,0,0.64,1.0,English,0.57
Kal dinner ka mat bhoolna. Time 3:26,ham,personal,0,0.9,1.0,Hinglish,0.25
You are selected for ₹50000 cash prize. Call +91-8345881138,spam,prize_scams,0,0.13,1.0,English,0.92
Working from home today,ham,personal,0,0.82,1.0,English,0.04
Aaj appointment kab hai?,ham,service_updates,0,0.91,1.0,Hinglish,0.28
ವಿಶೇಷ ಆಫರ್: 20% ರಿಯಾಯಿತಿ,promo,general_promo,0,0.7,1.0,Kannada,0.42
FLASH SALE: 50% OFF on laptop. Shop now: http://secure-site.com,promo,promotional_offers,1,0.62,0.81,English,0.57
Aaj meeting kab hai?,ham,personal,0,0.87,1.0,Hinglish,0.12
Meeting rescheduled to 9:40,ham,personal,0,0.88,1.0,English,0.06
Early access: New arrivals now live,promo,general_promo,0,0.52,1.0,English,0.56
ಸರ್ಕಾರಿ ಯೋಜನೆ: ₹10000 ಪ್ರತಿ ತಿಂಗಳು. YES ಕಳುಹಿಸಿ,spam,general_spam,0,0.21,1.0,Kannada,0.72
बधाई! आपने MacBook जीता। दावा करें: http://phish-site.com,spam,general_spam,1,0.19,0.05,Hindi,0.81
Early access: New arrivals now live,promo,general_promo,0,0.62,1.0,English,0.43
Credit card par 15% cashback,promo,general_promo,0,0.71,1.0,Hinglish,0.34
ऋण स्वीकृत! ₹5000 मिल रहा। कोई कागजात नहीं। YES जवाब दें,spam,general_spam,0,0.03,1.0,Hindi,0.77
Clearance sale: Limited stock available,promo,promotional_offers,0,0.57,1.0,English,0.57
Your number won iPhone 15. Click to claim: http://phish-site.com,spam,prize_scams,1,0.12,0.13,English,0.85
Your package delivery failed. Confirm address: http://phish-site.com,spam,general_spam,1,0.08,0.08,English,0.85
Work from home: Earn ₹25000 daily. No experience. Reply YES,spam,general_spam,0,0.24,1.0,English,0.9
Kal dinner ka mat bhoolna. Time 5:42,ham,personal,0,0.89,1.0,Hinglish,0.25
Member exclusive: Extra 70% off,promo,general_promo,0,0.64,1.0,English,0.58
Thanks for your help with work,ham,personal,0,0.84,1.0,English,0.14
FLASH SALE: 20% OFF on smartphone. Shop now: http://secure-site.com,promo,promotional_offers,1,0.67,0.78,English,0.42
"Hey, are we meeting for meeting today? Let me know",ham,personal,0,0.99,1.0,English,0.1
Free shipping on orders above ₹5000,promo,general_promo,0,0.52,1.0,English,0.57
What time is your flight?,ham,personal,0,0.92,1.0,English,0.06
Government scheme: Get ₹10000 monthly. Send YES,spam,general_spam,0,0.27,1.0,English,0.76
"ಹೇ, ನಾಳೆ meeting ಗೆ ಭೇಟಿ ಮಾಡುತ್ತಿದ್ದೀರಾ? ಸಮಯ ತಿಳಿಸಿ",ham,personal,0,0.86,1.0,Kannada,0.23
What time is your meeting?,ham,personal,0,1.0,1.0,English,0.16
Tax refund of ₹50000 approved. Claim: http://phish-site.com,spam,general_spam,1,0.28,0.04,English,0.99
Seasonal sale: Prices slashed by 20%,promo,promotional_offers,0,0.79,1.0,English,0.31
"Running 9 minutes late, stuck in traffic",ham,personal,0,0.82,1.0,English,0.19
Badhai ho! Aap jeete MacBook. Claim: http://phish-site.com,spam,general_spam,1,0.15,0.08,Hinglish,0.83
URGENT: Your Axis account suspended. Verify now: http://phish-site.com,spam,financial_scams,1,0.18,0.05,English,0.77
Aaj appointment kab hai?,ham,service_updates,0,0.95,1.0,Hinglish,0.27
ಇಂದು meeting ಯಾವಾಗ?,ham,personal,0,0.93,1.0,Kannada,0.22
Call me when you're free,ham,personal,0,0.84,1.0,English,0.05
ಸರ್ಕಾರಿ ಯೋಜನೆ: ₹50000 ಪ್ರತಿ ತಿಂಗಳು. YES ಕಳುಹಿಸಿ,spam,general_spam,0,0.23,1.0,Kannada,0.82
Clearance sale: Limited stock available,promo,promotional_offers,0,0.65,1.0,English,0.47
"21 minute late, traffic mein",ham,personal,0,0.97,1.0,Hinglish,0.17
Happy birthday! 🎉 See you tonight!,ham,personal,0,0.82,1.0,English,0.06
ನಾಳೆ lunch ಮರೆಯಬೇಡಿ. ಸಮಯ 7:15,ham,personal,0,0.99,1.0,Kannada,0.29
"24 minute late, traffic mein",ham,personal,0,0.83,1.0,Hinglish,0.21
ವಿಶೇಷ ಆಫರ್: 50% ರಿಯಾಯಿತಿ,promo,general_promo,0,0.79,1.0,Kannada,0.31
ಫ್ಲಾಶ್ ಸೇಲ್! laptop ನಲ್ಲಿ 50% ರಿಯಾಯಿತಿ. ಶಾಪಿಂಗ್: http://secure-site.com,promo,general_promo,1,0.78,0.89,Kannada,0.46
Credit card par 15% cashback,promo,general_promo,0,0.7,1.0,Hinglish,0.56
स्टोर से bread ले आना,ham,personal,0,0.99,1.0,Hindi,0.15
Loan approved! Get ₹25000 instantly. No documents. Reply YES,spam,financial_scams,0,0.08,1.0,English,0.75
Jaldi! Aapka Axis account suspend. Verify: http://phish-site.com,spam,financial_scams,1,0.18,0.13,Hinglish,0.74
Loan approved! Get ₹10000 instantly. No documents. Reply YES,spam,financial_scams,0,0.06,1.0,English,0.99
Tax refund of ₹50000 approved. Claim: http://phish-site.com,spam,general_spam,1,0.05,0.04,English,0.94
Aaj appointment kab hai?,ham,service_updates,0,0.84,1.0,Hinglish,0.24
Seasonal sale: Prices slashed by 20%,promo,promotional_offers,0,0.57,1.0,English,0.59
Jaldi! Aapka ICICI account suspend. Verify: http://phish-site.com,spam,financial_scams,1,0.16,0.12,Hinglish,0.79
फ्लैश सेल! headphones पर 20% छूट। खरीदारी: http://secure-site.com,promo,general_promo,1,0.6,0.71,Hindi,0.37
Can you pick up bread from the store?,ham,personal,0,0.91,1.0,English,0.27
स्टोर से medicine ले आना,ham,personal,0,0.83,1.0,Hindi,0.26
Did you finish the report?,ham,personal,0,0.92,1.0,English,0.13
Special offer: 50% discount,promo,promotional_offers,0,0.77,1.0,Hinglish,0.49
Flash sale! headphones par 60% off. Shopping: http://secure-site.com,promo,promotional_offers,1,0.69,0.82,Hinglish,0.46
कल dinner का मत भूलना। समय 11:32,ham,personal,0,0.85,1.0,Hindi,0.24
Kal meeting ka mat bhoolna. Time 10:55,ham,personal,0,0.81,1.0,Hinglish,0.21
आज meeting कब है?,ham,personal,0,0.93,1.0,Hindi,0.05
ಫ್ಲಾಶ್ ಸೇಲ್! headphones ನಲ್ಲಿ 40% ರಿಯಾಯಿತಿ. ಶಾಪಿಂಗ್: http://secure-site.com,promo,general_promo,1,0.51,0.9,Kannada,0.51
Alert: Aapke account mein suspicious activity. Call +91-7832854611,spam,financial_scams,0,0.19,1.0,Hinglish,0.84
Meeting rescheduled to 12:32,ham,personal,0,0.88,1.0,English,0.28
Limited time: Buy 1 Get 1 Free on electronics. Code: SAVE11,promo,general_promo,0,0.58,1.0,English,0.55
Sarkari yojana: ₹10000 har mahine. YES bhejo,spam,general_spam,0,0.06,1.0,Hinglish,0.92
स्टोर से milk ले आना,ham,personal,0,0.9,1.0,Hindi,0.24
Package will be delivered today between 8-4,ham,personal,0,0.98,1.0,English,0.06
Doctor appointment confirmed for 7:01,ham,service_updates,0,0.91,1.0,English,0.03
New laptop collection launched! Use code SAVE37,promo,general_promo,0,0.76,1.0,English,0.44
ಲೋನ್ ಅನುಮೋದಿತ! ₹5000 ಸಿಗುತ್ತಿದೆ. ಯಾವುದೇ ದಾಖಲೆಗಳಿಲ್ಲ. YES ಉತ್ತರಿಸಿ,spam,general_spam,0,0.29,1.0,Kannada,0.98
Store se medicine le aana,ham,personal,0,0.88,1.0,Hinglish,0.04
Free ho toh call karna,ham,personal,0,0.96,1.0,Hinglish,0.2
Your Amazon Prime subscription expiring soon. Renew now,promo,service_updates,0,0.78,1.0,English,0.32
Bank error: Extra ₹25000 credited. Verify: http://phish-site.com,spam,financial_scams,1,0.02,0.07,English,0.76
Your Spotify subscription expired. Update payment: http://phish-site.com,spam,general_spam,1,0.19,0.03,English,0.73
Your package delivery failed. Confirm address: http://phish-site.com,spam,general_spam,1,0.03,0.13,English,0.97
Badhai ho! Aap jeete MacBook. Claim: http://phish-site.com,spam,general_spam,1,0.13,0.03,Hinglish,0.91
Clearance sale: Limited stock available,promo,promotional_offers,0,0.52,1.0,English,0.32
Can you pick up medicine from the store?,ham,personal,0,0.82,1.0,English,0.05
Kal dinner ka mat bhoolna. Time 3:49,ham,personal,0,0.89,1.0,Hinglish,0.19
Can you pick up bread from the store?,ham,personal,0,0.83,1.0,English,0.21
Birthday treat: 30% off for you!,promo,general_promo,0,0.73,1.0,English,0.36
Tax refund of ₹10000 approved. Claim: http://phish-site.com,spam,general_spam,1,0.21,0.14,English,0.88
Credit card par 10% cashback,promo,general_promo,0,0.77,1.0,Hinglish,0.39
Alert: Aapke account mein suspicious activity. Call +91-9437844626,spam,financial_scams,0,0.0,1.0,Hinglish,0.73
Your UPI will be deactivated. Verify now: http://phish-site.com,spam,phishing_scams,1,0.1,0.12,English,0.74
"Badhai ho! Aap jeete ₹50,000. Claim: http://phish-site.com",spam,general_spam,1,0.01,0.18,Hinglish,0.93
ಇಂದು appointment ಯಾವಾಗ?,ham,service_updates,0,0.93,1.0,Kannada,0.06
Package will be delivered today between 10-12,ham,personal,0,1.0,1.0,English,0.27
Your number won car. Click to claim: http://phish-site.com,spam,prize_scams,1,0.15,0.12,English,0.98
Store se milk le aana,ham,personal,0,0.81,1.0,Hinglish,0.02
URGENT: Your Axis account suspended. Verify now: http://phish-site.com,spam,financial_scams,1,0.22,0.05,English,0.92
Member exclusive: Extra 40% off,promo,general_promo,0,0.8,1.0,English,0.46
Don't forget about meeting tomorrow at 1:08,ham,personal,0,0.88,1.0,English,0.16
ನಿಮ್ಮ Netflix ಚಂದಾದಾರಿಕೆ ಶೀಘ್ರದಲ್ಲೇ ಮುಗಿಯುತ್ತದೆ. ನವೀಕರಿಸಿ,promo,general_promo,0,0.73,1.0,Kannada,0.45
Aadhaar verification failed. Update immediately: http://phish-site.com,spam,general_spam,1,0.21,0.04,English,0.81
Sarkari yojana: ₹5000 har mahine. YES bhejo,spam,general_spam,0,0.28,1.0,Hinglish,0.81
स्टोर से bread ले आना,ham,personal,0,0.88,1.0,Hindi,0.21
URGENT: Your ICICI account suspended. Verify now: http://phish-site.com,spam,financial_scams,1,0.1,0.1,English,0.85
Special offer: 50% discount,promo,promotional_offers,0,0.53,1.0,Hinglish,0.6
Your Spotify subscription expiring soon. Renew now,promo,service_updates,0,0.53,1.0,English,0.52
"8 minute late, traffic mein",ham,personal,0,0.95,1.0,Hinglish,0.17
Birthday treat: 50% off for you!,promo,general_promo,0,0.67,1.0,English,0.56
"31 minute late, traffic mein",ham,personal,0,0.82,1.0,Hinglish,0.11
आज appointment कब है?,ham,service_updates,0,0.99,1.0,Hindi,0.08
Sarkari yojana: ₹10000 har mahine. YES bhejo,spam,general_spam,0,0.11,1.0,Hinglish,0.79
ಸ್ಟೋರ್ನಿಂದ milk ತೆಗೆದುಕೊಳ್ಳಿ,ham,personal,0,0.91,1.0,Kannada,0.05
कल dinner का मत भूलना। समय 3:39,ham,personal,0,0.82,1.0,Hindi,0.05
कल lunch का मत भूलना। समय 3:36,ham,personal,0,0.85,1.0,Hindi,0.04
Store se milk le aana,ham,personal,0,0.94,1.0,Hinglish,0.0
Limited time: 1 kharido 1 free. Code SAVE44,promo,general_promo,0,0.71,1.0,Hinglish,0.58
"10 minute late, traffic mein",ham,personal,0,0.84,1.0,Hinglish,0.05
Badhai ho! Aap jeete car. Claim: http://phish-site.com,spam,general_spam,1,0.29,0.08,Hinglish,0.88
Store se milk le aana,ham,personal,0,0.92,1.0,Hinglish,0.25
ಅಭಿನಂದನೆಗಳು! ನೀವು car ಗೆದ್ದಿದ್ದೀರಿ. ಕ್ಲೈಮ್: http://phish-site.com,spam,general_spam,1,0.05,0.16,Kannada,0.92
ನಾಳೆ dinner ಮರೆಯಬೇಡಿ. ಸಮಯ 10:13,ham,personal,0,0.81,1.0,Kannada,0.0
Limited time: Buy 1 Get 1 Free on electronics. Code: SAVE24,promo,general_promo,0,0.7,1.0,English,0.55
URGENT: Your Axis account suspended. Verify now: http://phish-site.com,spam,financial_scams,1,0.17,0.0,English,0.88
Call me when you're free,ham,personal,0,0.86,1.0,English,0.29
FLASH SALE: 20% OFF on headphones. Shop now: http://secure-site.com,promo,promotional_offers,1,0.59,0.73,English,0.4
Did you finish the report?,ham,personal,0,0.84,1.0,English,0.04
Meeting rescheduled to 1:35,ham,personal,0,0.94,1.0,English,0.04
फ्लैश सेल! headphones पर 20% छूट। खरीदारी: http://secure-site.com,promo,general_promo,1,0.75,0.8,Hindi,0.32
Your Netflix subscription expiring soon. Renew now,promo,service_updates,0,0.75,1.0,English,0.59
फ्लैश सेल! smartphone पर 70% छूट। खरीदारी: http://secure-site.com,promo,general_promo,1,0.72,0.76,Hindi,0.5
Birthday treat: 30% off for you!,promo,general_promo,0,0.7,1.0,English,0.33
"8 minute late, traffic mein",ham,personal,0,0.89,1.0,Hinglish,0.14
चेतावनी: आपके खाते में संदिग्ध गतिविधि। कॉल +91-7272378031,spam,general_spam,0,0.03,1.0,Hindi,0.93
Sarkari yojana: ₹5000 har mahine. YES bhejo,spam,general_spam,0,0.05,1.0,Hinglish,0.79
New watch collection launched! Use code SAVE13,promo,general_promo,0,0.6,1.0,English,0.34
Your device has virus. Download antivirus: http://phish-site.com,spam,general_spam,1,0.29,0.1,English,0.73
Can you pick up milk from the store?,ham,personal,0,0.87,1.0,English,0.06
Alert: Aapke account mein suspicious activity. Call +91-7331177019,spam,financial_scams,0,0.17,1.0,Hinglish,0.86
You are selected for ₹5000 cash prize. Call +91-7998711037,spam,prize_scams,0,0.29,1.0,English,0.88
ಲೋನ್ ಅನುಮೋದಿತ! ₹5000 ಸಿಗುತ್ತಿದೆ. ಯಾವುದೇ ದಾಖಲೆಗಳಿಲ್ಲ. YES ಉತ್ತರಿಸಿ,spam,general_spam,0,0.09,1.0,Kannada,0.92
URGENT: Your SBI account suspended. Verify now: http://phish-site.com,spam,financial_scams,1,0.27,0.12,English,0.76
"Hey, kal dinner ke liye mil rahe? Time batao",ham,personal,0,0.89,1.0,Hinglish,0.03
Thanks for your help with work,ham,personal,0,0.95,1.0,English,0.24
Happy birthday! 🎉 See you tonight!,ham,personal,0,0.87,1.0,English,0.27
Store se milk le aana,ham,personal,0,0.97,1.0,Hinglish,0.23
"18 minute late, traffic mein",ham,personal,0,0.95,1.0,Hinglish,0.12
Tax refund of ₹5000 approved. Claim: http://phish-site.com,spam,general_spam,1,0.14,0.12,English,0.9
Meeting rescheduled to 8:06,ham,personal,0,0.91,1.0,English,0.25
ಎಚ್ಚರಿಕೆ: ನಿಮ್ಮ ಖಾತೆಯಲ್ಲಿ ಸಂಶಯಾಸ್ಪದ ಚಟುವಟಿಕೆ. ಕಾಲ್ +91-7918289707,spam,general_spam,0,0.13,1.0,Kannada,0.96
ಲೋನ್ ಅನುಮೋದಿತ! ₹25000 ಸಿಗುತ್ತಿದೆ. ಯಾವುದೇ ದಾಖಲೆಗಳಿಲ್ಲ. YES ಉತ್ತರಿಸಿ,spam,general_spam,0,0.07,1.0,Kannada,0.91
Seasonal sale: Prices slashed by 50%,promo,promotional_offers,0,0.54,1.0,English,0.39
ಉಚಿತವಾಗಿದ್ದರೆ ಕರೆ ಮಾಡಿ,ham,personal,0,0.88,1.0,Kannada,0.07
Bank error: Extra ₹10000 credited. Verify: http://phish-site.com,spam,financial_scams,1,0.14,0.04,English,0.99
बधाई! आपने MacBook जीता। दावा करें: http://phish-site.com,spam,general_spam,1,0.29,0.11,Hindi,0.75
Jaldi! Aapka ICICI account suspend. Verify: http://phish-site.com,spam,financial_scams,1,0.28,0.1,Hinglish,0.76
ಸೀಮಿತ ಸಮಯ: 1 ಖರೀದಿ 1 ಉಚಿತ. ಕೋಡ್ SAVE41,promo,general_promo,0,0.64,1.0,Kannada,0.51
See you at mall,ham,personal,0,0.85,1.0,English,0.04
"ಹೇ, ನಾಳೆ dinner ಗೆ ಭೇಟಿ ಮಾಡುತ್ತಿದ್ದೀರಾ? ಸಮಯ ತಿಳಿಸಿ",ham,personal,0,0.83,1.0,Kannada,0.3
Member exclusive: Extra 30% off,promo,general_promo,0,0.52,1.0,English,0.37
"40 minute late, traffic mein",ham,personal,0,0.85,1.0,Hinglish,0.26
Your OTP is 788355. Do not share,ham,service_updates,0,0.97,1.0,English,0.1
Flash sale! headphones par 30% off. Shopping: http://secure-site.com,promo,promotional_offers,1,0.55,0.8,Hinglish,0.32
Work from home: Earn ₹25000 daily. No experience. Reply YES,spam,general_spam,0,0.09,1.0,English,0.8
Jaldi! Aapka SBI account suspend. Verify: http://phish-site.com,spam,financial_scams,1,0.08,0.18,Hinglish,0.83
Thanks for your help with study,ham,personal,0,0.93,1.0,English,0.28
"19 minute late, traffic mein",ham,personal,0,0.95,1.0,Hinglish,0.27
क्रेडिट कार्ड पर 5% कैशबैक,promo,general_promo,0,0.75,1.0,Hindi,0.59
Jaldi! Aapka SBI account suspend. Verify: http://phish-site.com,spam,financial_scams,1,0.19,0.12,Hinglish,0.72
ತ್ವರಿತ! ನಿಮ್ಮ HDFC ಖಾತೆ ನಿಲ್ಲಿಸಲಾಗಿದೆ. ಧೃಡೀಕರಿಸಿ: http://phish-site.com,spam,general_spam,1,0.13,0.05,Kannada,0.91
FLASH SALE: 50% OFF on smartphone. Shop now: http://secure-site.com,promo,promotional_offers,1,0.78,0.78,English,0.4
आपका Spotify सब्सक्रिप्शन जल्द खत्म। नवीनीकरण करें,promo,general_promo,0,0.55,1.0,Hindi,0.53
Can you pick up medicine from the store?,ham,personal,0,0.8,1.0,English,0.08
Did you finish the project?,ham,personal,0,0.89,1.0,English,0.06
Member exclusive: Extra 40% off,promo,general_promo,0,0.67,1.0,English,0.32
Special offer: 40% discount,promo,promotional_offers,0,0.69,1.0,Hinglish,0.33
"13 ನಿಮಿಷ ತಡವಾಗಿ, ಟ್ರಾಫಿಕ್ನಲ್ಲಿ",ham,personal,0,0.86,1.0,Kannada,0.29
Special offer: 50% discount,promo,promotional_offers,0,0.72,1.0,Hinglish,0.53
Call me when you're free,ham,personal,0,0.93,1.0,English,0.13
फ्लैश सेल! watch पर 70% छूट। खरीदारी: http://secure-site.com,promo,general_promo,1,0.53,0.73,Hindi,0.42
Alert: Aapke account mein suspicious activity. Call +91-9322615731,spam,financial_scams,0,0.27,1.0,Hinglish,0.96
CONGRATULATIONS! You won iPhone 15. Claim: http://phish-site.com,spam,prize_scams,1,0.26,0.14,English,0.78
Did you finish the presentation?,ham,personal,0,0.93,1.0,English,0.26
Government scheme: Get ₹10000 monthly. Send YES,spam,general_spam,0,0.0,1.0,English,0.81
Working from home today,ham,personal,0,0.98,1.0,English,0.15
Your Spotify subscription expired. Update payment: http://phish-site.com,spam,general_spam,1,0.29,0.11,English,0.88
Work from home: Earn ₹10000 daily. No experience. Reply YES,spam,general_spam,0,0.08,1.0,English,0.92
"Running 29 minutes late, stuck in traffic",ham,personal,0,0.84,1.0,English,0.01
कल lunch का मत भूलना। समय 7:11,ham,personal,0,0.85,1.0,Hindi,0.0
Don't forget about meeting tomorrow at 2:49,ham,personal,0,0.81,1.0,English,0.27
Badhai ho! Aap jeete car. Claim: http://phish-site.com,spam,general_spam,1,0.15,0.1,Hinglish,0.81
Limited time: 1 kharido 1 free. Code SAVE41,promo,general_promo,0,0.78,1.0,Hinglish,0.34
Early access: New arrivals now live,promo,general_promo,0,0.57,1.0,English,0.47
Alert: Aapke account mein suspicious activity. Call +91-8306560981,spam,financial_scams,0,0.29,1.0,Hinglish,0.7
See you at office,ham,personal,0,0.83,1.0,English,0.29
Your Amazon Prime subscription expired. Update payment: http://phish-site.com,spam,general_spam,1,0.15,0.04,English,0.97
See you at office,ham,personal,0,0.87,1.0,English,0.13
Exclusive deal for you: 20% off,promo,general_promo,0,0.77,1.0,English,0.48
Loan approve! ₹5000 mil raha. Documents nahi. Reply YES,spam,financial_scams,0,0.13,1.0,Hinglish,0.94
ಉಚಿತವಾಗಿದ್ದರೆ ಕರೆ ಮಾಡಿ,ham,personal,0,0.84,1.0,Kannada,0.06
FLASH SALE: 20% OFF on headphones. Shop now: http://secure-site.com,promo,promotional_offers,1,0.5,0.8,English,0.57
FLASH SALE: 20% OFF on headphones. Shop now: http://secure-site.com,promo,promotional_offers,1,0.62,0.75,English,0.49
Refer a friend & get ₹10000 off,promo,general_promo,0,0.53,1.0,English,0.49
"Hey, kal lunch ke liye mil rahe? Time batao",ham,personal,0,0.83,1.0,Hinglish,0.21
Loan approve! ₹10000 mil raha. Documents nahi. Reply YES,spam,financial_scams,0,0.22,1.0,Hinglish,0.92
Government scheme: Get ₹25000 monthly. Send YES,spam,general_spam,0,0.08,1.0,English,0.9
Loan approved! Get ₹10000 instantly. No documents. Reply YES,spam,financial_scams,0,0.03,1.0,English,0.8
"Hey, kal meeting ke liye mil rahe? Time batao",ham,personal,0,0.97,1.0,Hinglish,0.16
Store se milk le aana,ham,personal,0,0.92,1.0,Hinglish,0.21
Exclusive deal for you: 70% off,promo,general_promo,0,0.56,1.0,English,0.54
Seasonal sale: Prices slashed by 70%,promo,promotional_offers,0,0.69,1.0,English,0.45
ನಿಮ್ಮ Netflix ಚಂದಾದಾರಿಕೆ ಶೀಘ್ರದಲ್ಲೇ ಮುಗಿಯುತ್ತದೆ. ನವೀಕರಿಸಿ,promo,general_promo,0,0.56,1.0,Kannada,0.51
Tax refund of ₹10000 approved. Claim: http://phish-site.com,spam,general_spam,1,0.13,0.01,English,0.84
Alert: Aapke account mein suspicious activity. Call +91-8547079942,spam,financial_scams,0,0.05,1.0,Hinglish,0.71
"5 minute late, traffic mein",ham,personal,0,0.82,1.0,Hinglish,0.01
Your Spotify subscription expired. Update payment: http://phish-site.com,spam,general_spam,1,0.04,0.15,English,0.99
Special offer: 50% discount,promo,promotional_offers,0,0.54,1.0,Hinglish,0.33
Happy birthday! 🎉 See you tonight!,ham,personal,0,0.85,1.0,English,0.15
Free shipping on orders above ₹25000,promo,general_promo,0,0.68,1.0,English,0.36
Meeting rescheduled to 11:22,ham,personal,0,0.97,1.0,English,0.0
Did you finish the presentation?,ham,personal,0,0.87,1.0,English,0.08
Don't forget about dinner tomorrow at 9:09,ham,personal,0,1.0,1.0,English,0.2
Your number won car. Click to claim: http://phish-site.com,spam,prize_scams,1,0.06,0.17,English,0.76
Alert: Aapke account mein suspicious activity. Call +91-9396396424,spam,financial_scams,0,0.22,1.0,Hinglish,0.74
ऋण स्वीकृत! ₹50000 मिल रहा। कोई कागजात नहीं। YES जवाब दें,spam,general_spam,0,0.26,1.0,Hindi,0.7
ಸರ್ಕಾರಿ ಯೋಜನೆ: ₹10000 ಪ್ರತಿ ತಿಂಗಳು. YES ಕಳುಹಿಸಿ,spam,general_spam,0,0.1,1.0,Kannada,0.98
ಎಚ್ಚರಿಕೆ: ನಿಮ್ಮ ಖಾತೆಯಲ್ಲಿ ಸಂಶಯಾಸ್ಪದ ಚಟುವಟಿಕೆ. ಕಾಲ್ +91-7662411911,spam,general_spam,0,0.09,1.0,Kannada,0.72
Exclusive deal for you: 50% off,promo,general_promo,0,0.78,1.0,English,0.43
विशेष ऑफर: 40% छूट,promo,general_promo,0,0.75,1.0,Hindi,0.43
Exclusive deal for you: 20% off,promo,general_promo,0,0.52,1.0,English,0.54
Can you pick up milk from the store?,ham,personal,0,0.86,1.0,English,0.26
Your OTP is 954131. Do not share,ham,service_updates,0,0.99,1.0,English,0.06
Can you pick up medicine from the store?,ham,personal,0,0.9,1.0,English,0.12
Doctor appointment confirmed for 5:05,ham,service_updates,0,0.97,1.0,English,0.18
Special offer: 30% discount,promo,promotional_offers,0,0.58,1.0,Hinglish,0.34
"Running 30 minutes late, stuck in traffic",ham,personal,0,0.9,1.0,English,0.09
Aapka Netflix subscription jald khatam. Renew karo,promo,service_updates,0,0.65,1.0,Hinglish,0.55
Thanks for your help with study,ham,personal,0,0.94,1.0,English,0.2
Jaldi! Aapka SBI account suspend. Verify: http://phish-site.com,spam,financial_scams,1,0.09,0.07,Hinglish,0.94
ऋण स्वीकृत! ₹50000 मिल रहा। कोई कागजात नहीं। YES जवाब दें,spam,general_spam,0,0.26,1.0,Hindi,0.79
Limited time: Buy 1 Get 1 Free on fashion. Code: SAVE12,promo,general_promo,0,0.77,1.0,English,0.32
Thanks for your help with work,ham,personal,0,0.96,1.0,English,0.22
Government scheme: Get ₹50000 monthly. Send YES,spam,general_spam,0,0.09,1.0,English,0.98
आज flight कब है?,ham,personal,0,0.98,1.0,Hindi,0.17
Doctor appointment confirmed for 6:46,ham,service_updates,0,0.93,1.0,English,0.23
"Your number won ₹50,000. Click to claim: http://phish-site.com",spam,prize_scams,1,0.06,0.08,English,0.75
ಅಭಿನಂದನೆಗಳು! ನೀವು iPhone 15 ಗೆದ್ದಿದ್ದೀರಿ. ಕ್ಲೈಮ್: http://phish-site.com,spam,general_spam,1,0.01,0.13,Kannada,0.88
New laptop collection launched! Use code SAVE16,promo,general_promo,0,0.57,1.0,English,0.51
ಸ್ಟೋರ್ನಿಂದ milk ತೆಗೆದುಕೊಳ್ಳಿ,ham,personal,0,0.83,1.0,Kannada,0.21
Your number won car. Click to claim: http://phish-site.com,spam,prize_scams,1,0.01,0.15,English,0.96
Aapka Netflix subscription jald khatam. Renew karo,promo,service_updates,0,0.53,1.0,Hinglish,0.53
Your UPI will be deactivated. Verify now: http://phish-site.com,spam,phishing_scams,1,0.09,0.03,English,0.98
Package will be delivered today between 10-7,ham,personal,0,1.0,1.0,English,0.08
ಕ್ರೆಡಿಟ್ ಕಾರ್ಡ್ನಲ್ಲಿ 5% ಕ್ಯಾಶ್‌ಬ್ಯಾಕ್,promo,general_promo,0,0.72,1.0,Kannada,0.51
Your package delivery failed. Confirm address: http://phish-site.com,spam,general_spam,1,0.14,0.03,English,0.93
Your Spotify subscription expired. Update payment: http://phish-site.com,spam,general_spam,1,0.03,0.14,English,0.84
SECURITY ALERT: Suspicious login detected. Secure account: http://phish-site.com,spam,financial_scams,1,0.05,0.01,English,0.89
Get 15% cashback on credit card spends,promo,general_promo,0,0.79,1.0,English,0.4
"Running 25 minutes late, stuck in traffic",ham,personal,0,0.92,1.0,English,0.04
Tax refund of ₹5000 approved. Claim: http://phish-site.com,spam,general_spam,1,0.25,0.1,English,0.96
ऋण स्वीकृत! ₹5000 मिल रहा। कोई कागजात नहीं। YES जवाब दें,spam,general_spam,0,0.26,1.0,Hindi,0.81
Alert: Aapke account mein suspicious activity. Call +91-7141591385,spam,financial_scams,0,0.12,1.0,Hinglish,0.9
CONGRATULATIONS! You won MacBook. Claim: http://phish-site.com,spam,prize_scams,1,0.22,0.07,English,0.82
Birthday treat: 50% off for you!,promo,general_promo,0,0.66,1.0,English,0.38
फ्लैश सेल! watch पर 40% छूट। खरीदारी: http://secure-site.com,promo,general_promo,1,0.53,0.82,Hindi,0.31
Store se milk le aana,ham,personal,0,0.94,1.0,Hinglish,0.16
Loan approved! Get ₹25000 instantly. No documents. Reply YES,spam,financial_scams,0,0.14,1.0,English,0.78
Flash sale! laptop par 50% off. Shopping: http://secure-site.com,promo,promotional_offers,1,0.68,0.83,Hinglish,0.48
Working from home today,ham,personal,0,0.92,1.0,English,0.29
SECURITY ALERT: Suspicious login detected. Secure account: http://phish-site.com,spam,financial_scams,1,0.1,0.12,English,0.93
Work from home: Earn ₹5000 daily. No experience. Reply YES,spam,general_spam,0,0.1,1.0,English,0.87
Aaj appointment kab hai?,ham,service_updates,0,0.91,1.0,Hinglish,0.26
सरकारी योजना: ₹5000 हर महीने। YES भेजें,spam,general_spam,0,0.15,1.0,Hindi,0.74
Your UPI will be deactivated. Verify now: http://phish-site.com,spam,phishing_scams,1,0.13,0.12,English,0.83
Bank error: Extra ₹5000 credited. Verify: http://phish-site.com,spam,financial_scams,1,0.29,0.17,English,0.97
Early access: New arrivals now live,promo,general_promo,0,0.71,1.0,English,0.58
"Hey, kal meeting ke liye mil rahe? Time batao",ham,personal,0,0.86,1.0,Hinglish,0.26
Limited time: 1 kharido 1 free. Code SAVE18,promo,general_promo,0,0.63,1.0,Hinglish,0.47
Kal lunch ka mat bhoolna. Time 2:14,ham,personal,0,0.98,1.0,Hinglish,0.27
Alert: Aapke account mein suspicious activity. Call +91-9378333316,spam,financial_scams,0,0.0,1.0,Hinglish,0.98
Sarkari yojana: ₹50000 har mahine. YES bhejo,spam,general_spam,0,0.18,1.0,Hinglish,0.91
Birthday treat: 20% off for you!,promo,general_promo,0,0.77,1.0,English,0.59
विशेष ऑफर: 20% छूट,promo,general_promo,0,0.62,1.0,Hindi,0.47
ಸರ್ಕಾರಿ ಯೋಜನೆ: ₹10000 ಪ್ರತಿ ತಿಂಗಳು. YES ಕಳುಹಿಸಿ,spam,general_spam,0,0.13,1.0,Kannada,0.96
Loan approve! ₹50000 mil raha. Documents nahi. Reply YES,spam,financial_scams,0,0.11,1.0,Hinglish,0.73
Limited time: 1 kharido 1 free. Code SAVE44,promo,general_promo,0,0.55,1.0,Hinglish,0.32
Your number won car. Click to claim: http://phish-site.com,spam,prize_scams,1,0.24,0.07,English,0.83
ऋण स्वीकृत! ₹5000 मिल रहा। कोई कागजात नहीं। YES जवाब दें,spam,general_spam,0,0.15,1.0,Hindi,0.99
Working from home today,ham,personal,0,0.98,1.0,English,0.18
कल dinner का मत भूलना। समय 4:51,ham,personal,0,0.85,1.0,Hindi,0.27
Doctor appointment confirmed for 2:26,ham,service_updates,0,0.85,1.0,English,0.15
What time is your appointment?,ham,service_updates,0,0.92,1.0,English,0.21
सरकारी योजना: ₹5000 हर महीने। YES भेजें,spam,general_spam,0,0.24,1.0,Hindi,0.71
Doctor appointment confirmed for 12:56,ham,service_updates,0,0.84,1.0,English,0.03
Bank error: Extra ₹25000 credited. Verify: http://phish-site.com,spam,financial_scams,1,0.25,0.16,English,0.71
"18 मिनट लेट, ट्रैफिक में",ham,personal,0,0.81,1.0,Hindi,0.06
FLASH SALE: 50% OFF on laptop. Shop now: http://secure-site.com,promo,promotional_offers,1,0.61,0.83,English,0.36
कल dinner का मत भूलना। समय 7:13,ham,personal,0,0.86,1.0,Hindi,0.11
Can you pick up bread from the store?,ham,personal,0,0.85,1.0,English,0.27
Can you pick up milk from the store?,ham,personal,0,0.81,1.0,English,0.02
ನಾಳೆ meeting ಮರೆಯಬೇಡಿ. ಸಮಯ 4:40,ham,personal,0,0.91,1.0,Kannada,0.22
Your number won car. Click to claim: http://phish-site.com,spam,prize_scams,1,0.06,0.12,English,0.82
Kal meeting ka mat bhoolna. Time 7:32,ham,personal,0,0.87,1.0,Hinglish,0.23
Can you pick up milk from the store?,ham,personal,0,0.94,1.0,English,0.02
Doctor appointment confirmed for 6:35,ham,service_updates,0,0.93,1.0,English,0.28
ಸೀಮಿತ ಸಮಯ: 1 ಖರೀದಿ 1 ಉಚಿತ. ಕೋಡ್ SAVE40,promo,general_promo,0,0.73,1.0,Kannada,0.49
Call me when you're free,ham,personal,0,0.82,1.0,English,0.18
Credit card par 5% cashback,promo,general_promo,0,0.64,1.0,Hinglish,0.41
Early access: New arrivals now live,promo,general_promo,0,0.52,1.0,English,0.34
Limited time: Buy 1 Get 1 Free on home. Code: SAVE14,promo,general_promo,0,0.54,1.0,English,0.55
What time is your meeting?,ham,personal,0,0.99,1.0,English,0.11
Special offer: 60% discount,promo,promotional_offers,0,0.75,1.0,Hinglish,0.44
Special offer: 30% discount,promo,promotional_offers,0,0.67,1.0,Hinglish,0.4
Your OTP is 585205. Do not share,ham,service_updates,0,0.88,1.0,English,0.2
"42 मिनट लेट, ट्रैफिक में",ham,personal,0,0.87,1.0,Hindi,0.27
Government scheme: Get ₹25000 monthly. Send YES,spam,general_spam,0,0.19,1.0,English,0.9
Refer a friend & get ₹10000 off,promo,general_promo,0,0.51,1.0,English,0.51
जल्दी! आपका Axis खाता निलंबित। सत्यापित करें: http://phish-site.com,spam,general_spam,1,0.26,0.15,Hindi,0.92
CONGRATULATIONS! You won car. Claim: http://phish-site.com,spam,prize_scams,1,0.13,0.03,English,0.73
Kal lunch ka mat bhoolna. Time 2:37,ham,personal,0,0.8,1.0,Hinglish,0.04
"Hey, are we meeting for dinner today? Let me know",ham,personal,0,0.96,1.0,English,0.18
Exclusive deal for you: 70% off,promo,general_promo,0,0.54,1.0,English,0.44
"CONGRATULATIONS! You won ₹50,000. Claim: http://phish-site.com",spam,prize_scams,1,0.0,0.13,English,0.91
Badhai ho! Aap jeete iPhone 15. Claim: http://phish-site.com,spam,general_spam,1,0.08,0.14,Hinglish,0.88
आज flight कब है?,ham,personal,0,0.84,1.0,Hindi,0.22
Aapka Netflix subscription jald khatam. Renew karo,promo,service_updates,0,0.54,1.0,Hinglish,0.43
CONGRATULATIONS! You won car. Claim: http://phish-site.com,spam,prize_scams,1,0.17,0.09,English,0.82
फ्री हो तो कॉल करना,ham,personal,0,0.82,1.0,Hindi,0.16
New watch collection launched! Use code SAVE50,promo,general_promo,0,0.71,1.0,English,0.42
Flash sale! laptop par 60% off. Shopping: http://secure-site.com,promo,promotional_offers,1,0.78,0.71,Hinglish,0.44
Did you finish the report?,ham,personal,0,0.83,1.0,English,0.03
स्टोर से bread ले आना,ham,personal,0,0.93,1.0,Hindi,0.25
Store se milk le aana,ham,personal,0,0.82,1.0,Hinglish,0.15
Your package delivery failed. Confirm address: http://phish-site.com,spam,general_spam,1,0.27,0.07,English,0.95
Aaj appointment kab hai?,ham,service_updates,0,0.86,1.0,Hinglish,0.07
ನಾಳೆ lunch ಮರೆಯಬೇಡಿ. ಸಮಯ 1:07,ham,personal,0,0.9,1.0,Kannada,0.12
What time is your appointment?,ham,service_updates,0,0.99,1.0,English,0.02
Loan approve! ₹25000 mil raha. Documents nahi. Reply YES,spam,financial_scams,0,0.23,1.0,Hinglish,0.88
Your package delivery failed. Confirm address: http://phish-site.com,spam,general_spam,1,0.19,0.06,English,0.94
फ्लैश सेल! laptop पर 70% छूट। खरीदारी: http://secure-site.com,promo,general_promo,1,0.62,0.72,Hindi,0.32
कल dinner का मत भूलना। समय 5:52,ham,personal,0,0.98,1.0,Hindi,0.28
Store se milk le aana,ham,personal,0,0.96,1.0,Hinglish,0.27
ನಾಳೆ lunch ಮರೆಯಬೇಡಿ. ಸಮಯ 7:04,ham,personal,0,0.88,1.0,Kannada,0.26
Sarkari yojana: ₹5000 har mahine. YES bhejo,spam,general_spam,0,0.1,1.0,Hinglish,0.73
स्टोर से medicine ले आना,ham,personal,0,0.9,1.0,Hindi,0.15
New laptop collection launched! Use code SAVE49,promo,general_promo,0,0.65,1.0,English,0.43
Thanks for your help with work,ham,personal,0,0.87,1.0,English,0.23
Weekend special: Extra 70% off. Shop: http://secure-site.com,promo,general_promo,1,0.58,0.81,English,0.44
कल meeting का मत भूलना। समय 8:28,ham,personal,0,0.98,1.0,Hindi,0.08
Tax refund of ₹5000 approved. Claim: http://phish-site.com,spam,general_spam,1,0.24,0.03,English,0.85
"9 minute late, traffic mein",ham,personal,0,1.0,1.0,Hinglish,0.06
Your Spotify subscription expired. Update payment: http://phish-site.com,spam,general_spam,1,0.08,0.03,English,0.92
New smartphone collection launched! Use code SAVE32,promo,general_promo,0,0.6,1.0,English,0.39
New smartphone collection launched! Use code SAVE37,promo,general_promo,0,0.72,1.0,English,0.57
सीमित समय: 1 खरीदो 1 मुफ्त। कोड SAVE42,promo,general_promo,0,0.71,1.0,Hindi,0.38
Member exclusive: Extra 30% off,promo,general_promo,0,0.68,1.0,English,0.53
Badhai ho! Aap jeete iPhone 15. Claim: http://phish-site.com,spam,general_spam,1,0.04,0.08,Hinglish,0.89
ಎಚ್ಚರಿಕೆ: ನಿಮ್ಮ ಖಾತೆಯಲ್ಲಿ ಸಂಶಯಾಸ್ಪದ ಚಟುವಟಿಕೆ. ಕಾಲ್ +91-7701083827,spam,general_spam,0,0.29,1.0,Kannada,0.89
Aaj meeting kab hai?,ham,personal,0,0.9,1.0,Hinglish,0.28
सीमित समय: 1 खरीदो 1 मुफ्त। कोड SAVE16,promo,general_promo,0,0.74,1.0,Hindi,0.36
ನಾಳೆ lunch ಮರೆಯಬೇಡಿ. ಸಮಯ 2:49,ham,personal,0,0.94,1.0,Kannada,0.26
What time is your meeting?,ham,personal,0,1.0,1.0,English,0.15
"Hey, kal dinner ke liye mil rahe? Time batao",ham,personal,0,0.94,1.0,Hinglish,0.21
ಫ್ಲಾಶ್ ಸೇಲ್! headphones ನಲ್ಲಿ 40% ರಿಯಾಯಿತಿ. ಶಾಪಿಂಗ್: http://secure-site.com,promo,general_promo,1,0.58,0.82,Kannada,0.42
ಕ್ರೆಡಿಟ್ ಕಾರ್ಡ್ನಲ್ಲಿ 10% ಕ್ಯಾಶ್‌ಬ್ಯಾಕ್,promo,general_promo,0,0.74,1.0,Kannada,0.57
Doctor appointment confirmed for 10:24,ham,service_updates,0,0.84,1.0,English,0.18
Work from home: Earn ₹50000 daily. No experience. Reply YES,spam,general_spam,0,0.12,1.0,English,0.71
Credit card par 5% cashback,promo,general_promo,0,0.57,1.0,Hinglish,0.54
Limited time: Buy 1 Get 1 Free on home. Code: SAVE23,promo,general_promo,0,0.66,1.0,English,0.44
Your OTP is 765674. Do not share,ham,service_updates,0,0.8,1.0,English,0.28
जल्दी! आपका ICICI खाता निलंबित। सत्यापित करें: http://phish-site.com,spam,general_spam,1,0.08,0.13,Hindi,0.83
कल dinner का मत भूलना। समय 2:45,ham,personal,0,0.94,1.0,Hindi,0.12
ನಿಮ್ಮ Spotify ಚಂದಾದಾರಿಕೆ ಶೀಘ್ರದಲ್ಲೇ ಮುಗಿಯುತ್ತದೆ. ನವೀಕರಿಸಿ,promo,general_promo,0,0.56,1.0,Kannada,0.45
Early access: New arrivals now live,promo,general_promo,0,0.62,1.0,English,0.3
"Running 24 minutes late, stuck in traffic",ham,personal,0,0.98,1.0,English,0.29
"9 मिनट लेट, ट्रैफिक में",ham,personal,0,0.88,1.0,Hindi,0.22
New headphones collection launched! Use code SAVE26,promo,general_promo,0,0.74,1.0,English,0.56
Your OTP is 917163. Do not share,ham,service_updates,0,0.84,1.0,English,0.03
फ्लैश सेल! watch पर 50% छूट। खरीदारी: http://secure-site.com,promo,general_promo,1,0.65,0.8,Hindi,0.44
Early access: New arrivals now live,promo,general_promo,0,0.68,1.0,English,0.33
"Hey, kal lunch ke liye mil rahe? Time batao",ham,personal,0,0.97,1.0,Hinglish,0.25
Aapka Netflix subscription jald khatam. Renew karo,promo,service_updates,0,0.6,1.0,Hinglish,0.38
New headphones collection launched! Use code SAVE31,promo,general_promo,0,0.51,1.0,English,0.36
Doctor appointment confirmed for 7:00,ham,service_updates,0,0.95,1.0,English,0.01
Alert: Aapke account mein suspicious activity. Call +91-7339879487,spam,financial_scams,0,0.17,1.0,Hinglish,0.82
ತ್ವರಿತ! ನಿಮ್ಮ SBI ಖಾತೆ ನಿಲ್ಲಿಸಲಾಗಿದೆ. ಧೃಡೀಕರಿಸಿ: http://phish-site.com,spam,general_spam,1,0.11,0.05,Kannada,0.79
SECURITY ALERT: Suspicious login detected. Secure account: http://phish-site.com,spam,financial_scams,1,0.04,0.01,English,0.77
Tax refund of ₹5000 approved. Claim: http://phish-site.com,spam,general_spam,1,0.2,0.04,English,0.88
फ्लैश सेल! headphones पर 20% छूट। खरीदारी: http://secure-site.com,promo,general_promo,1,0.7,0.8,Hindi,0.56
ತ್ವರಿತ! ನಿಮ್ಮ Axis ಖಾತೆ ನಿಲ್ಲಿಸಲಾಗಿದೆ. ಧೃಡೀಕರಿಸಿ: http://phish-site.com,spam,general_spam,1,0.19,0.16,Kannada,0.72
Limited time: 1 kharido 1 free. Code SAVE37,promo,general_promo,0,0.67,1.0,Hinglish,0.31
आज appointment कब है?,ham,service_updates,0,0.88,1.0,Hindi,0.23
Did you finish the project?,ham,personal,0,0.94,1.0,English,0.27
Loan approve! ₹50000 mil raha. Documents nahi. Reply YES,spam,financial_scams,0,0.29,1.0,Hinglish,0.86
Your Netflix subscription expiring soon. Renew now,promo,service_updates,0,0.74,1.0,English,0.33
Can you pick up bread from the store?,ham,personal,0,0.85,1.0,English,0.29
Jaldi! Aapka Axis account suspend. Verify: http://phish-site.com,spam,financial_scams,1,0.22,0.04,Hinglish,0.92
Working from home today,ham,personal,0,0.89,1.0,English,0.26
Loan approve! ₹50000 mil raha. Documents nahi. Reply YES,spam,financial_scams,0,0.11,1.0,Hinglish,0.75
ಎಚ್ಚರಿಕೆ: ನಿಮ್ಮ ಖಾತೆಯಲ್ಲಿ ಸಂಶಯಾಸ್ಪದ ಚಟುವಟಿಕೆ. ಕಾಲ್ +91-9505290623,spam,general_spam,0,0.04,1.0,Kannada,0.86
आज appointment कब है?,ham,service_updates,0,0.89,1.0,Hindi,0.22
ऋण स्वीकृत! ₹10000 मिल रहा। कोई कागजात नहीं। YES जवाब दें,spam,general_spam,0,0.26,1.0,Hindi,0.86
Store se milk le aana,ham,personal,0,0.9,1.0,Hinglish,0.16
ಸ್ಟೋರ್ನಿಂದ bread ತೆಗೆದುಕೊಳ್ಳಿ,ham,personal,0,0.88,1.0,Kannada,0.24
Aaj meeting kab hai?,ham,personal,0,0.99,1.0,Hinglish,0.2
आज meeting कब है?,ham,personal,0,0.95,1.0,Hindi,0.1
New watch collection launched! Use code SAVE34,promo,general_promo,0,0.75,1.0,English,0.32
Aadhaar verification failed. Update immediately: http://phish-site.com,spam,general_spam,1,0.2,0.15,English,0.72
ನಾಳೆ dinner ಮರೆಯಬೇಡಿ. ಸಮಯ 10:45,ham,personal,0,0.85,1.0,Kannada,0.28
ಎಚ್ಚರಿಕೆ: ನಿಮ್ಮ ಖಾತೆಯಲ್ಲಿ ಸಂಶಯಾಸ್ಪದ ಚಟುವಟಿಕೆ. ಕಾಲ್ +91-7451633056,spam,general_spam,0,0.1,1.0,Kannada,0.77
"13 ನಿಮಿಷ ತಡವಾಗಿ, ಟ್ರಾಫಿಕ್ನಲ್ಲಿ",ham,personal,0,0.81,1.0,Kannada,0.21
Thanks for your help with work,ham,personal,0,0.99,1.0,English,0.1
Get 10% cashback on credit card spends,promo,general_promo,0,0.56,1.0,English,0.4
Work from home: Earn ₹5000 daily. No experience. Reply YES,spam,general_spam,0,0.04,1.0,English,0.87
Government scheme: Get ₹10000 monthly. Send YES,spam,general_spam,0,0.21,1.0,English,0.78
जल्दी! आपका ICICI खाता निलंबित। सत्यापित करें: http://phish-site.com,spam,general_spam,1,0.23,0.12,Hindi,0.95
Your Spotify subscription expired. Update payment: http://phish-site.com,spam,general_spam,1,0.06,0.07,English,0.76
Did you finish the assignment?,ham,personal,0,0.91,1.0,English,0.1
ತ್ವರಿತ! ನಿಮ್ಮ SBI ಖಾತೆ ನಿಲ್ಲಿಸಲಾಗಿದೆ. ಧೃಡೀಕರಿಸಿ: http://phish-site.com,spam,general_spam,1,0.06,0.16,Kannada,0.93
आपका Spotify सब्सक्रिप्शन जल्द खत्म। नवीनीकरण करें,promo,general_promo,0,0.76,1.0,Hindi,0.34
Birthday treat: 40% off for you!,promo,general_promo,0,0.62,1.0,English,0.49
Your OTP is 335796. Do not share,ham,service_updates,0,0.93,1.0,English,0.14
Doctor appointment confirmed for 3:11,ham,service_updates,0,0.93,1.0,English,0.23
Get 5% cashback on credit card spends,promo,general_promo,0,0.51,1.0,English,0.38
Jaldi! Aapka Axis account suspend. Verify: http://phish-site.com,spam,financial_scams,1,0.0,0.01,Hinglish,0.86
ಸ್ಟೋರ್ನಿಂದ milk ತೆಗೆದುಕೊಳ್ಳಿ,ham,personal,0,0.83,1.0,Kannada,0.25
Loan approve! ₹5000 mil raha. Documents nahi. Reply YES,spam,financial_scams,0,0.13,1.0,Hinglish,0.92
Refer a friend & get ₹5000 off,promo,general_promo,0,0.65,1.0,English,0.44
Tax refund of ₹5000 approved. Claim: http://phish-site.com,spam,general_spam,1,0.03,0.12,English,0.89
Aapka Spotify subscription jald khatam. Renew karo,promo,service_updates,0,0.68,1.0,Hinglish,0.49
Tax refund of ₹25000 approved. Claim: http://phish-site.com,spam,general_spam,1,0.01,0.07,English,0.76
Your Netflix subscription expiring soon. Renew now,promo,service_updates,0,0.7,1.0,English,0.35
Your Amazon Prime subscription expiring soon. Renew now,promo,service_updates,0,0.58,1.0,English,0.42
Sarkari yojana: ₹5000 har mahine. YES bhejo,spam,general_spam,0,0.05,1.0,Hinglish,0.95
ತ್ವರಿತ! ನಿಮ್ಮ HDFC ಖಾತೆ ನಿಲ್ಲಿಸಲಾಗಿದೆ. ಧೃಡೀಕರಿಸಿ: http://phish-site.com,spam,general_spam,1,0.02,0.14,Kannada,0.97
"Running 20 minutes late, stuck in traffic",ham,personal,0,0.86,1.0,English,0.29
ಫ್ಲಾಶ್ ಸೇಲ್! headphones ನಲ್ಲಿ 20% ರಿಯಾಯಿತಿ. ಶಾಪಿಂಗ್: http://secure-site.com,promo,general_promo,1,0.77,0.85,Kannada,0.53
ನಿಮ್ಮ Spotify ಚಂದಾದಾರಿಕೆ ಶೀಘ್ರದಲ್ಲೇ ಮುಗಿಯುತ್ತದೆ. ನವೀಕರಿಸಿ,promo,general_promo,0,0.6,1.0,Kannada,0.44
"Hey, are we meeting for lunch today? Let me know",ham,personal,0,0.93,1.0,English,0.17
See you at cafe,ham,personal,0,0.94,1.0,English,0.26
Work from home: Earn ₹5000 daily. No experience. Reply YES,spam,general_spam,0,0.06,1.0,English,0.75
Badhai ho! Aap jeete car. Claim: http://phish-site.com,spam,general_spam,1,0.07,0.13,Hinglish,0.82
Your Spotify subscription expired. Update payment: http://phish-site.com,spam,general_spam,1,0.04,0.1,English,0.72
Special offer: 30% discount,promo,promotional_offers,0,0.65,1.0,Hinglish,0.46
Alert: Aapke account mein suspicious activity. Call +91-7460215380,spam,financial_scams,0,0.01,1.0,Hinglish,0.93
आज meeting कब है?,ham,personal,0,0.93,1.0,Hindi,0.29
Jaldi! Aapka Axis account suspend. Verify: http://phish-site.com,spam,financial_scams,1,0.18,0.04,Hinglish,0.84
Bank error: Extra ₹50000 credited. Verify: http://phish-site.com,spam,financial_scams,1,0.06,0.02,English,0.9
CONGRATULATIONS! You won iPhone 15. Claim: http://phish-site.com,spam,prize_scams,1,0.13,0.13,English,0.76
Jaldi! Aapka Axis account suspend. Verify: http://phish-site.com,spam,financial_scams,1,0.16,0.11,Hinglish,0.99
ಅಭಿನಂದನೆಗಳು! ನೀವು MacBook ಗೆದ್ದಿದ್ದೀರಿ. ಕ್ಲೈಮ್: http://phish-site.com,spam,general_spam,1,0.28,0.1,Kannada,0.96
जल्दी! आपका HDFC खाता निलंबित। सत्यापित करें: http://phish-site.com,spam,general_spam,1,0.18,0.03,Hindi,0.91
Free ho toh call karna,ham,personal,0,0.91,1.0,Hinglish,0.23
Your OTP is 148214. Do not share,ham,service_updates,0,0.93,1.0,English,0.27
Kal lunch ka mat bhoolna. Time 10:33,ham,personal,0,0.85,1.0,Hinglish,0.16
Limited time: Buy 1 Get 1 Free on electronics. Code: SAVE24,promo,general_promo,0,0.51,1.0,English,0.35
Seasonal sale: Prices slashed by 50%,promo,promotional_offers,0,0.67,1.0,English,0.35
"Running 16 minutes late, stuck in traffic",ham,personal,0,0.87,1.0,English,0.01
Don't forget about meeting tomorrow at 11:16,ham,personal,0,0.95,1.0,English,0.27
Weekend special: Extra 70% off. Shop: http://secure-site.com,promo,general_promo,1,0.8,0.83,English,0.54
Meeting rescheduled to 5:07,ham,personal,0,0.97,1.0,English,0.01
Aapka Amazon Prime subscription jald khatam. Renew karo,promo,service_updates,0,0.74,1.0,Hinglish,0.55
सीमित समय: 1 खरीदो 1 मुफ्त। कोड SAVE50,promo,general_promo,0,0.56,1.0,Hindi,0.56
Weekend special: Extra 60% off. Shop: http://secure-site.com,promo,general_promo,1,0.71,0.78,English,0.36
Your Netflix subscription expiring soon. Renew now,promo,service_updates,0,0.76,1.0,English,0.58
Your Amazon Prime subscription expiring soon. Renew now,promo,service_updates,0,0.79,1.0,English,0.46
Weekend special: Extra 40% off. Shop: http://secure-site.com,promo,general_promo,1,0.67,0.84,English,0.48
Call me when you're free,ham,personal,0,0.82,1.0,English,0.26
Flash sale! smartphone par 50% off. Shopping: http://secure-site.com,promo,promotional_offers,1,0.56,0.89,Hinglish,0.37
Meeting rescheduled to 11:44,ham,personal,0,0.84,1.0,English,0.11
Bank error: Extra ₹25000 credited. Verify: http://phish-site.com,spam,financial_scams,1,0.23,0.12,English,0.71
"8 ನಿಮಿಷ ತಡವಾಗಿ, ಟ್ರಾಫಿಕ್ನಲ್ಲಿ",ham,personal,0,0.88,1.0,Kannada,0.0
Kal lunch ka mat bhoolna. Time 6:35,ham,personal,0,0.97,1.0,Hinglish,0.21
Don't forget about meeting tomorrow at 10:11,ham,personal,0,0.86,1.0,English,0.27
Doctor appointment confirmed for 1:27,ham,service_updates,0,0.91,1.0,English,0.15
Alert: Aapke account mein suspicious activity. Call +91-8559655447,spam,financial_scams,0,0.09,1.0,Hinglish,0.92
जल्दी! आपका Axis खाता निलंबित। सत्यापित करें: http://phish-site.com,spam,general_spam,1,0.03,0.08,Hindi,0.86
Your package delivery failed. Confirm address: http://phish-site.com,spam,general_spam,1,0.02,0.14,English,0.84
New smartphone collection launched! Use code SAVE14,promo,general_promo,0,0.69,1.0,English,0.4
Your Spotify subscription expired. Update payment: http://phish-site.com,spam,general_spam,1,0.13,0.16,English,0.95
Seasonal sale: Prices slashed by 50%,promo,promotional_offers,0,0.66,1.0,English,0.31
Weekend special: Extra 20% off. Shop: http://secure-site.com,promo,general_promo,1,0.59,0.77,English,0.4
Your Amazon Prime subscription expiring soon. Renew now,promo,service_updates,0,0.65,1.0,English,0.46
Your device has virus. Download antivirus: http://phish-site.com,spam,general_spam,1,0.22,0.16,English,0.75
सीमित समय: 1 खरीदो 1 मुफ्त। कोड SAVE37,promo,general_promo,0,0.74,1.0,Hindi,0.57
ಇಂದು meeting ಯಾವಾಗ?,ham,personal,0,0.95,1.0,Kannada,0.03
Get 10% cashback on credit card spends,promo,general_promo,0,0.59,1.0,English,0.38
ಇಂದು appointment ಯಾವಾಗ?,ham,service_updates,0,0.84,1.0,Kannada,0.29
Loan approve! ₹10000 mil raha. Documents nahi. Reply YES,spam,financial_scams,0,0.1,1.0,Hinglish,0.77
Aaj flight kab hai?,ham,personal,0,0.98,1.0,Hinglish,0.28
What time is your appointment?,ham,service_updates,0,0.94,1.0,English,0.15
"17 minute late, traffic mein",ham,personal,0,0.86,1.0,Hinglish,0.09
Clearance sale: Limited stock available,promo,promotional_offers,0,0.61,1.0,English,0.48
Exclusive deal for you: 30% off,promo,general_promo,0,0.67,1.0,English,0.57
Don't forget about meeting tomorrow at 11:49,ham,personal,0,0.91,1.0,English,0.06
ಅಭಿನಂದನೆಗಳು! ನೀವು car ಗೆದ್ದಿದ್ದೀರಿ. ಕ್ಲೈಮ್: http://phish-site.com,spam,general_spam,1,0.29,0.09,Kannada,0.72
You are selected for ₹50000 cash prize. Call +91-7586799377,spam,prize_scams,0,0.28,1.0,English,1.0
Seasonal sale: Prices slashed by 60%,promo,promotional_offers,0,0.63,1.0,English,0.36
See you at cafe,ham,personal,0,0.82,1.0,English,0.08
Jaldi! Aapka HDFC account suspend. Verify: http://phish-site.com,spam,financial_scams,1,0.16,0.11,Hinglish,0.89
Alert: Aapke account mein suspicious activity. Call +91-9335855394,spam,financial_scams,0,0.01,1.0,Hinglish,0.97
"Hey, are we meeting for meeting today? Let me know",ham,personal,0,0.86,1.0,English,0.12
"8 मिनट लेट, ट्रैफिक में",ham,personal,0,0.81,1.0,Hindi,0.11
जल्दी! आपका SBI खाता निलंबित। सत्यापित करें: http://phish-site.com,spam,general_spam,1,0.05,0.13,Hindi,0.71
बधाई! आपने car जीता। दावा करें: http://phish-site.com,spam,general_spam,1,0.07,0.15,Hindi,0.9
See you at cafe,ham,personal,0,0.95,1.0,English,0.09
Your Spotify subscription expired. Update payment: http://phish-site.com,spam,general_spam,1,0.05,0.08,English,0.79
Birthday treat: 20% off for you!,promo,general_promo,0,0.69,1.0,English,0.5
"Hey, are we meeting for lunch today? Let me know",ham,personal,0,0.87,1.0,English,0.13
Aaj appointment kab hai?,ham,service_updates,0,0.85,1.0,Hinglish,0.28
"Running 22 minutes late, stuck in traffic",ham,personal,0,0.87,1.0,English,0.26
Badhai ho! Aap jeete iPhone 15. Claim: http://phish-site.com,spam,general_spam,1,0.01,0.0,Hinglish,0.94
"36 minute late, traffic mein",ham,personal,0,0.86,1.0,Hinglish,0.11
Package will be delivered today between 11-5,ham,personal,0,0.84,1.0,English,0.14
Doctor appointment confirmed for 7:41,ham,service_updates,0,0.87,1.0,English,0.15
Your Spotify subscription expiring soon. Renew now,promo,service_updates,0,0.75,1.0,English,0.53
Kal meeting ka mat bhoolna. Time 9:53,ham,personal,0,0.84,1.0,Hinglish,0.15
Your OTP is 527142. Do not share,ham,service_updates,0,0.94,1.0,English,0.08
"Hey, kal lunch ke liye mil rahe? Time batao",ham,personal,0,0.81,1.0,Hinglish,0.05
URGENT: Your SBI account suspended. Verify now: http://phish-site.com,spam,financial_scams,1,0.16,0.09,English,0.98
Did you finish the report?,ham,personal,0,0.98,1.0,English,0.15
बधाई! आपने MacBook जीता। दावा करें: http://phish-site.com,spam,general_spam,1,0.04,0.18,Hindi,0.86
Limited time: 1 kharido 1 free. Code SAVE15,promo,general_promo,0,0.58,1.0,Hinglish,0.56
फ्री हो तो कॉल करना,ham,personal,0,1.0,1.0,Hindi,0.27
Doctor appointment confirmed for 4:06,ham,service_updates,0,0.86,1.0,English,0.21
बधाई! आपने MacBook जीता। दावा करें: http://phish-site.com,spam,general_spam,1,0.11,0.14,Hindi,0.93
Doctor appointment confirmed for 5:12,ham,service_updates,0,0.87,1.0,English,0.0
URGENT: Your ICICI account suspended. Verify now: http://phish-site.com,spam,financial_scams,1,0.29,0.19,English,0.81
You are selected for ₹10000 cash prize. Call +91-7649470455,spam,prize_scams,0,0.12,1.0,English,0.88
Doctor appointment confirmed for 7:24,ham,service_updates,0,0.85,1.0,English,0.09
Your Amazon Prime subscription expired. Update payment: http://phish-site.com,spam,general_spam,1,0.21,0.12,English,0.95
ಅಭಿನಂದನೆಗಳು! ನೀವು iPhone 15 ಗೆದ್ದಿದ್ದೀರಿ. ಕ್ಲೈಮ್: http://phish-site.com,spam,general_spam,1,0.14,0.19,Kannada,0.94
Don't forget about lunch tomorrow at 2:20,ham,personal,0,0.86,1.0,English,0.22
"Hey, kal meeting ke liye mil rahe? Time batao",ham,personal,0,0.87,1.0,Hinglish,0.06
Your Spotify subscription expired. Update payment: http://phish-site.com,spam,general_spam,1,0.01,0.11,English,0.72
Exclusive deal for you: 20% off,promo,general_promo,0,0.74,1.0,English,0.34
"40 मिनट लेट, ट्रैफिक में",ham,personal,0,0.83,1.0,Hindi,0.23
"Hey, kal dinner ke liye mil rahe? Time batao",ham,personal,0,0.94,1.0,Hinglish,0.02
"Hey, are we meeting for meeting today? Let me know",ham,personal,0,0.85,1.0,English,0.13
Tax refund of ₹25000 approved. Claim: http://phish-site.com,spam,general_spam,1,0.12,0.01,English,0.88
Alert: Aapke account mein suspicious activity. Call +91-9140672729,spam,financial_scams,0,0.21,1.0,Hinglish,0.95
सरकारी योजना: ₹10000 हर महीने। YES भेजें,spam,general_spam,0,0.12,1.0,Hindi,0.71
"बधाई! आपने ₹50,000 जीता। दावा करें: http://phish-site.com",spam,general_spam,1,0.15,0.11,Hindi,0.84
Free ho toh call karna,ham,personal,0,0.94,1.0,Hinglish,0.26
ऋण स्वीकृत! ₹10000 मिल रहा। कोई कागजात नहीं। YES जवाब दें,spam,general_spam,0,0.19,1.0,Hindi,0.93
"15 मिनट लेट, ट्रैफिक में",ham,personal,0,0.93,1.0,Hindi,0.22
FLASH SALE: 30% OFF on laptop. Shop now: http://secure-site.com,promo,promotional_offers,1,0.56,0.81,English,0.35
Can you pick up bread from the store?,ham,personal,0,0.88,1.0,English,0.28
CONGRATULATIONS! You won MacBook. Claim: http://phish-site.com,spam,prize_scams,1,0.22,0.11,English,0.77
बधाई! आपने iPhone 15 जीता। दावा करें: http://phish-site.com,spam,general_spam,1,0.05,0.16,Hindi,0.93
Exclusive deal for you: 40% off,promo,general_promo,0,0.68,1.0,English,0.33
URGENT: Your Axis account suspended. Verify now: http://phish-site.com,spam,financial_scams,1,0.09,0.03,English,0.91
"24 ನಿಮಿಷ ತಡವಾಗಿ, ಟ್ರಾಫಿಕ್ನಲ್ಲಿ",ham,personal,0,0.95,1.0,Kannada,0.21
ಅಭಿನಂದನೆಗಳು! ನೀವು iPhone 15 ಗೆದ್ದಿದ್ದೀರಿ. ಕ್ಲೈಮ್: http://phish-site.com,spam,general_spam,1,0.14,0.08,Kannada,0.77
Member exclusive: Extra 30% off,promo,general_promo,0,0.74,1.0,English,0.54
Sarkari yojana: ₹50000 har mahine. YES bhejo,spam,general_spam,0,0.05,1.0,Hinglish,0.72
Limited time: 1 kharido 1 free. Code SAVE18,promo,general_promo,0,0.58,1.0,Hinglish,0.48
ನಾಳೆ meeting ಮರೆಯಬೇಡಿ. ಸಮಯ 10:04,ham,personal,0,0.85,1.0,Kannada,0.24
Aaj flight kab hai?,ham,personal,0,0.81,1.0,Hinglish,0.25
Limited time: 1 kharido 1 free. Code SAVE30,promo,general_promo,0,0.78,1.0,Hinglish,0.46
"Hey, kal meeting ke liye mil rahe? Time batao",ham,personal,0,0.88,1.0,Hinglish,0.23
जल्दी! आपका Axis खाता निलंबित। सत्यापित करें: http://phish-site.com,spam,general_spam,1,0.05,0.16,Hindi,0.88
Bank error: Extra ₹25000 credited. Verify: http://phish-site.com,spam,financial_scams,1,0.3,0.06,English,0.84
Your number won iPhone 15. Click to claim: http://phish-site.com,spam,prize_scams,1,0.01,0.02,English,0.77
SECURITY ALERT: Suspicious login detected. Secure account: http://phish-site.com,spam,financial_scams,1,0.19,0.07,English,0.84
Loan approve! ₹50000 mil raha. Documents nahi. Reply YES,spam,financial_scams,0,0.28,1.0,Hinglish,0.82
"बधाई! आपने ₹50,000 जीता। दावा करें: http://phish-site.com",spam,general_spam,1,0.2,0.17,Hindi,0.74
Government scheme: Get ₹5000 monthly. Send YES,spam,general_spam,0,0.2,1.0,English,0.86
Free shipping on orders above ₹10000,promo,general_promo,0,0.58,1.0,English,0.51
Bank error: Extra ₹25000 credited. Verify: http://phish-site.com,spam,financial_scams,1,0.05,0.1,English,0.91
"Hey, kal meeting ke liye mil rahe? Time batao",ham,personal,0,0.87,1.0,Hinglish,0.15
Doctor appointment confirmed for 10:46,ham,service_updates,0,0.98,1.0,English,0.08
"24 minute late, traffic mein",ham,personal,0,0.87,1.0,Hinglish,0.01
Doctor appointment confirmed for 4:47,ham,service_updates,0,0.88,1.0,English,0.1
Special offer: watch at 50% discount,promo,promotional_offers,0,0.52,1.0,English,0.59
Bank error: Extra ₹25000 credited. Verify: http://phish-site.com,spam,financial_scams,1,0.21,0.1,English,0.83
Can you pick up milk from the store?,ham,personal,0,0.97,1.0,English,0.24
Jaldi! Aapka SBI account suspend. Verify: http://phish-site.com,spam,financial_scams,1,0.07,0.14,Hinglish,0.8
Member exclusive: Extra 50% off,promo,general_promo,0,0.69,1.0,English,0.59
Government scheme: Get ₹5000 monthly. Send YES,spam,general_spam,0,0.17,1.0,English,0.91
Limited time: Buy 1 Get 1 Free on home. Code: SAVE24,promo,general_promo,0,0.56,1.0,English,0.34
चेतावनी: आपके खाते में संदिग्ध गतिविधि। कॉल +91-9147773044,spam,general_spam,0,0.18,1.0,Hindi,0.87
Aaj appointment kab hai?,ham,service_updates,0,0.99,1.0,Hinglish,0.23
Your package delivery failed. Confirm address: http://phish-site.com,spam,general_spam,1,0.1,0.1,English,0.97
CONGRATULATIONS! You won MacBook. Claim: http://phish-site.com,spam,prize_scams,1,0.04,0.12,English,0.84
CONGRATULATIONS! You won car. Claim: http://phish-site.com,spam,prize_scams,1,0.22,0.14,English,0.95
Early access: New arrivals now live,promo,general_promo,0,0.73,1.0,English,0.52
ತ್ವರಿತ! ನಿಮ್ಮ ICICI ಖಾತೆ ನಿಲ್ಲಿಸಲಾಗಿದೆ. ಧೃಡೀಕರಿಸಿ: http://phish-site.com,spam,general_spam,1,0.29,0.1,Kannada,0.82
Free ho toh call karna,ham,personal,0,0.98,1.0,Hinglish,0.21
Happy birthday! 🎉 See you tonight!,ham,personal,0,0.84,1.0,English,0.22
Birthday treat: 50% off for you!,promo,general_promo,0,0.75,1.0,English,0.49
Get 15% cashback on credit card spends,promo,general_promo,0,0.58,1.0,English,0.57
Free shipping on orders above ₹5000,promo,general_promo,0,0.62,1.0,English,0.43
Loan approve! ₹50000 mil raha. Documents nahi. Reply YES,spam,financial_scams,0,0.19,1.0,Hinglish,0.82
Badhai ho! Aap jeete iPhone 15. Claim: http://phish-site.com,spam,general_spam,1,0.13,0.13,Hinglish,0.76
Kal meeting ka mat bhoolna. Time 12:16,ham,personal,0,0.9,1.0,Hinglish,0.05
Early access: New arrivals now live,promo,general_promo,0,0.58,1.0,English,0.48
"10 मिनट लेट, ट्रैफिक में",ham,personal,0,0.92,1.0,Hindi,0.06
Refer a friend & get ₹25000 off,promo,general_promo,0,0.57,1.0,English,0.49
Store se bread le aana,ham,personal,0,0.98,1.0,Hinglish,0.02
ತ್ವರಿತ! ನಿಮ್ಮ Axis ಖಾತೆ ನಿಲ್ಲಿಸಲಾಗಿದೆ. ಧೃಡೀಕರಿಸಿ: http://phish-site.com,spam,general_spam,1,0.28,0.17,Kannada,0.87
Doctor appointment confirmed for 4:16,ham,service_updates,0,0.84,1.0,English,0.03
Tax refund of ₹25000 approved. Claim: http://phish-site.com,spam,general_spam,1,0.03,0.13,English,0.72
आपका Spotify सब्सक्रिप्शन जल्द खत्म। नवीनीकरण करें,promo,general_promo,0,0.61,1.0,Hindi,0.44
Your device has virus. Download antivirus: http://phish-site.com,spam,general_spam,1,0.1,0.04,English,0.97
Don't forget about meeting tomorrow at 8:43,ham,personal,0,0.98,1.0,English,0.23
Happy birthday! 🎉 See you tonight!,ham,personal,0,0.86,1.0,English,0.04
Free shipping on orders above ₹50000,promo,general_promo,0,0.74,1.0,English,0.44
सीमित समय: 1 खरीदो 1 मुफ्त। कोड SAVE21,promo,general_promo,0,0.62,1.0,Hindi,0.44
ನಾಳೆ lunch ಮರೆಯಬೇಡಿ. ಸಮಯ 12:02,ham,personal,0,0.95,1.0,Kannada,0.0
"Hey, are we meeting for meeting today? Let me know",ham,personal,0,0.95,1.0,English,0.18
CONGRATULATIONS! You won iPhone 15. Claim: http://phish-site.com,spam,prize_scams,1,0.26,0.14,English,0.76
Government scheme: Get ₹50000 monthly. Send YES,spam,general_spam,0,0.13,1.0,English,0.9
स्टोर से medicine ले आना,ham,personal,0,0.99,1.0,Hindi,0.01
चेतावनी: आपके खाते में संदिग्ध गतिविधि। कॉल +91-7021998832,spam,general_spam,0,0.23,1.0,Hindi,0.99
ನಾಳೆ meeting ಮರೆಯಬೇಡಿ. ಸಮಯ 11:57,ham,personal,0,0.98,1.0,Kannada,0.23
Did you finish the presentation?,ham,personal,0,0.96,1.0,English,0.23
Flash sale! headphones par 30% off. Shopping: http://secure-site.com,promo,promotional_offers,1,0.64,0.89,Hinglish,0.51
Flash sale! watch par 40% off. Shopping: http://secure-site.com,promo,promotional_offers,1,0.55,0.79,Hinglish,0.34
"बधाई! आपने ₹50,000 जीता। दावा करें: http://phish-site.com",spam,general_spam,1,0.08,0.18,Hindi,0.88
Package will be delivered today between 6-10,ham,personal,0,0.92,1.0,English,0.28
Flash sale! headphones par 20% off. Shopping: http://secure-site.com,promo,promotional_offers,1,0.5,0.77,Hinglish,0.4
Free ho toh call karna,ham,personal,0,0.83,1.0,Hinglish,0.13
Your Amazon Prime subscription expired. Update payment: http://phish-site.com,spam,general_spam,1,0.26,0.04,English,0.96
Your OTP is 974536. Do not share,ham,service_updates,0,0.96,1.0,English,0.06
आपका Amazon Prime सब्सक्रिप्शन जल्द खत्म। नवीनीकरण करें,promo,general_promo,0,0.56,1.0,Hindi,0.34
Refer a friend & get ₹10000 off,promo,general_promo,0,0.7,1.0,English,0.47
Exclusive deal for you: 70% off,promo,general_promo,0,0.67,1.0,English,0.59
Member exclusive: Extra 60% off,promo,general_promo,0,0.77,1.0,English,0.43
Can you pick up medicine from the store?,ham,personal,0,0.81,1.0,English,0.09
Special offer: 40% discount,promo,promotional_offers,0,0.5,1.0,Hinglish,0.41
Working from home today,ham,personal,0,0.89,1.0,English,0.13
सरकारी योजना: ₹50000 हर महीने। YES भेजें,spam,general_spam,0,0.1,1.0,Hindi,0.88
Bank error: Extra ₹10000 credited. Verify: http://phish-site.com,spam,financial_scams,1,0.0,0.13,English,0.84
Call me when you're free,ham,personal,0,0.88,1.0,English,0.21
Did you finish the presentation?,ham,personal,0,0.85,1.0,English,0.1
Government scheme: Get ₹50000 monthly. Send YES,spam,general_spam,0,0.06,1.0,English,0.87
जल्दी! आपका SBI खाता निलंबित। सत्यापित करें: http://phish-site.com,spam,general_spam,1,0.27,0.15,Hindi,0.85
Store se milk le aana,ham,personal,0,0.93,1.0,Hinglish,0.22
Loan approve! ₹50000 mil raha. Documents nahi. Reply YES,spam,financial_scams,0,0.03,1.0,Hinglish,0.89
Badhai ho! Aap jeete car. Claim: http://phish-site.com,spam,general_spam,1,0.26,0.05,Hinglish,0.85
Aadhaar verification failed. Update immediately: http://phish-site.com,spam,general_spam,1,0.28,0.17,English,0.71
ऋण स्वीकृत! ₹5000 मिल रहा। कोई कागजात नहीं। YES जवाब दें,spam,general_spam,0,0.19,1.0,Hindi,0.72
Birthday treat: 60% off for you!,promo,general_promo,0,0.74,1.0,English,0.43
चेतावनी: आपके खाते में संदिग्ध गतिविधि। कॉल +91-9258523320,spam,general_spam,0,0.23,1.0,Hindi,0.91
Alert: Aapke account mein suspicious activity. Call +91-7101224813,spam,financial_scams,0,0.12,1.0,Hinglish,0.76
Credit card par 15% cashback,promo,general_promo,0,0.51,1.0,Hinglish,0.56
ಫ್ಲಾಶ್ ಸೇಲ್! headphones ನಲ್ಲಿ 40% ರಿಯಾಯಿತಿ. ಶಾಪಿಂಗ್: http://secure-site.com,promo,general_promo,1,0.66,0.88,Kannada,0.49
ನಿಮ್ಮ Amazon Prime ಚಂದಾದಾರಿಕೆ ಶೀಘ್ರದಲ್ಲೇ ಮುಗಿಯುತ್ತದೆ. ನವೀಕರಿಸಿ,promo,general_promo,0,0.57,1.0,Kannada,0.59
Tax refund of ₹5000 approved. Claim: http://phish-site.com,spam,general_spam,1,0.25,0.08,English,0.73
विशेष ऑफर: 60% छूट,promo,general_promo,0,0.58,1.0,Hindi,0.5
Aapka Netflix subscription jald khatam. Renew karo,promo,service_updates,0,0.73,1.0,Hinglish,0.34
Refer a friend & get ₹5000 off,promo,general_promo,0,0.56,1.0,English,0.4
Government scheme: Get ₹50000 monthly. Send YES,spam,general_spam,0,0.1,1.0,English,0.71
"Running 45 minutes late, stuck in traffic",ham,personal,0,0.89,1.0,English,0.15
Flash sale! smartphone par 30% off. Shopping: http://secure-site.com,promo,promotional_offers,1,0.53,0.86,Hinglish,0.57
ऋण स्वीकृत! ₹50000 मिल रहा। कोई कागजात नहीं। YES जवाब दें,spam,general_spam,0,0.08,1.0,Hindi,0.73
Aapka Amazon Prime subscription jald khatam. Renew karo,promo,service_updates,0,0.56,1.0,Hinglish,0.49
Don't forget about dinner tomorrow at 3:43,ham,personal,0,0.91,1.0,English,0.23
फ्री हो तो कॉल करना,ham,personal,0,0.88,1.0,Hindi,0.05
Your OTP is 580851. Do not share,ham,service_updates,0,0.83,1.0,English,0.3
Jaldi! Aapka SBI account suspend. Verify: http://phish-site.com,spam,financial_scams,1,0.19,0.09,Hinglish,0.74
"6 मिनट लेट, ट्रैफिक में",ham,personal,0,0.82,1.0,Hindi,0.09
Meeting rescheduled to 4:39,ham,personal,0,0.81,1.0,English,0.2
Limited time: Buy 1 Get 1 Free on electronics. Code: SAVE50,promo,general_promo,0,0.72,1.0,English,0.39
ಫ್ಲಾಶ್ ಸೇಲ್! watch ನಲ್ಲಿ 60% ರಿಯಾಯಿತಿ. ಶಾಪಿಂಗ್: http://secure-site.com,promo,general_promo,1,0.55,0.78,Kannada,0.36
See you at office,ham,personal,0,0.95,1.0,English,0.26
Get 15% cashback on credit card spends,promo,general_promo,0,0.72,1.0,English,0.49
See you at office,ham,personal,0,0.94,1.0,English,0.1
सीमित समय: 1 खरीदो 1 मुफ्त। कोड SAVE41,promo,general_promo,0,0.65,1.0,Hindi,0.36
Government scheme: Get ₹50000 monthly. Send YES,spam,general_spam,0,0.03,1.0,English,0.93
जल्दी! आपका HDFC खाता निलंबित। सत्यापित करें: http://phish-site.com,spam,general_spam,1,0.16,0.04,Hindi,0.85
What time is your flight?,ham,personal,0,0.86,1.0,English,0.18
"Hey, are we meeting for meeting today? Let me know",ham,personal,0,0.97,1.0,English,0.08
बधाई! आपने iPhone 15 जीता। दावा करें: http://phish-site.com,spam,general_spam,1,0.01,0.19,Hindi,0.99
Package will be delivered today between 4-4,ham,personal,0,0.95,1.0,English,0.28
Your number won iPhone 15. Click to claim: http://phish-site.com,spam,prize_scams,1,0.22,0.06,English,0.72
What time is your meeting?,ham,personal,0,0.83,1.0,English,0.12
"17 minute late, traffic mein",ham,personal,0,0.98,1.0,Hinglish,0.2
Get 15% cashback on credit card spends,promo,general_promo,0,0.52,1.0,English,0.3
"ಹೇ, ನಾಳೆ meeting ಗೆ ಭೇಟಿ ಮಾಡುತ್ತಿದ್ದೀರಾ? ಸಮಯ ತಿಳಿಸಿ",ham,personal,0,1.0,1.0,Kannada,0.21
Can you pick up medicine from the store?,ham,personal,0,0.9,1.0,English,0.2
"7 ನಿಮಿಷ ತಡವಾಗಿ, ಟ್ರಾಫಿಕ್ನಲ್ಲಿ",ham,personal,0,0.92,1.0,Kannada,0.15
Birthday treat: 50% off for you!,promo,general_promo,0,0.63,1.0,English,0.56
Your number won MacBook. Click to claim: http://phish-site.com,spam,prize_scams,1,0.25,0.05,English,0.98
Meeting rescheduled to 10:34,ham,personal,0,0.89,1.0,English,0.03
ತ್ವರಿತ! ನಿಮ್ಮ Axis ಖಾತೆ ನಿಲ್ಲಿಸಲಾಗಿದೆ. ಧೃಡೀಕರಿಸಿ: http://phish-site.com,spam,general_spam,1,0.27,0.04,Kannada,0.94
Aadhaar verification failed. Update immediately: http://phish-site.com,spam,general_spam,1,0.09,0.13,English,0.77
Free ho toh call karna,ham,personal,0,0.97,1.0,Hinglish,0.09
Your number won iPhone 15. Click to claim: http://phish-site.com,spam,prize_scams,1,0.12,0.02,English,0.79
Credit card par 5% cashback,promo,general_promo,0,0.62,1.0,Hinglish,0.32
Did you finish the presentation?,ham,personal,0,0.89,1.0,English,0.23
Doctor appointment confirmed for 12:45,ham,service_updates,0,0.9,1.0,English,0.17
"Hey, are we meeting for dinner today? Let me know",ham,personal,0,0.9,1.0,English,0.05
URGENT: Your ICICI account suspended. Verify now: http://phish-site.com,spam,financial_scams,1,0.26,0.02,English,0.72
Bank error: Extra ₹25000 credited. Verify: http://phish-site.com,spam,financial_scams,1,0.18,0.17,English,0.73
आपका Spotify सब्सक्रिप्शन जल्द खत्म। नवीनीकरण करें,promo,general_promo,0,0.5,1.0,Hindi,0.4
Free shipping on orders above ₹50000,promo,general_promo,0,0.65,1.0,English,0.46
Credit card par 15% cashback,promo,general_promo,0,0.64,1.0,Hinglish,0.38
Your OTP is 447958. Do not share,ham,service_updates,0,0.86,1.0,English,0.02
You are selected for ₹10000 cash prize. Call +91-9622874639,spam,prize_scams,0,0.11,1.0,English,0.84
See you at cafe,ham,personal,0,0.85,1.0,English,0.28
Free ho toh call karna,ham,personal,0,0.83,1.0,Hinglish,0.21
Credit card par 5% cashback,promo,general_promo,0,0.79,1.0,Hinglish,0.38
Limited time: 1 kharido 1 free. Code SAVE34,promo,general_promo,0,0.66,1.0,Hinglish,0.35
ಉಚಿತವಾಗಿದ್ದರೆ ಕರೆ ಮಾಡಿ,ham,personal,0,0.96,1.0,Kannada,0.18
Aapka Spotify subscription jald khatam. Renew karo,promo,service_updates,0,0.76,1.0,Hinglish,0.54
See you at mall,ham,personal,0,0.93,1.0,English,0.23
Special offer: 70% discount,promo,promotional_offers,0,0.67,1.0,Hinglish,0.37
Work from home: Earn ₹25000 daily. No experience. Reply YES,spam,general_spam,0,0.19,1.0,English,0.89
Work from home: Earn ₹25000 daily. No experience. Reply YES,spam,general_spam,0,0.28,1.0,English,0.82
Doctor appointment confirmed for 6:41,ham,service_updates,0,0.97,1.0,English,0.09
Kal dinner ka mat bhoolna. Time 9:52,ham,personal,0,0.97,1.0,Hinglish,0.27
Limited time: Buy 1 Get 1 Free on electronics. Code: SAVE30,promo,general_promo,0,0.72,1.0,English,0.38
Your OTP is 836788. Do not share,ham,service_updates,0,0.8,1.0,English,0.1
"Your number won ₹50,000. Click to claim: http://phish-site.com",spam,prize_scams,1,0.23,0.18,English,0.75
Special offer: 70% discount,promo,promotional_offers,0,0.62,1.0,Hinglish,0.31
Limited time: 1 kharido 1 free. Code SAVE48,promo,general_promo,0,0.63,1.0,Hinglish,0.31
Aadhaar verification failed. Update immediately: http://phish-site.com,spam,general_spam,1,0.16,0.03,English,0.75
Flash sale! watch par 50% off. Shopping: http://secure-site.com,promo,promotional_offers,1,0.71,0.74,Hinglish,0.35
Happy birthday! 🎉 See you tonight!,ham,personal,0,0.83,1.0,English,0.22
You are selected for ₹50000 cash prize. Call +91-9909974246,spam,prize_scams,0,0.23,1.0,English,0.94
"42 मिनट लेट, ट्रैफिक में",ham,personal,0,0.83,1.0,Hindi,0.21
Don't forget about lunch tomorrow at 1:24,ham,personal,0,0.82,1.0,English,0.04
Store se bread le aana,ham,personal,0,0.92,1.0,Hinglish,0.24
Your UPI will be deactivated. Verify now: http://phish-site.com,spam,phishing_scams,1,0.29,0.09,English,0.7
क्रेडिट कार्ड पर 10% कैशबैक,promo,general_promo,0,0.79,1.0,Hindi,0.3
Meeting rescheduled to 7:29,ham,personal,0,0.83,1.0,English,0.12
FLASH SALE: 50% OFF on watch. Shop now: http://secure-site.com,promo,promotional_offers,1,0.67,0.88,English,0.44
Did you finish the report?,ham,personal,0,0.88,1.0,English,0.23
SECURITY ALERT: Suspicious login detected. Secure account: http://phish-site.com,spam,financial_scams,1,0.24,0.03,English,0.76
Store se milk le aana,ham,personal,0,0.99,1.0,Hinglish,0.09
फ्री हो तो कॉल करना,ham,personal,0,0.98,1.0,Hindi,0.07
You are selected for ₹50000 cash prize. Call +91-9814748778,spam,prize_scams,0,0.22,1.0,English,0.71
Your number won iPhone 15. Click to claim: http://phish-site.com,spam,prize_scams,1,0.22,0.08,English,0.71
आपका Netflix सब्सक्रिप्शन जल्द खत्म। नवीनीकरण करें,promo,general_promo,0,0.67,1.0,Hindi,0.54
FLASH SALE: 50% OFF on headphones. Shop now: http://secure-site.com,promo,promotional_offers,1,0.61,0.84,English,0.58
जल्दी! आपका ICICI खाता निलंबित। सत्यापित करें: http://phish-site.com,spam,general_spam,1,0.21,0.08,Hindi,0.73
Badhai ho! Aap jeete iPhone 15. Claim: http://phish-site.com,spam,general_spam,1,0.09,0.14,Hinglish,0.74
FLASH SALE: 20% OFF on watch. Shop now: http://secure-site.com,promo,promotional_offers,1,0.56,0.82,English,0.49
CONGRATULATIONS! You won iPhone 15. Claim: http://phish-site.com,spam,prize_scams,1,0.1,0.11,English,0.86
Doctor appointment confirmed for 1:00,ham,service_updates,0,0.82,1.0,English,0.19
स्टोर से bread ले आना,ham,personal,0,0.94,1.0,Hindi,0.28
Kal meeting ka mat bhoolna. Time 8:15,ham,personal,0,0.94,1.0,Hinglish,0.14
Birthday treat: 60% off for you!,promo,general_promo,0,0.68,1.0,English,0.57
"Hey, are we meeting for dinner today? Let me know",ham,personal,0,0.81,1.0,English,0.07
Aaj meeting kab hai?,ham,personal,0,0.82,1.0,Hinglish,0.1
ತ್ವರಿತ! ನಿಮ್ಮ SBI ಖಾತೆ ನಿಲ್ಲಿಸಲಾಗಿದೆ. ಧೃಡೀಕರಿಸಿ: http://phish-site.com,spam,general_spam,1,0.18,0.02,Kannada,0.99
What time is your appointment?,ham,service_updates,0,0.93,1.0,English,0.22
Credit card par 5% cashback,promo,general_promo,0,0.67,1.0,Hinglish,0.41
ಸರ್ಕಾರಿ ಯೋಜನೆ: ₹25000 ಪ್ರತಿ ತಿಂಗಳು. YES ಕಳುಹಿಸಿ,spam,general_spam,0,0.23,1.0,Kannada,0.79
Meeting rescheduled to 9:13,ham,personal,0,0.88,1.0,English,0.07
सरकारी योजना: ₹10000 हर महीने। YES भेजें,spam,general_spam,0,0.22,1.0,Hindi,0.83
Doctor appointment confirmed for 12:57,ham,service_updates,0,0.97,1.0,English,0.16
Bank error: Extra ₹10000 credited. Verify: http://phish-site.com,spam,financial_scams,1,0.1,0.17,English,0.79
स्टोर से bread ले आना,ham,personal,0,0.81,1.0,Hindi,0.16
Meeting rescheduled to 8:45,ham,personal,0,0.83,1.0,English,0.12
ವಿಶೇಷ ಆಫರ್: 70% ರಿಯಾಯಿತಿ,promo,general_promo,0,0.7,1.0,Kannada,0.45
Credit card par 5% cashback,promo,general_promo,0,0.64,1.0,Hinglish,0.49
"32 minute late, traffic mein",ham,personal,0,0.93,1.0,Hinglish,0.01
Free ho toh call karna,ham,personal,0,0.89,1.0,Hinglish,0.03
Free shipping on orders above ₹5000,promo,general_promo,0,0.69,1.0,English,0.46
सीमित समय: 1 खरीदो 1 मुफ्त। कोड SAVE26,promo,general_promo,0,0.77,1.0,Hindi,0.42
Your Netflix subscription expired. Update payment: http://phish-site.com,spam,general_spam,1,0.06,0.14,English,0.77
Thanks for your help with study,ham,personal,0,0.85,1.0,English,0.03
Limited time: 1 kharido 1 free. Code SAVE23,promo,general_promo,0,0.5,1.0,Hinglish,0.36
Tax refund of ₹50000 approved. Claim: http://phish-site.com,spam,general_spam,1,0.2,0.15,English,0.76
ಲೋನ್ ಅನುಮೋದಿತ! ₹50000 ಸಿಗುತ್ತಿದೆ. ಯಾವುದೇ ದಾಖಲೆಗಳಿಲ್ಲ. YES ಉತ್ತರಿಸಿ,spam,general_spam,0,0.16,1.0,Kannada,0.73
CONGRATULATIONS! You won MacBook. Claim: http://phish-site.com,spam,prize_scams,1,0.12,0.11,English,0.76
Your OTP is 535671. Do not share,ham,service_updates,0,0.89,1.0,English,0.16
Doctor appointment confirmed for 10:10,ham,service_updates,0,0.91,1.0,English,0.08
"Running 25 minutes late, stuck in traffic",ham,personal,0,0.82,1.0,English,0.19
Did you finish the presentation?,ham,personal,0,0.97,1.0,English,0.27
Limited time: Buy 1 Get 1 Free on electronics. Code: SAVE48,promo,general_promo,0,0.65,1.0,English,0.37
Kal meeting ka mat bhoolna. Time 10:53,ham,personal,0,0.92,1.0,Hinglish,0.04
CONGRATULATIONS! You won MacBook. Claim: http://phish-site.com,spam,prize_scams,1,0.13,0.15,English,0.9
Call me when you're free,ham,personal,0,0.82,1.0,English,0.17
Call me when you're free,ham,personal,0,0.96,1.0,English,0.1
Happy birthday! 🎉 See you tonight!,ham,personal,0,0.85,1.0,English,0.28
Free ho toh call karna,ham,personal,0,0.95,1.0,Hinglish,0.2
"Hey, kal dinner ke liye mil rahe? Time batao",ham,personal,0,0.99,1.0,Hinglish,0.22
Your UPI will be deactivated. Verify now: http://phish-site.com,spam,phishing_scams,1,0.22,0.14,English,0.77
Get 15% cashback on credit card spends,promo,general_promo,0,0.7,1.0,English,0.53
Get 5% cashback on credit card spends,promo,general_promo,0,0.77,1.0,English,0.52
Special offer: 50% discount,promo,promotional_offers,0,0.79,1.0,Hinglish,0.48
Tax refund of ₹50000 approved. Claim: http://phish-site.com,spam,general_spam,1,0.1,0.18,English,0.82
Limited time: 1 kharido 1 free. Code SAVE37,promo,general_promo,0,0.74,1.0,Hinglish,0.53
Get 10% cashback on credit card spends,promo,general_promo,0,0.54,1.0,English,0.56
Aadhaar verification failed. Update immediately: http://phish-site.com,spam,general_spam,1,0.26,0.01,English,0.89
जल्दी! आपका ICICI खाता निलंबित। सत्यापित करें: http://phish-site.com,spam,general_spam,1,0.01,0.09,Hindi,0.88
Your Spotify subscription expiring soon. Renew now,promo,service_updates,0,0.67,1.0,English,0.39
Working from home today,ham,personal,0,0.9,1.0,English,0.04
Alert: Aapke account mein suspicious activity. Call +91-7251411334,spam,financial_scams,0,0.29,1.0,Hinglish,0.92
Special offer: watch at 50% discount,promo,promotional_offers,0,0.76,1.0,English,0.33
Can you pick up milk from the store?,ham,personal,0,0.81,1.0,English,0.01
Limited time: 1 kharido 1 free. Code SAVE46,promo,general_promo,0,0.74,1.0,Hinglish,0.5
Refer a friend & get ₹25000 off,promo,general_promo,0,0.67,1.0,English,0.42
What time is your flight?,ham,personal,0,0.92,1.0,English,0.12
Work from home: Earn ₹5000 daily. No experience. Reply YES,spam,general_spam,0,0.21,1.0,English,0.76
Badhai ho! Aap jeete iPhone 15. Claim: http://phish-site.com,spam,general_spam,1,0.24,0.06,Hinglish,0.88
You are selected for ₹50000 cash prize. Call +91-7394836534,spam,prize_scams,0,0.11,1.0,English,0.98
Clearance sale: Limited stock available,promo,promotional_offers,0,0.74,1.0,English,0.37
"24 minute late, traffic mein",ham,personal,0,0.9,1.0,Hinglish,0.08
Jaldi! Aapka HDFC account suspend. Verify: http://phish-site.com,spam,financial_scams,1,0.26,0.09,Hinglish,0.87
Free shipping on orders above ₹50000,promo,general_promo,0,0.52,1.0,English,0.35
Badhai ho! Aap jeete car. Claim: http://phish-site.com,spam,general_spam,1,0.08,0.18,Hinglish,0.86
"41 minute late, traffic mein",ham,personal,0,0.91,1.0,Hinglish,0.16
Credit card par 15% cashback,promo,general_promo,0,0.67,1.0,Hinglish,0.39
Your device has virus. Download antivirus: http://phish-site.com,spam,general_spam,1,0.09,0.17,English,0.91
See you at cafe,ham,personal,0,0.95,1.0,English,0.07
Loan approved! Get ₹10000 instantly. No documents. Reply YES,spam,financial_scams,0,0.05,1.0,English,1.0
बधाई! आपने iPhone 15 जीता। दावा करें: http://phish-site.com,spam,general_spam,1,0.06,0.13,Hindi,0.8
सीमित समय: 1 खरीदो 1 मुफ्त। कोड SAVE42,promo,general_promo,0,0.6,1.0,Hindi,0.32
Your package delivery failed. Confirm address: http://phish-site.com,spam,general_spam,1,0.08,0.1,English,0.77
Can you pick up bread from the store?,ham,personal,0,0.98,1.0,English,0.14
Jaldi! Aapka HDFC account suspend. Verify: http://phish-site.com,spam,financial_scams,1,0.29,0.1,Hinglish,0.93
Kal dinner ka mat bhoolna. Time 11:45,ham,personal,0,0.99,1.0,Hinglish,0.08
Exclusive deal for you: 70% off,promo,general_promo,0,0.65,1.0,English,0.32
Happy birthday! 🎉 See you tonight!,ham,personal,0,0.89,1.0,English,0.03
"Hey, are we meeting for dinner today? Let me know",ham,personal,0,0.98,1.0,English,0.21
Get 5% cashback on credit card spends,promo,general_promo,0,0.69,1.0,English,0.4
ನಾಳೆ meeting ಮರೆಯಬೇಡಿ. ಸಮಯ 8:55,ham,personal,0,0.91,1.0,Kannada,0.04
Did you finish the assignment?,ham,personal,0,0.87,1.0,English,0.26
"Running 16 minutes late, stuck in traffic",ham,personal,0,0.86,1.0,English,0.11
चेतावनी: आपके खाते में संदिग्ध गतिविधि। कॉल +91-7935821507,spam,general_spam,0,0.08,1.0,Hindi,0.89
Package will be delivered today between 10-4,ham,personal,0,0.8,1.0,English,0.25
सरकारी योजना: ₹5000 हर महीने। YES भेजें,spam,general_spam,0,0.04,1.0,Hindi,0.9
Sarkari yojana: ₹10000 har mahine. YES bhejo,spam,general_spam,0,0.05,1.0,Hinglish,0.94
Credit card par 5% cashback,promo,general_promo,0,0.67,1.0,Hinglish,0.41
See you at cafe,ham,personal,0,0.98,1.0,English,0.21
Badhai ho! Aap jeete iPhone 15. Claim: http://phish-site.com,spam,general_spam,1,0.27,0.03,Hinglish,0.86
ಕ್ರೆಡಿಟ್ ಕಾರ್ಡ್ನಲ್ಲಿ 15% ಕ್ಯಾಶ್‌ಬ್ಯಾಕ್,promo,general_promo,0,0.72,1.0,Kannada,0.38
ಫ್ಲಾಶ್ ಸೇಲ್! laptop ನಲ್ಲಿ 60% ರಿಯಾಯಿತಿ. ಶಾಪಿಂಗ್: http://secure-site.com,promo,general_promo,1,0.6,0.85,Kannada,0.34
"ಹೇ, ನಾಳೆ dinner ಗೆ ಭೇಟಿ ಮಾಡುತ್ತಿದ್ದೀರಾ? ಸಮಯ ತಿಳಿಸಿ",ham,personal,0,0.86,1.0,Kannada,0.02
Free ho toh call karna,ham,personal,0,0.88,1.0,Hinglish,0.26
"Running 22 minutes late, stuck in traffic",ham,personal,0,0.96,1.0,English,0.06
"37 मिनट लेट, ट्रैफिक में",ham,personal,0,0.84,1.0,Hindi,0.05
Limited time: 1 kharido 1 free. Code SAVE11,promo,general_promo,0,0.68,1.0,Hinglish,0.46
जल्दी! आपका SBI खाता निलंबित। सत्यापित करें: http://phish-site.com,spam,general_spam,1,0.23,0.07,Hindi,0.81
Free shipping on orders above ₹50000,promo,general_promo,0,0.61,1.0,English,0.57
CONGRATULATIONS! You won car. Claim: http://phish-site.com,spam,prize_scams,1,0.14,0.15,English,0.85
Weekend special: Extra 60% off. Shop: http://secure-site.com,promo,general_promo,1,0.58,0.8,English,0.46
Store se milk le aana,ham,personal,0,0.9,1.0,Hinglish,0.14
Weekend special: Extra 70% off. Shop: http://secure-site.com,promo,general_promo,1,0.53,0.73,English,0.39
Weekend special: Extra 50% off. Shop: http://secure-site.com,promo,general_promo,1,0.69,0.72,English,0.37
Your device has virus. Download antivirus: http://phish-site.com,spam,general_spam,1,0.27,0.11,English,0.77
Kal dinner ka mat bhoolna. Time 12:17,ham,personal,0,0.89,1.0,Hinglish,0.21
Jaldi! Aapka Axis account suspend. Verify: http://phish-site.com,spam,financial_scams,1,0.14,0.16,Hinglish,0.9
Free ho toh call karna,ham,personal,0,0.84,1.0,Hinglish,0.06
New laptop collection launched! Use code SAVE16,promo,general_promo,0,0.67,1.0,English,0.38
Can you pick up medicine from the store?,ham,personal,0,0.94,1.0,English,0.27
Loan approved! Get ₹10000 instantly. No documents. Reply YES,spam,financial_scams,0,0.12,1.0,English,0.85
Package will be delivered today between 2-5,ham,personal,0,0.82,1.0,English,0.09
Aadhaar verification failed. Update immediately: http://phish-site.com,spam,general_spam,1,0.04,0.12,English,0.91
Aapka Spotify subscription jald khatam. Renew karo,promo,service_updates,0,0.59,1.0,Hinglish,0.44
ऋण स्वीकृत! ₹25000 मिल रहा। कोई कागजात नहीं। YES जवाब दें,spam,general_spam,0,0.18,1.0,Hindi,0.97
Happy birthday! 🎉 See you tonight!,ham,personal,0,0.96,1.0,English,0.19
Store se medicine le aana,ham,personal,0,0.83,1.0,Hinglish,0.11
"11 minute late, traffic mein",ham,personal,0,0.93,1.0,Hinglish,0.01
"Hey, are we meeting for dinner today? Let me know",ham,personal,0,0.92,1.0,English,0.13
फ्लैश सेल! laptop पर 40% छूट। खरीदारी: http://secure-site.com,promo,general_promo,1,0.51,0.84,Hindi,0.35
Your Amazon Prime subscription expiring soon. Renew now,promo,service_updates,0,0.79,1.0,English,0.43
You are selected for ₹25000 cash prize. Call +91-8929052720,spam,prize_scams,0,0.19,1.0,English,0.9
Happy birthday! 🎉 See you tonight!,ham,personal,0,0.9,1.0,English,0.18
Meeting rescheduled to 10:33,ham,personal,0,0.82,1.0,English,0.15
ಇಂದು meeting ಯಾವಾಗ?,ham,personal,0,0.83,1.0,Kannada,0.14
"ಹೇ, ನಾಳೆ dinner ಗೆ ಭೇಟಿ ಮಾಡುತ್ತಿದ್ದೀರಾ? ಸಮಯ ತಿಳಿಸಿ",ham,personal,0,0.82,1.0,Kannada,0.24
"Running 23 minutes late, stuck in traffic",ham,personal,0,0.99,1.0,English,0.09
What time is your flight?,ham,personal,0,0.94,1.0,English,0.07
Credit card par 10% cashback,promo,general_promo,0,0.69,1.0,Hinglish,0.32
कल meeting का मत भूलना। समय 3:51,ham,personal,0,0.92,1.0,Hindi,0.25
You are selected for ₹10000 cash prize. Call +91-9501672668,spam,prize_scams,0,0.22,1.0,English,0.75
Exclusive deal for you: 60% off,promo,general_promo,0,0.62,1.0,English,0.5
Seasonal sale: Prices slashed by 50%,promo,promotional_offers,0,0.77,1.0,English,0.42
कल dinner का मत भूलना। समय 10:32,ham,personal,0,0.91,1.0,Hindi,0.28
Package will be delivered today between 9-11,ham,personal,0,0.96,1.0,English,0.26
Clearance sale: Limited stock available,promo,promotional_offers,0,0.69,1.0,English,0.57
Weekend special: Extra 50% off. Shop: http://secure-site.com,promo,general_promo,1,0.59,0.85,English,0.58
You are selected for ₹10000 cash prize. Call +91-7132897478,spam,prize_scams,0,0.09,1.0,English,0.88
Store se milk le aana,ham,personal,0,0.81,1.0,Hinglish,0.13
Aaj flight kab hai?,ham,personal,0,0.92,1.0,Hinglish,0.2
Work from home: Earn ₹25000 daily. No experience. Reply YES,spam,general_spam,0,0.17,1.0,English,0.85
Kal meeting ka mat bhoolna. Time 6:10,ham,personal,0,0.85,1.0,Hinglish,0.28
Aaj appointment kab hai?,ham,service_updates,0,0.97,1.0,Hinglish,0.01
Government scheme: Get ₹25000 monthly. Send YES,spam,general_spam,0,0.03,1.0,English,0.9
Don't forget about meeting tomorrow at 4:22,ham,personal,0,0.96,1.0,English,0.27
Can you pick up bread from the store?,ham,personal,0,0.89,1.0,English,0.13
Doctor appointment confirmed for 6:50,ham,service_updates,0,0.89,1.0,English,0.02
Aapka Netflix subscription jald khatam. Renew karo,promo,service_updates,0,0.73,1.0,Hinglish,0.33
ಅಭಿನಂದನೆಗಳು! ನೀವು iPhone 15 ಗೆದ್ದಿದ್ದೀರಿ. ಕ್ಲೈಮ್: http://phish-site.com,spam,general_spam,1,0.08,0.11,Kannada,0.74
फ्री हो तो कॉल करना,ham,personal,0,0.94,1.0,Hindi,0.12
Get 10% cashback on credit card spends,promo,general_promo,0,0.61,1.0,English,0.37
जल्दी! आपका HDFC खाता निलंबित। सत्यापित करें: http://phish-site.com,spam,general_spam,1,0.13,0.1,Hindi,0.72
"Hey, are we meeting for meeting today? Let me know",ham,personal,0,0.97,1.0,English,0.23
"Hey, kal dinner ke liye mil rahe? Time batao",ham,personal,0,0.95,1.0,Hinglish,0.01
Aadhaar verification failed. Update immediately: http://phish-site.com,spam,general_spam,1,0.25,0.05,English,0.93
Special offer: 50% discount,promo,promotional_offers,0,0.77,1.0,Hinglish,0.36
Loan approved! Get ₹5000 instantly. No documents. Reply YES,spam,financial_scams,0,0.2,1.0,English,0.96
Kal lunch ka mat bhoolna. Time 3:32,ham,personal,0,0.83,1.0,Hinglish,0.05
Get 10% cashback on credit card spends,promo,general_promo,0,0.67,1.0,English,0.51
Alert: Aapke account mein suspicious activity. Call +91-8574553514,spam,financial_scams,0,0.12,1.0,Hinglish,0.88
ಇಂದು meeting ಯಾವಾಗ?,ham,personal,0,0.83,1.0,Kannada,0.03
Store se bread le aana,ham,personal,0,0.83,1.0,Hinglish,0.05
"हे, कल meeting के लिए मिल रहे? समय बताओ",ham,personal,0,0.93,1.0,Hindi,0.13
What time is your flight?,ham,personal,0,0.86,1.0,English,0.13
You are selected for ₹5000 cash prize. Call +91-9076372820,spam,prize_scams,0,0.21,1.0,English,0.81
Kal dinner ka mat bhoolna. Time 8:28,ham,personal,0,0.96,1.0,Hinglish,0.05
Tax refund of ₹25000 approved. Claim: http://phish-site.com,spam,general_spam,1,0.07,0.01,English,0.84
Working from home today,ham,personal,0,0.82,1.0,English,0.23
सीमित समय: 1 खरीदो 1 मुफ्त। कोड SAVE33,promo,general_promo,0,0.56,1.0,Hindi,0.33
Badhai ho! Aap jeete MacBook. Claim: http://phish-site.com,spam,general_spam,1,0.21,0.08,Hinglish,0.73
Can you pick up bread from the store?,ham,personal,0,0.82,1.0,English,0.27
कल lunch का मत भूलना। समय 4:42,ham,personal,0,0.84,1.0,Hindi,0.21
Don't forget about meeting tomorrow at 8:03,ham,personal,0,0.94,1.0,English,0.1
क्रेडिट कार्ड पर 5% कैशबैक,promo,general_promo,0,0.52,1.0,Hindi,0.36
ಸ್ಟೋರ್ನಿಂದ milk ತೆಗೆದುಕೊಳ್ಳಿ,ham,personal,0,0.97,1.0,Kannada,0.14
Limited time: 1 kharido 1 free. Code SAVE16,promo,general_promo,0,0.6,1.0,Hinglish,0.35
Your device has virus. Download antivirus: http://phish-site.com,spam,general_spam,1,0.19,0.14,English,0.83
Limited time: Buy 1 Get 1 Free on fashion. Code: SAVE13,promo,general_promo,0,0.57,1.0,English,0.37
कल meeting का मत भूलना। समय 7:42,ham,personal,0,0.84,1.0,Hindi,0.18
Sarkari yojana: ₹5000 har mahine. YES bhejo,spam,general_spam,0,0.23,1.0,Hinglish,0.9
सीमित समय: 1 खरीदो 1 मुफ्त। कोड SAVE23,promo,general_promo,0,0.64,1.0,Hindi,0.48
Sarkari yojana: ₹5000 har mahine. YES bhejo,spam,general_spam,0,0.18,1.0,Hinglish,0.93
Member exclusive: Extra 60% off,promo,general_promo,0,0.56,1.0,English,0.56
बधाई! आपने iPhone 15 जीता। दावा करें: http://phish-site.com,spam,general_spam,1,0.28,0.04,Hindi,0.92
Tax refund of ₹25000 approved. Claim: http://phish-site.com,spam,general_spam,1,0.2,0.19,English,0.89
Your Spotify subscription expired. Update payment: http://phish-site.com,spam,general_spam,1,0.02,0.1,English,0.99
फ्री हो तो कॉल करना,ham,personal,0,0.88,1.0,Hindi,0.15
"45 ನಿಮಿಷ ತಡವಾಗಿ, ಟ್ರಾಫಿಕ್ನಲ್ಲಿ",ham,personal,0,0.92,1.0,Kannada,0.29
Your device has virus. Download antivirus: http://phish-site.com,spam,general_spam,1,0.07,0.13,English,0.71
चेतावनी: आपके खाते में संदिग्ध गतिविधि। कॉल +91-8221442933,spam,general_spam,0,0.06,1.0,Hindi,0.76
CONGRATULATIONS! You won car. Claim: http://phish-site.com,spam,prize_scams,1,0.1,0.18,English,0.85
Jaldi! Aapka HDFC account suspend. Verify: http://phish-site.com,spam,financial_scams,1,0.22,0.17,Hinglish,0.84
Free ho toh call karna,ham,personal,0,0.97,1.0,Hinglish,0.07
Badhai ho! Aap jeete iPhone 15. Claim: http://phish-site.com,spam,general_spam,1,0.18,0.07,Hinglish,0.75
Aaj flight kab hai?,ham,personal,0,0.84,1.0,Hinglish,0.07
स्टोर से medicine ले आना,ham,personal,0,0.93,1.0,Hindi,0.22
FLASH SALE: 40% OFF on watch. Shop now: http://secure-site.com,promo,promotional_offers,1,0.76,0.74,English,0.59
आपका Amazon Prime सब्सक्रिप्शन जल्द खत्म। नवीनीकरण करें,promo,general_promo,0,0.78,1.0,Hindi,0.6
ಲೋನ್ ಅನುಮೋದಿತ! ₹25000 ಸಿಗುತ್ತಿದೆ. ಯಾವುದೇ ದಾಖಲೆಗಳಿಲ್ಲ. YES ಉತ್ತರಿಸಿ,spam,general_spam,0,0.05,1.0,Kannada,0.78
Store se medicine le aana,ham,personal,0,0.87,1.0,Hinglish,0.1
"19 minute late, traffic mein",ham,personal,0,0.8,1.0,Hinglish,0.05
Jaldi! Aapka SBI account suspend. Verify: http://phish-site.com,spam,financial_scams,1,0.17,0.05,Hinglish,0.89
विशेष ऑफर: 40% छूट,promo,general_promo,0,0.5,1.0,Hindi,0.44
Free shipping on orders above ₹50000,promo,general_promo,0,0.6,1.0,English,0.44
Alert: Aapke account mein suspicious activity. Call +91-7810697018,spam,financial_scams,0,0.25,1.0,Hinglish,0.83
Thanks for your help with work,ham,personal,0,0.92,1.0,English,0.23
Working from home today,ham,personal,0,0.88,1.0,English,0.27
Package will be delivered today between 10-10,ham,personal,0,0.97,1.0,English,0.27
ಉಚಿತವಾಗಿದ್ದರೆ ಕರೆ ಮಾಡಿ,ham,personal,0,0.99,1.0,Kannada,0.21
Bank error: Extra ₹50000 credited. Verify: http://phish-site.com,spam,financial_scams,1,0.06,0.12,English,0.92
Store se milk le aana,ham,personal,0,0.96,1.0,Hinglish,0.24
Thanks for your help with work,ham,personal,0,0.83,1.0,English,0.01
Special offer: 70% discount,promo,promotional_offers,0,0.74,1.0,Hinglish,0.5
"CONGRATULATIONS! You won ₹50,000. Claim: http://phish-site.com",spam,prize_scams,1,0.18,0.17,English,0.74
Kal meeting ka mat bhoolna. Time 12:03,ham,personal,0,0.97,1.0,Hinglish,0.14
Kal lunch ka mat bhoolna. Time 7:06,ham,personal,0,0.81,1.0,Hinglish,0.16
"Running 25 minutes late, stuck in traffic",ham,personal,0,0.8,1.0,English,0.24
Happy birthday! 🎉 See you tonight!,ham,personal,0,0.88,1.0,English,0.21
Happy birthday! 🎉 See you tonight!,ham,personal,0,0.98,1.0,English,0.1
"हे, कल dinner के लिए मिल रहे? समय बताओ",ham,personal,0,0.88,1.0,Hindi,0.03
Doctor appointment confirmed for 2:27,ham,service_updates,0,0.91,1.0,English,0.18
सरकारी योजना: ₹10000 हर महीने। YES भेजें,spam,general_spam,0,0.25,1.0,Hindi,0.72
Thanks for your help with study,ham,personal,0,0.85,1.0,English,0.14
Sarkari yojana: ₹50000 har mahine. YES bhejo,spam,general_spam,0,0.22,1.0,Hinglish,0.74
फ्री हो तो कॉल करना,ham,personal,0,0.85,1.0,Hindi,0.17
चेतावनी: आपके खाते में संदिग्ध गतिविधि। कॉल +91-7502212066,spam,general_spam,0,0.06,1.0,Hindi,0.88
Aapka Spotify subscription jald khatam. Renew karo,promo,service_updates,0,0.73,1.0,Hinglish,0.35
Flash sale! headphones par 70% off. Shopping: http://secure-site.com,promo,promotional_offers,1,0.72,0.82,Hinglish,0.38
Loan approved! Get ₹5000 instantly. No documents. Reply YES,spam,financial_scams,0,0.09,1.0,English,0.72
Member exclusive: Extra 50% off,promo,general_promo,0,0.54,1.0,English,0.4
आज meeting कब है?,ham,personal,0,0.8,1.0,Hindi,0.28
"Hey, kal meeting ke liye mil rahe? Time batao",ham,personal,0,0.94,1.0,Hinglish,0.04
Exclusive deal for you: 20% off,promo,general_promo,0,0.79,1.0,English,0.59
Your package delivery failed. Confirm address: http://phish-site.com,spam,general_spam,1,0.23,0.06,English,0.86
ನಿಮ್ಮ Netflix ಚಂದಾದಾರಿಕೆ ಶೀಘ್ರದಲ್ಲೇ ಮುಗಿಯುತ್ತದೆ. ನವೀಕರಿಸಿ,promo,general_promo,0,0.54,1.0,Kannada,0.43
क्रेडिट कार्ड पर 5% कैशबैक,promo,general_promo,0,0.66,1.0,Hindi,0.4
Special offer: laptop at 40% discount,promo,promotional_offers,0,0.57,1.0,English,0.44
Flash sale! watch par 60% off. Shopping: http://secure-site.com,promo,promotional_offers,1,0.6,0.76,Hinglish,0.54
Can you pick up milk from the store?,ham,personal,0,0.89,1.0,English,0.17
"Hey, kal lunch ke liye mil rahe? Time batao",ham,personal,0,0.96,1.0,Hinglish,0.07
Aaj flight kab hai?,ham,personal,0,0.91,1.0,Hinglish,0.24
ಸರ್ಕಾರಿ ಯೋಜನೆ: ₹5000 ಪ್ರತಿ ತಿಂಗಳು. YES ಕಳುಹಿಸಿ,spam,general_spam,0,0.29,1.0,Kannada,0.79
Credit card par 5% cashback,promo,general_promo,0,0.76,1.0,Hinglish,0.44
FLASH SALE: 70% OFF on smartphone. Shop now: http://secure-site.com,promo,promotional_offers,1,0.66,0.72,English,0.47
Work from home: Earn ₹50000 daily. No experience. Reply YES,spam,general_spam,0,0.29,1.0,English,0.87
Limited time: 1 kharido 1 free. Code SAVE41,promo,general_promo,0,0.59,1.0,Hinglish,0.44
Birthday treat: 20% off for you!,promo,general_promo,0,0.75,1.0,English,0.36
Birthday treat: 60% off for you!,promo,general_promo,0,0.54,1.0,English,0.49
Get 15% cashback on credit card spends,promo,general_promo,0,0.63,1.0,English,0.39
URGENT: Your Axis account suspended. Verify now: http://phish-site.com,spam,financial_scams,1,0.11,0.18,English,0.91
Free ho toh call karna,ham,personal,0,0.82,1.0,Hinglish,0.24
Aapka Netflix subscription jald khatam. Renew karo,promo,service_updates,0,0.53,1.0,Hinglish,0.41
क्रेडिट कार्ड पर 10% कैशबैक,promo,general_promo,0,0.58,1.0,Hindi,0.32
Work from home: Earn ₹10000 daily. No experience. Reply YES,spam,general_spam,0,0.28,1.0,English,0.97
स्टोर से bread ले आना,ham,personal,0,0.89,1.0,Hindi,0.04
Jaldi! Aapka SBI account suspend. Verify: http://phish-site.com,spam,financial_scams,1,0.08,0.12,Hinglish,0.88
"ಹೇ, ನಾಳೆ lunch ಗೆ ಭೇಟಿ ಮಾಡುತ್ತಿದ್ದೀರಾ? ಸಮಯ ತಿಳಿಸಿ",ham,personal,0,0.95,1.0,Kannada,0.23
Tax refund of ₹10000 approved. Claim: http://phish-site.com,spam,general_spam,1,0.25,0.05,English,0.83
Flash sale! headphones par 30% off. Shopping: http://secure-site.com,promo,promotional_offers,1,0.69,0.82,Hinglish,0.42
आपका Spotify सब्सक्रिप्शन जल्द खत्म। नवीनीकरण करें,promo,general_promo,0,0.77,1.0,Hindi,0.54
Bank error: Extra ₹5000 credited. Verify: http://phish-site.com,spam,financial_scams,1,0.3,0.18,English,0.9
Did you finish the report?,ham,personal,0,0.88,1.0,English,0.09
ಸರ್ಕಾರಿ ಯೋಜನೆ: ₹5000 ಪ್ರತಿ ತಿಂಗಳು. YES ಕಳುಹಿಸಿ,spam,general_spam,0,0.24,1.0,Kannada,0.75
See you at cafe,ham,personal,0,0.81,1.0,English,0.24
"29 मिनट लेट, ट्रैफिक में",ham,personal,0,0.93,1.0,Hindi,0.17
सरकारी योजना: ₹25000 हर महीने। YES भेजें,spam,general_spam,0,0.27,1.0,Hindi,0.82
Seasonal sale: Prices slashed by 30%,promo,promotional_offers,0,0.75,1.0,English,0.41
क्रेडिट कार्ड पर 5% कैशबैक,promo,general_promo,0,0.54,1.0,Hindi,0.37
Did you finish the presentation?,ham,personal,0,0.82,1.0,English,0.06
फ्लैश सेल! smartphone पर 30% छूट। खरीदारी: http://secure-site.com,promo,general_promo,1,0.62,0.85,Hindi,0.38
Kal dinner ka mat bhoolna. Time 10:32,ham,personal,0,0.92,1.0,Hinglish,0.19
"28 मिनट लेट, ट्रैफिक में",ham,personal,0,0.88,1.0,Hindi,0.16
You are selected for ₹10000 cash prize. Call +91-7052532880,spam,prize_scams,0,0.15,1.0,English,1.0
ಉಚಿತವಾಗಿದ್ದರೆ ಕರೆ ಮಾಡಿ,ham,personal,0,0.96,1.0,Kannada,0.22
Store se milk le aana,ham,personal,0,0.99,1.0,Hinglish,0.04
आज appointment कब है?,ham,service_updates,0,0.96,1.0,Hindi,0.17
ನಿಮ್ಮ Netflix ಚಂದಾದಾರಿಕೆ ಶೀಘ್ರದಲ್ಲೇ ಮುಗಿಯುತ್ತದೆ. ನವೀಕರಿಸಿ,promo,general_promo,0,0.61,1.0,Kannada,0.46
ऋण स्वीकृत! ₹50000 मिल रहा। कोई कागजात नहीं। YES जवाब दें,spam,general_spam,0,0.19,1.0,Hindi,0.77
Member exclusive: Extra 60% off,promo,general_promo,0,0.72,1.0,English,0.38
फ्लैश सेल! smartphone पर 20% छूट। खरीदारी: http://secure-site.com,promo,general_promo,1,0.52,0.82,Hindi,0.39
Your UPI will be deactivated. Verify now: http://phish-site.com,spam,phishing_scams,1,0.24,0.04,English,0.99
आपका Netflix सब्सक्रिप्शन जल्द खत्म। नवीनीकरण करें,promo,general_promo,0,0.77,1.0,Hindi,0.41
You are selected for ₹50000 cash prize. Call +91-9607614152,spam,prize_scams,0,0.16,1.0,English,0.98
"हे, कल meeting के लिए मिल रहे? समय बताओ",ham,personal,0,0.94,1.0,Hindi,0.12
आपका Spotify सब्सक्रिप्शन जल्द खत्म। नवीनीकरण करें,promo,general_promo,0,0.57,1.0,Hindi,0.42
कल dinner का मत भूलना। समय 10:46,ham,personal,0,1.0,1.0,Hindi,0.08
SECURITY ALERT: Suspicious login detected. Secure account: http://phish-site.com,spam,financial_scams,1,0.12,0.06,English,0.96
फ्लैश सेल! watch पर 40% छूट। खरीदारी: http://secure-site.com,promo,general_promo,1,0.63,0.83,Hindi,0.59
Loan approved! Get ₹10000 instantly. No documents. Reply YES,spam,financial_scams,0,0.08,1.0,English,0.98
फ्री हो तो कॉल करना,ham,personal,0,0.85,1.0,Hindi,0.06
ಇಂದು meeting ಯಾವಾಗ?,ham,personal,0,0.88,1.0,Kannada,0.24
Store se bread le aana,ham,personal,0,0.99,1.0,Hinglish,0.09
Your Netflix subscription expiring soon. Renew now,promo,service_updates,0,0.67,1.0,English,0.42
Doctor appointment confirmed for 9:52,ham,service_updates,0,0.96,1.0,English,0.29
ऋण स्वीकृत! ₹25000 मिल रहा। कोई कागजात नहीं। YES जवाब दें,spam,general_spam,0,0.16,1.0,Hindi,0.83
"44 minute late, traffic mein",ham,personal,0,0.8,1.0,Hinglish,0.29
आज flight कब है?,ham,personal,0,0.82,1.0,Hindi,0.02
Badhai ho! Aap jeete iPhone 15. Claim: http://phish-site.com,spam,general_spam,1,0.06,0.14,Hinglish,0.84
सरकारी योजना: ₹10000 हर महीने। YES भेजें,spam,general_spam,0,0.03,1.0,Hindi,0.75
Free ho toh call karna,ham,personal,0,0.85,1.0,Hinglish,0.28
Thanks for your help with study,ham,personal,0,0.95,1.0,English,0.23
Package will be delivered today between 12-3,ham,personal,0,0.87,1.0,English,0.1
Alert: Aapke account mein suspicious activity. Call +91-7113558451,spam,financial_scams,0,0.14,1.0,Hinglish,0.98
Bank error: Extra ₹5000 credited. Verify: http://phish-site.com,spam,financial_scams,1,0.07,0.07,English,0.92
ಎಚ್ಚರಿಕೆ: ನಿಮ್ಮ ಖಾತೆಯಲ್ಲಿ ಸಂಶಯಾಸ್ಪದ ಚಟುವಟಿಕೆ. ಕಾಲ್ +91-9113135604,spam,general_spam,0,0.02,1.0,Kannada,0.92
Special offer: 50% discount,promo,promotional_offers,0,0.61,1.0,Hinglish,0.52
ಎಚ್ಚರಿಕೆ: ನಿಮ್ಮ ಖಾತೆಯಲ್ಲಿ ಸಂಶಯಾಸ್ಪದ ಚಟುವಟಿಕೆ. ಕಾಲ್ +91-7424893776,spam,general_spam,0,0.15,1.0,Kannada,0.88
आपका Amazon Prime सब्सक्रिप्शन जल्द खत्म। नवीनीकरण करें,promo,general_promo,0,0.75,1.0,Hindi,0.52
Limited time: 1 kharido 1 free. Code SAVE16,promo,general_promo,0,0.74,1.0,Hinglish,0.46
Work from home: Earn ₹10000 daily. No experience. Reply YES,spam,general_spam,0,0.17,1.0,English,0.81
Your UPI will be deactivated. Verify now: http://phish-site.com,spam,phishing_scams,1,0.01,0.05,English,0.7
See you at office,ham,personal,0,0.82,1.0,English,0.12
Clearance sale: Limited stock available,promo,promotional_offers,0,0.51,1.0,English,0.38
आज appointment कब है?,ham,service_updates,0,0.97,1.0,Hindi,0.09
आज flight कब है?,ham,personal,0,0.88,1.0,Hindi,0.13
New headphones collection launched! Use code SAVE38,promo,general_promo,0,0.73,1.0,English,0.38
Free shipping on orders above ₹10000,promo,general_promo,0,0.61,1.0,English,0.35
Free ho toh call karna,ham,personal,0,0.93,1.0,Hinglish,0.18
ಲೋನ್ ಅನುಮೋದಿತ! ₹10000 ಸಿಗುತ್ತಿದೆ. ಯಾವುದೇ ದಾಖಲೆಗಳಿಲ್ಲ. YES ಉತ್ತರಿಸಿ,spam,general_spam,0,0.16,1.0,Kannada,0.93
सरकारी योजना: ₹5000 हर महीने। YES भेजें,spam,general_spam,0,0.21,1.0,Hindi,0.95
"Hey, are we meeting for meeting today? Let me know",ham,personal,0,0.98,1.0,English,0.01
Get 5% cashback on credit card spends,promo,general_promo,0,0.65,1.0,English,0.49
Alert: Aapke account mein suspicious activity. Call +91-8645256255,spam,financial_scams,0,0.11,1.0,Hinglish,0.98
Your Spotify subscription expiring soon. Renew now,promo,service_updates,0,0.61,1.0,English,0.33
Aaj meeting kab hai?,ham,personal,0,0.95,1.0,Hinglish,0.27
ನಾಳೆ meeting ಮರೆಯಬೇಡಿ. ಸಮಯ 2:12,ham,personal,0,0.94,1.0,Kannada,0.23
Your device has virus. Download antivirus: http://phish-site.com,spam,general_spam,1,0.07,0.14,English,0.86
Flash sale! watch par 30% off. Shopping: http://secure-site.com,promo,promotional_offers,1,0.6,0.78,Hinglish,0.45
Your device has virus. Download antivirus: http://phish-site.com,spam,general_spam,1,0.04,0.07,English,0.82
Badhai ho! Aap jeete car. Claim: http://phish-site.com,spam,general_spam,1,0.18,0.02,Hinglish,0.72
"हे, कल meeting के लिए मिल रहे? समय बताओ",ham,personal,0,1.0,1.0,Hindi,0.0
FLASH SALE: 20% OFF on watch. Shop now: http://secure-site.com,promo,promotional_offers,1,0.65,0.84,English,0.55
ಉಚಿತವಾಗಿದ್ದರೆ ಕರೆ ಮಾಡಿ,ham,personal,0,0.87,1.0,Kannada,0.09
ತ್ವರಿತ! ನಿಮ್ಮ HDFC ಖಾತೆ ನಿಲ್ಲಿಸಲಾಗಿದೆ. ಧೃಡೀಕರಿಸಿ: http://phish-site.com,spam,general_spam,1,0.2,0.18,Kannada,0.8
"12 मिनट लेट, ट्रैफिक में",ham,personal,0,0.89,1.0,Hindi,0.14
Aapka Amazon Prime subscription jald khatam. Renew karo,promo,service_updates,0,0.53,1.0,Hinglish,0.51
Government scheme: Get ₹5000 monthly. Send YES,spam,general_spam,0,0.05,1.0,English,0.88
Your package delivery failed. Confirm address: http://phish-site.com,spam,general_spam,1,0.15,0.19,English,0.82
Your Spotify subscription expired. Update payment: http://phish-site.com,spam,general_spam,1,0.12,0.05,English,0.91
Aadhaar verification failed. Update immediately: http://phish-site.com,spam,general_spam,1,0.03,0.1,English,0.77
ಲೋನ್ ಅನುಮೋದಿತ! ₹5000 ಸಿಗುತ್ತಿದೆ. ಯಾವುದೇ ದಾಖಲೆಗಳಿಲ್ಲ. YES ಉತ್ತರಿಸಿ,spam,general_spam,0,0.07,1.0,Kannada,0.95
"Badhai ho! Aap jeete ₹50,000. Claim: http://phish-site.com",spam,general_spam,1,0.04,0.09,Hinglish,0.79
Sarkari yojana: ₹25000 har mahine. YES bhejo,spam,general_spam,0,0.24,1.0,Hinglish,0.95
Did you finish the report?,ham,personal,0,0.97,1.0,English,0.04
Badhai ho! Aap jeete car. Claim: http://phish-site.com,spam,general_spam,1,0.06,0.2,Hinglish,0.97
चेतावनी: आपके खाते में संदिग्ध गतिविधि। कॉल +91-9133432917,spam,general_spam,0,0.0,1.0,Hindi,0.73
Alert: Aapke account mein suspicious activity. Call +91-9486344289,spam,financial_scams,0,0.18,1.0,Hinglish,0.85
जल्दी! आपका ICICI खाता निलंबित। सत्यापित करें: http://phish-site.com,spam,general_spam,1,0.28,0.09,Hindi,0.9
What time is your appointment?,ham,service_updates,0,0.91,1.0,English,0.24
Bank error: Extra ₹50000 credited. Verify: http://phish-site.com,spam,financial_scams,1,0.3,0.03,English,0.87
Your UPI will be deactivated. Verify now: http://phish-site.com,spam,phishing_scams,1,0.1,0.11,English,0.71
Jaldi! Aapka SBI account suspend. Verify: http://phish-site.com,spam,financial_scams,1,0.12,0.04,Hinglish,0.83
Store se bread le aana,ham,personal,0,0.91,1.0,Hinglish,0.15
Your Amazon Prime subscription expiring soon. Renew now,promo,service_updates,0,0.63,1.0,English,0.35
फ्री हो तो कॉल करना,ham,personal,0,0.96,1.0,Hindi,0.21
Your Netflix subscription expired. Update payment: http://phish-site.com,spam,general_spam,1,0.18,0.04,English,0.81
FLASH SALE: 20% OFF on watch. Shop now: http://secure-site.com,promo,promotional_offers,1,0.79,0.78,English,0.59
Government scheme: Get ₹10000 monthly. Send YES,spam,general_spam,0,0.27,1.0,English,0.76
ಎಚ್ಚರಿಕೆ: ನಿಮ್ಮ ಖಾತೆಯಲ್ಲಿ ಸಂಶಯಾಸ್ಪದ ಚಟುವಟಿಕೆ. ಕಾಲ್ +91-9943412599,spam,general_spam,0,0.03,1.0,Kannada,0.96
Did you finish the assignment?,ham,personal,0,0.83,1.0,English,0.14
Kal meeting ka mat bhoolna. Time 1:39,ham,personal,0,0.94,1.0,Hinglish,0.05
Kal meeting ka mat bhoolna. Time 9:07,ham,personal,0,0.97,1.0,Hinglish,0.11
Happy birthday! 🎉 See you tonight!,ham,personal,0,1.0,1.0,English,0.22
"ಹೇ, ನಾಳೆ lunch ಗೆ ಭೇಟಿ ಮಾಡುತ್ತಿದ್ದೀರಾ? ಸಮಯ ತಿಳಿಸಿ",ham,personal,0,0.86,1.0,Kannada,0.16
Your Netflix subscription expiring soon. Renew now,promo,service_updates,0,0.8,1.0,English,0.31
Exclusive deal for you: 40% off,promo,general_promo,0,0.57,1.0,English,0.5
"CONGRATULATIONS! You won ₹50,000. Claim: http://phish-site.com",spam,prize_scams,1,0.06,0.12,English,0.81
Jaldi! Aapka Axis account suspend. Verify: http://phish-site.com,spam,financial_scams,1,0.16,0.13,Hinglish,0.85
Working from home today,ham,personal,0,0.98,1.0,English,0.29
What time is your flight?,ham,personal,0,1.0,1.0,English,0.12
Sarkari yojana: ₹25000 har mahine. YES bhejo,spam,general_spam,0,0.2,1.0,Hinglish,0.76
"14 ನಿಮಿಷ ತಡವಾಗಿ, ಟ್ರಾಫಿಕ್ನಲ್ಲಿ",ham,personal,0,0.94,1.0,Kannada,0.21
What time is your flight?,ham,personal,0,0.94,1.0,English,0.24
जल्दी! आपका SBI खाता निलंबित। सत्यापित करें: http://phish-site.com,spam,general_spam,1,0.26,0.01,Hindi,0.86
"Hey, kal meeting ke liye mil rahe? Time batao",ham,personal,0,0.91,1.0,Hinglish,0.1
Credit card par 5% cashback,promo,general_promo,0,0.77,1.0,Hinglish,0.48
"ಹೇ, ನಾಳೆ dinner ಗೆ ಭೇಟಿ ಮಾಡುತ್ತಿದ್ದೀರಾ? ಸಮಯ ತಿಳಿಸಿ",ham,personal,0,0.81,1.0,Kannada,0.22
Clearance sale: Limited stock available,promo,promotional_offers,0,0.72,1.0,English,0.51
Credit card par 5% cashback,promo,general_promo,0,0.73,1.0,Hinglish,0.54
Free ho toh call karna,ham,personal,0,0.81,1.0,Hinglish,0.13
"हे, कल meeting के लिए मिल रहे? समय बताओ",ham,personal,0,0.86,1.0,Hindi,0.03
Thanks for your help with study,ham,personal,0,0.82,1.0,English,0.01
Your Amazon Prime subscription expiring soon. Renew now,promo,service_updates,0,0.77,1.0,English,0.4
"11 minute late, traffic mein",ham,personal,0,0.83,1.0,Hinglish,0.28
Kal lunch ka mat bhoolna. Time 2:55,ham,personal,0,0.9,1.0,Hinglish,0.03
"36 ನಿಮಿಷ ತಡವಾಗಿ, ಟ್ರಾಫಿಕ್ನಲ್ಲಿ",ham,personal,0,0.84,1.0,Kannada,0.06
Happy birthday! 🎉 See you tonight!,ham,personal,0,0.99,1.0,English,0.09
"हे, कल meeting के लिए मिल रहे? समय बताओ",ham,personal,0,0.93,1.0,Hindi,0.1
स्टोर से bread ले आना,ham,personal,0,0.91,1.0,Hindi,0.1
ನಾಳೆ meeting ಮರೆಯಬೇಡಿ. ಸಮಯ 9:28,ham,personal,0,0.82,1.0,Kannada,0.28
Don't forget about meeting tomorrow at 1:16,ham,personal,0,0.99,1.0,English,0.14
Aadhaar verification failed. Update immediately: http://phish-site.com,spam,general_spam,1,0.28,0.11,English,0.8
Alert: Aapke account mein suspicious activity. Call +91-9854367015,spam,financial_scams,0,0.11,1.0,Hinglish,0.76
सीमित समय: 1 खरीदो 1 मुफ्त। कोड SAVE35,promo,general_promo,0,0.75,1.0,Hindi,0.54
सरकारी योजना: ₹25000 हर महीने। YES भेजें,spam,general_spam,0,0.19,1.0,Hindi,0.86
"31 minute late, traffic mein",ham,personal,0,0.85,1.0,Hinglish,0.14
Flash sale! smartphone par 70% off. Shopping: http://secure-site.com,promo,promotional_offers,1,0.54,0.85,Hinglish,0.51
फ्री हो तो कॉल करना,ham,personal,0,0.89,1.0,Hindi,0.21
Limited time: 1 kharido 1 free. Code SAVE36,promo,general_promo,0,0.55,1.0,Hinglish,0.55
ಸ್ಟೋರ್ನಿಂದ medicine ತೆಗೆದುಕೊಳ್ಳಿ,ham,personal,0,0.96,1.0,Kannada,0.11
Free ho toh call karna,ham,personal,0,0.94,1.0,Hinglish,0.1
Special offer: laptop at 20% discount,promo,promotional_offers,0,0.59,1.0,English,0.39
"17 मिनट लेट, ट्रैफिक में",ham,personal,0,0.93,1.0,Hindi,0.21
Loan approve! ₹50000 mil raha. Documents nahi. Reply YES,spam,financial_scams,0,0.04,1.0,Hinglish,0.89
Can you pick up medicine from the store?,ham,personal,0,0.85,1.0,English,0.2
See you at mall,ham,personal,0,0.81,1.0,English,0.02
Can you pick up bread from the store?,ham,personal,0,0.92,1.0,English,0.19
"हे, कल meeting के लिए मिल रहे? समय बताओ",ham,personal,0,0.9,1.0,Hindi,0.29
ಕ್ರೆಡಿಟ್ ಕಾರ್ಡ್ನಲ್ಲಿ 15% ಕ್ಯಾಶ್‌ಬ್ಯಾಕ್,promo,general_promo,0,0.67,1.0,Kannada,0.37
"Hey, are we meeting for lunch today? Let me know",ham,personal,0,1.0,1.0,English,0.24
Did you finish the presentation?,ham,personal,0,0.98,1.0,English,0.19
बधाई! आपने MacBook जीता। दावा करें: http://phish-site.com,spam,general_spam,1,0.27,0.08,Hindi,0.71
Jaldi! Aapka Axis account suspend. Verify: http://phish-site.com,spam,financial_scams,1,0.09,0.02,Hinglish,0.82
स्टोर से milk ले आना,ham,personal,0,0.83,1.0,Hindi,0.2
सरकारी योजना: ₹25000 हर महीने। YES भेजें,spam,general_spam,0,0.11,1.0,Hindi,0.86
Your package delivery failed. Confirm address: http://phish-site.com,spam,general_spam,1,0.06,0.17,English,0.85
ಲೋನ್ ಅನುಮೋದಿತ! ₹5000 ಸಿಗುತ್ತಿದೆ. ಯಾವುದೇ ದಾಖಲೆಗಳಿಲ್ಲ. YES ಉತ್ತರಿಸಿ,spam,general_spam,0,0.14,1.0,Kannada,0.78
Special offer: 70% discount,promo,promotional_offers,0,0.75,1.0,Hinglish,0.32
Aapka Amazon Prime subscription jald khatam. Renew karo,promo,service_updates,0,0.57,1.0,Hinglish,0.54
Aaj flight kab hai?,ham,personal,0,0.97,1.0,Hinglish,0.26
Meeting rescheduled to 1:20,ham,personal,0,0.99,1.0,English,0.17
Thanks for your help with study,ham,personal,0,0.99,1.0,English,0.06
आपका Amazon Prime सब्सक्रिप्शन जल्द खत्म। नवीनीकरण करें,promo,general_promo,0,0.59,1.0,Hindi,0.51
ಎಚ್ಚರಿಕೆ: ನಿಮ್ಮ ಖಾತೆಯಲ್ಲಿ ಸಂಶಯಾಸ್ಪದ ಚಟುವಟಿಕೆ. ಕಾಲ್ +91-7601916743,spam,general_spam,0,0.0,1.0,Kannada,0.87
"Hey, kal meeting ke liye mil rahe? Time batao",ham,personal,0,0.88,1.0,Hinglish,0.2
You are selected for ₹10000 cash prize. Call +91-7072419593,spam,prize_scams,0,0.08,1.0,English,0.97
ಸರ್ಕಾರಿ ಯೋಜನೆ: ₹5000 ಪ್ರತಿ ತಿಂಗಳು. YES ಕಳುಹಿಸಿ,spam,general_spam,0,0.06,1.0,Kannada,0.98
Badhai ho! Aap jeete MacBook. Claim: http://phish-site.com,spam,general_spam,1,0.14,0.05,Hinglish,0.82
"38 ನಿಮಿಷ ತಡವಾಗಿ, ಟ್ರಾಫಿಕ್ನಲ್ಲಿ",ham,personal,0,0.8,1.0,Kannada,0.26
Doctor appointment confirmed for 6:31,ham,service_updates,0,0.95,1.0,English,0.11
आज meeting कब है?,ham,personal,0,0.83,1.0,Hindi,0.25
Call me when you're free,ham,personal,0,0.96,1.0,English,0.09
"CONGRATULATIONS! You won ₹50,000. Claim: http://phish-site.com",spam,prize_scams,1,0.23,0.01,English,0.77
Limited time: Buy 1 Get 1 Free on home. Code: SAVE16,promo,general_promo,0,0.56,1.0,English,0.33
Bank error: Extra ₹5000 credited. Verify: http://phish-site.com,spam,financial_scams,1,0.0,0.11,English,0.79
"32 minute late, traffic mein",ham,personal,0,0.86,1.0,Hinglish,0.16
"Hey, kal lunch ke liye mil rahe? Time batao",ham,personal,0,0.88,1.0,Hinglish,0.14
Store se bread le aana,ham,personal,0,0.87,1.0,Hinglish,0.2
Badhai ho! Aap jeete iPhone 15. Claim: http://phish-site.com,spam,general_spam,1,0.1,0.06,Hinglish,0.96
बधाई! आपने iPhone 15 जीता। दावा करें: http://phish-site.com,spam,general_spam,1,0.12,0.15,Hindi,0.73
"Running 21 minutes late, stuck in traffic",ham,personal,0,0.95,1.0,English,0.03
"6 मिनट लेट, ट्रैफिक में",ham,personal,0,0.91,1.0,Hindi,0.26
क्रेडिट कार्ड पर 15% कैशबैक,promo,general_promo,0,0.59,1.0,Hindi,0.35
Tax refund of ₹50000 approved. Claim: http://phish-site.com,spam,general_spam,1,0.3,0.02,English,0.85
Alert: Aapke account mein suspicious activity. Call +91-9516713271,spam,financial_scams,0,0.24,1.0,Hinglish,0.78
फ्री हो तो कॉल करना,ham,personal,0,0.91,1.0,Hindi,0.17
Free shipping on orders above ₹5000,promo,general_promo,0,0.57,1.0,English,0.32
ತ್ವರಿತ! ನಿಮ್ಮ SBI ಖಾತೆ ನಿಲ್ಲಿಸಲಾಗಿದೆ. ಧೃಡೀಕರಿಸಿ: http://phish-site.com,spam,general_spam,1,0.07,0.2,Kannada,0.9
फ्लैश सेल! laptop पर 50% छूट। खरीदारी: http://secure-site.com,promo,general_promo,1,0.71,0.77,Hindi,0.37
Aapka Netflix subscription jald khatam. Renew karo,promo,service_updates,0,0.59,1.0,Hinglish,0.58
Sarkari yojana: ₹25000 har mahine. YES bhejo,spam,general_spam,0,0.24,1.0,Hinglish,0.95
Flash sale! headphones par 50% off. Shopping: http://secure-site.com,promo,promotional_offers,1,0.62,0.72,Hinglish,0.31
Did you finish the presentation?,ham,personal,0,0.82,1.0,English,0.11
सीमित समय: 1 खरीदो 1 मुफ्त। कोड SAVE46,promo,general_promo,0,0.67,1.0,Hindi,0.37
SECURITY ALERT: Suspicious login detected. Secure account: http://phish-site.com,spam,financial_scams,1,0.17,0.08,English,0.72
Your package delivery failed. Confirm address: http://phish-site.com,spam,general_spam,1,0.22,0.18,English,0.74
"8 minute late, traffic mein",ham,personal,0,0.87,1.0,Hinglish,0.3
ಕ್ರೆಡಿಟ್ ಕಾರ್ಡ್ನಲ್ಲಿ 10% ಕ್ಯಾಶ್‌ಬ್ಯಾಕ್,promo,general_promo,0,0.53,1.0,Kannada,0.5
"Badhai ho! Aap jeete ₹50,000. Claim: http://phish-site.com",spam,general_spam,1,0.0,0.17,Hinglish,0.99
Loan approve! ₹10000 mil raha. Documents nahi. Reply YES,spam,financial_scams,0,0.16,1.0,Hinglish,0.86
Free shipping on orders above ₹50000,promo,general_promo,0,0.62,1.0,English,0.58
Special offer: 40% discount,promo,promotional_offers,0,0.65,1.0,Hinglish,0.5
Free shipping on orders above ₹5000,promo,general_promo,0,0.51,1.0,English,0.59
Can you pick up bread from the store?,ham,personal,0,0.89,1.0,English,0.28
बधाई! आपने MacBook जीता। दावा करें: http://phish-site.com,spam,general_spam,1,0.11,0.08,Hindi,0.83
ಸ್ಟೋರ್ನಿಂದ bread ತೆಗೆದುಕೊಳ್ಳಿ,ham,personal,0,0.95,1.0,Kannada,0.29
Kal meeting ka mat bhoolna. Time 5:00,ham,personal,0,0.82,1.0,Hinglish,0.16
Loan approve! ₹25000 mil raha. Documents nahi. Reply YES,spam,financial_scams,0,0.17,1.0,Hinglish,0.82
"हे, कल dinner के लिए मिल रहे? समय बताओ",ham,personal,0,0.89,1.0,Hindi,0.05
Package will be delivered today between 7-5,ham,personal,0,0.96,1.0,English,0.14
चेतावनी: आपके खाते में संदिग्ध गतिविधि। कॉल +91-7201271403,spam,general_spam,0,0.29,1.0,Hindi,0.85
Clearance sale: Limited stock available,promo,promotional_offers,0,0.8,1.0,English,0.43
FLASH SALE: 60% OFF on headphones. Shop now: http://secure-site.com,promo,promotional_offers,1,0.66,0.77,English,0.46
Package will be delivered today between 10-6,ham,personal,0,0.91,1.0,English,0.24
"43 minute late, traffic mein",ham,personal,0,0.91,1.0,Hinglish,0.02
चेतावनी: आपके खाते में संदिग्ध गतिविधि। कॉल +91-8706833431,spam,general_spam,0,0.24,1.0,Hindi,0.95
URGENT: Your Axis account suspended. Verify now: http://phish-site.com,spam,financial_scams,1,0.25,0.11,English,0.83
Your package delivery failed. Confirm address: http://phish-site.com,spam,general_spam,1,0.11,0.19,English,0.78
Get 5% cashback on credit card spends,promo,general_promo,0,0.78,1.0,English,0.56
Special offer: 30% discount,promo,promotional_offers,0,0.52,1.0,Hinglish,0.48
Government scheme: Get ₹10000 monthly. Send YES,spam,general_spam,0,0.03,1.0,English,0.89
Special offer: 50% discount,promo,promotional_offers,0,0.69,1.0,Hinglish,0.58
"Hey, are we meeting for lunch today? Let me know",ham,personal,0,0.91,1.0,English,0.24
FLASH SALE: 60% OFF on watch. Shop now: http://secure-site.com,promo,promotional_offers,1,0.79,0.78,English,0.36
Government scheme: Get ₹50000 monthly. Send YES,spam,general_spam,0,0.29,1.0,English,0.88
Your package delivery failed. Confirm address: http://phish-site.com,spam,general_spam,1,0.16,0.07,English,0.88
सीमित समय: 1 खरीदो 1 मुफ्त। कोड SAVE32,promo,general_promo,0,0.75,1.0,Hindi,0.55
Alert: Aapke account mein suspicious activity. Call +91-8317034890,spam,financial_scams,0,0.18,1.0,Hinglish,0.99
आज flight कब है?,ham,personal,0,1.0,1.0,Hindi,0.05
Aapka Spotify subscription jald khatam. Renew karo,promo,service_updates,0,0.62,1.0,Hinglish,0.52
Free ho toh call karna,ham,personal,0,0.98,1.0,Hinglish,0.27
Package will be delivered today between 12-4,ham,personal,0,0.84,1.0,English,0.15
Weekend special: Extra 40% off. Shop: http://secure-site.com,promo,general_promo,1,0.68,0.76,English,0.6
Store se milk le aana,ham,personal,0,0.94,1.0,Hinglish,0.04
Can you pick up milk from the store?,ham,personal,0,0.87,1.0,English,0.06
Can you pick up milk from the store?,ham,personal,0,0.99,1.0,English,0.26
Government scheme: Get ₹50000 monthly. Send YES,spam,general_spam,0,0.16,1.0,English,0.89
Happy birthday! 🎉 See you tonight!,ham,personal,0,0.83,1.0,English,0.02
Your OTP is 137318. Do not share,ham,service_updates,0,0.84,1.0,English,0.05
Jaldi! Aapka Axis account suspend. Verify: http://phish-site.com,spam,financial_scams,1,0.26,0.04,Hinglish,0.7
Limited time: 1 kharido 1 free. Code SAVE32,promo,general_promo,0,0.72,1.0,Hinglish,0.5
Thanks for your help with work,ham,personal,0,0.97,1.0,English,0.08
Don't forget about dinner tomorrow at 10:42,ham,personal,0,0.89,1.0,English,0.02
Loan approve! ₹5000 mil raha. Documents nahi. Reply YES,spam,financial_scams,0,0.09,1.0,Hinglish,0.9
Your device has virus. Download antivirus: http://phish-site.com,spam,general_spam,1,0.04,0.18,English,0.79
Tax refund of ₹10000 approved. Claim: http://phish-site.com,spam,general_spam,1,0.28,0.1,English,0.99
Call me when you're free,ham,personal,0,0.86,1.0,English,0.14
Your package delivery failed. Confirm address: http://phish-site.com,spam,general_spam,1,0.19,0.1,English,0.88
Badhai ho! Aap jeete iPhone 15. Claim: http://phish-site.com,spam,general_spam,1,0.26,0.01,Hinglish,0.92
Working from home today,ham,personal,0,0.87,1.0,English,0.17
कल dinner का मत भूलना। समय 8:42,ham,personal,0,0.95,1.0,Hindi,0.12
"Badhai ho! Aap jeete ₹50,000. Claim: http://phish-site.com",spam,general_spam,1,0.1,0.03,Hinglish,0.76
Bank error: Extra ₹10000 credited. Verify: http://phish-site.com,spam,financial_scams,1,0.26,0.17,English,0.73
ನಿಮ್ಮ Netflix ಚಂದಾದಾರಿಕೆ ಶೀಘ್ರದಲ್ಲೇ ಮುಗಿಯುತ್ತದೆ. ನವೀಕರಿಸಿ,promo,general_promo,0,0.65,1.0,Kannada,0.33
Free shipping on orders above ₹10000,promo,general_promo,0,0.72,1.0,English,0.35
Jaldi! Aapka ICICI account suspend. Verify: http://phish-site.com,spam,financial_scams,1,0.03,0.04,Hinglish,0.77
Loan approved! Get ₹50000 instantly. No documents. Reply YES,spam,financial_scams,0,0.25,1.0,English,0.74
Loan approve! ₹5000 mil raha. Documents nahi. Reply YES,spam,financial_scams,0,0.26,1.0,Hinglish,0.94
ಸರ್ಕಾರಿ ಯೋಜನೆ: ₹10000 ಪ್ರತಿ ತಿಂಗಳು. YES ಕಳುಹಿಸಿ,spam,general_spam,0,0.24,1.0,Kannada,0.78
ಸರ್ಕಾರಿ ಯೋಜನೆ: ₹5000 ಪ್ರತಿ ತಿಂಗಳು. YES ಕಳುಹಿಸಿ,spam,general_spam,0,0.21,1.0,Kannada,0.72
New laptop collection launched! Use code SAVE40,promo,general_promo,0,0.65,1.0,English,0.55
जल्दी! आपका HDFC खाता निलंबित। सत्यापित करें: http://phish-site.com,spam,general_spam,1,0.04,0.09,Hindi,0.86
क्रेडिट कार्ड पर 5% कैशबैक,promo,general_promo,0,0.65,1.0,Hindi,0.4
Sarkari yojana: ₹50000 har mahine. YES bhejo,spam,general_spam,0,0.04,1.0,Hinglish,0.8
स्टोर से bread ले आना,ham,personal,0,0.92,1.0,Hindi,0.27
Your UPI will be deactivated. Verify now: http://phish-site.com,spam,phishing_scams,1,0.04,0.03,English,0.97
Aapka Netflix subscription jald khatam. Renew karo,promo,service_updates,0,0.67,1.0,Hinglish,0.59
"45 ನಿಮಿಷ ತಡವಾಗಿ, ಟ್ರಾಫಿಕ್ನಲ್ಲಿ",ham,personal,0,0.99,1.0,Kannada,0.16
Your UPI will be deactivated. Verify now: http://phish-site.com,spam,phishing_scams,1,0.09,0.09,English,0.81
ಲೋನ್ ಅನುಮೋದಿತ! ₹25000 ಸಿಗುತ್ತಿದೆ. ಯಾವುದೇ ದಾಖಲೆಗಳಿಲ್ಲ. YES ಉತ್ತರಿಸಿ,spam,general_spam,0,0.15,1.0,Kannada,0.86
"ಹೇ, ನಾಳೆ dinner ಗೆ ಭೇಟಿ ಮಾಡುತ್ತಿದ್ದೀರಾ? ಸಮಯ ತಿಳಿಸಿ",ham,personal,0,0.84,1.0,Kannada,0.14
Your Spotify subscription expiring soon. Renew now,promo,service_updates,0,0.69,1.0,English,0.35
Don't forget about dinner tomorrow at 1:14,ham,personal,0,0.97,1.0,English,0.11
What time is your meeting?,ham,personal,0,0.91,1.0,English,0.2
Loan approved! Get ₹50000 instantly. No documents. Reply YES,spam,financial_scams,0,0.05,1.0,English,0.92
ಲೋನ್ ಅನುಮೋದಿತ! ₹5000 ಸಿಗುತ್ತಿದೆ. ಯಾವುದೇ ದಾಖಲೆಗಳಿಲ್ಲ. YES ಉತ್ತರಿಸಿ,spam,general_spam,0,0.12,1.0,Kannada,0.96
"Running 11 minutes late, stuck in traffic",ham,personal,0,0.84,1.0,English,0.02
Alert: Aapke account mein suspicious activity. Call +91-7511277215,spam,financial_scams,0,0.05,1.0,Hinglish,0.97
Loan approved! Get ₹5000 instantly. No documents. Reply YES,spam,financial_scams,0,0.21,1.0,English,0.98
क्रेडिट कार्ड पर 5% कैशबैक,promo,general_promo,0,0.63,1.0,Hindi,0.38
Free shipping on orders above ₹10000,promo,general_promo,0,0.6,1.0,English,0.57
Jaldi! Aapka SBI account suspend. Verify: http://phish-site.com,spam,financial_scams,1,0.11,0.08,Hinglish,0.88
Member exclusive: Extra 60% off,promo,general_promo,0,0.55,1.0,English,0.46
Member exclusive: Extra 50% off,promo,general_promo,0,0.77,1.0,English,0.57
चेतावनी: आपके खाते में संदिग्ध गतिविधि। कॉल +91-8224286192,spam,general_spam,0,0.12,1.0,Hindi,0.89
Store se bread le aana,ham,personal,0,0.83,1.0,Hinglish,0.07
ಸ್ಟೋರ್ನಿಂದ medicine ತೆಗೆದುಕೊಳ್ಳಿ,ham,personal,0,1.0,1.0,Kannada,0.29
ಅಭಿನಂದನೆಗಳು! ನೀವು MacBook ಗೆದ್ದಿದ್ದೀರಿ. ಕ್ಲೈಮ್: http://phish-site.com,spam,general_spam,1,0.09,0.13,Kannada,0.76
Aaj meeting kab hai?,ham,personal,0,0.85,1.0,Hinglish,0.12
Refer a friend & get ₹25000 off,promo,general_promo,0,0.63,1.0,English,0.6
Aaj flight kab hai?,ham,personal,0,0.89,1.0,Hinglish,0.15
Alert: Aapke account mein suspicious activity. Call +91-8589238139,spam,financial_scams,0,0.26,1.0,Hinglish,0.8
ಸರ್ಕಾರಿ ಯೋಜನೆ: ₹25000 ಪ್ರತಿ ತಿಂಗಳು. YES ಕಳುಹಿಸಿ,spam,general_spam,0,0.15,1.0,Kannada,0.8
Get 5% cashback on credit card spends,promo,general_promo,0,0.76,1.0,English,0.39
Thanks for your help with study,ham,personal,0,0.89,1.0,English,0.24
Badhai ho! Aap jeete car. Claim: http://phish-site.com,spam,general_spam,1,0.2,0.16,Hinglish,0.73
FLASH SALE: 70% OFF on watch. Shop now: http://secure-site.com,promo,promotional_offers,1,0.75,0.82,English,0.33
Weekend special: Extra 50% off. Shop: http://secure-site.com,promo,general_promo,1,0.75,0.87,English,0.47
"CONGRATULATIONS! You won ₹50,000. Claim: http://phish-site.com",spam,prize_scams,1,0.08,0.05,English,0.8
ಎಚ್ಚರಿಕೆ: ನಿಮ್ಮ ಖಾತೆಯಲ್ಲಿ ಸಂಶಯಾಸ್ಪದ ಚಟುವಟಿಕೆ. ಕಾಲ್ +91-9658442671,spam,general_spam,0,0.23,1.0,Kannada,0.83
Meeting rescheduled to 8:21,ham,personal,0,0.88,1.0,English,0.04
"Your number won ₹50,000. Click to claim: http://phish-site.com",spam,prize_scams,1,0.26,0.11,English,0.97
Your package delivery failed. Confirm address: http://phish-site.com,spam,general_spam,1,0.25,0.0,English,0.75
Jaldi! Aapka HDFC account suspend. Verify: http://phish-site.com,spam,financial_scams,1,0.06,0.04,Hinglish,0.78
"बधाई! आपने ₹50,000 जीता। दावा करें: http://phish-site.com",spam,general_spam,1,0.16,0.14,Hindi,0.84
Jaldi! Aapka ICICI account suspend. Verify: http://phish-site.com,spam,financial_scams,1,0.27,0.0,Hinglish,0.94
"30 ನಿಮಿಷ ತಡವಾಗಿ, ಟ್ರಾಫಿಕ್ನಲ್ಲಿ",ham,personal,0,0.92,1.0,Kannada,0.17
Exclusive deal for you: 40% off,promo,general_promo,0,0.52,1.0,English,0.46
सरकारी योजना: ₹10000 हर महीने। YES भेजें,spam,general_spam,0,0.19,1.0,Hindi,0.87
"ಹೇ, ನಾಳೆ lunch ಗೆ ಭೇಟಿ ಮಾಡುತ್ತಿದ್ದೀರಾ? ಸಮಯ ತಿಳಿಸಿ",ham,personal,0,0.96,1.0,Kannada,0.1
Government scheme: Get ₹50000 monthly. Send YES,spam,general_spam,0,0.18,1.0,English,0.79
"Hey, are we meeting for dinner today? Let me know",ham,personal,0,0.88,1.0,English,0.06
Government scheme: Get ₹10000 monthly. Send YES,spam,general_spam,0,0.18,1.0,English,0.73
Kal dinner ka mat bhoolna. Time 6:27,ham,personal,0,0.82,1.0,Hinglish,0.09
Your device has virus. Download antivirus: http://phish-site.com,spam,general_spam,1,0.3,0.03,English,0.93
Call me when you're free,ham,personal,0,0.8,1.0,English,0.17
आज appointment कब है?,ham,service_updates,0,0.86,1.0,Hindi,0.23
सीमित समय: 1 खरीदो 1 मुफ्त। कोड SAVE50,promo,general_promo,0,0.73,1.0,Hindi,0.35
सीमित समय: 1 खरीदो 1 मुफ्त। कोड SAVE35,promo,general_promo,0,0.78,1.0,Hindi,0.31
"Your number won ₹50,000. Click to claim: http://phish-site.com",spam,prize_scams,1,0.16,0.12,English,0.73
"हे, कल lunch के लिए मिल रहे? समय बताओ",ham,personal,0,0.83,1.0,Hindi,0.28
Credit card par 10% cashback,promo,general_promo,0,0.78,1.0,Hinglish,0.44
Happy birthday! 🎉 See you tonight!,ham,personal,0,0.83,1.0,English,0.02
Your UPI will be deactivated. Verify now: http://phish-site.com,spam,phishing_scams,1,0.28,0.07,English,0.77
Your Amazon Prime subscription expiring soon. Renew now,promo,service_updates,0,0.73,1.0,English,0.32
Seasonal sale: Prices slashed by 60%,promo,promotional_offers,0,0.63,1.0,English,0.36
Meeting rescheduled to 5:56,ham,personal,0,0.83,1.0,English,0.29
Free ho toh call karna,ham,personal,0,0.85,1.0,Hinglish,0.13
"43 minute late, traffic mein",ham,personal,0,0.92,1.0,Hinglish,0.15
CONGRATULATIONS! You won MacBook. Claim: http://phish-site.com,spam,prize_scams,1,0.01,0.12,English,0.92
Free ho toh call karna,ham,personal,0,0.8,1.0,Hinglish,0.17
Tax refund of ₹5000 approved. Claim: http://phish-site.com,spam,general_spam,1,0.1,0.12,English,0.93
Birthday treat: 20% off for you!,promo,general_promo,0,0.8,1.0,English,0.3
ತ್ವರಿತ! ನಿಮ್ಮ SBI ಖಾತೆ ನಿಲ್ಲಿಸಲಾಗಿದೆ. ಧೃಡೀಕರಿಸಿ: http://phish-site.com,spam,general_spam,1,0.11,0.11,Kannada,0.99
Your Amazon Prime subscription expired. Update payment: http://phish-site.com,spam,general_spam,1,0.16,0.17,English,0.73
ಕ್ರೆಡಿಟ್ ಕಾರ್ಡ್ನಲ್ಲಿ 5% ಕ್ಯಾಶ್‌ಬ್ಯಾಕ್,promo,general_promo,0,0.66,1.0,Kannada,0.41
ಎಚ್ಚರಿಕೆ: ನಿಮ್ಮ ಖಾತೆಯಲ್ಲಿ ಸಂಶಯಾಸ್ಪದ ಚಟುವಟಿಕೆ. ಕಾಲ್ +91-7495694796,spam,general_spam,0,0.23,1.0,Kannada,0.86
"ಹೇ, ನಾಳೆ meeting ಗೆ ಭೇಟಿ ಮಾಡುತ್ತಿದ್ದೀರಾ? ಸಮಯ ತಿಳಿಸಿ",ham,personal,0,0.93,1.0,Kannada,0.02
Package will be delivered today between 6-5,ham,personal,0,0.87,1.0,English,0.23
CONGRATULATIONS! You won MacBook. Claim: http://phish-site.com,spam,prize_scams,1,0.21,0.01,English,0.88
"Hey, are we meeting for lunch today? Let me know",ham,personal,0,0.98,1.0,English,0.09
You are selected for ₹25000 cash prize. Call +91-9230856356,spam,prize_scams,0,0.05,1.0,English,0.88
Clearance sale: Limited stock available,promo,promotional_offers,0,0.73,1.0,English,0.44
Aapka Amazon Prime subscription jald khatam. Renew karo,promo,service_updates,0,0.55,1.0,Hinglish,0.35
Store se medicine le aana,ham,personal,0,0.92,1.0,Hinglish,0.02
Did you finish the assignment?,ham,personal,0,0.8,1.0,English,0.15
Your number won MacBook. Click to claim: http://phish-site.com,spam,prize_scams,1,0.13,0.07,English,0.88
Kal dinner ka mat bhoolna. Time 9:21,ham,personal,0,0.97,1.0,Hinglish,0.05
ವಿಶೇಷ ಆಫರ್: 50% ರಿಯಾಯಿತಿ,promo,general_promo,0,0.57,1.0,Kannada,0.52
"Hey, kal meeting ke liye mil rahe? Time batao",ham,personal,0,0.92,1.0,Hinglish,0.12
ನಾಳೆ lunch ಮರೆಯಬೇಡಿ. ಸಮಯ 1:25,ham,personal,0,0.97,1.0,Kannada,0.16
Free ho toh call karna,ham,personal,0,0.82,1.0,Hinglish,0.2
Alert: Aapke account mein suspicious activity. Call +91-9194860393,spam,financial_scams,0,0.0,1.0,Hinglish,0.76
Did you finish the report?,ham,personal,0,0.84,1.0,English,0.25
Can you pick up medicine from the store?,ham,personal,0,0.95,1.0,English,0.2
Aapka Netflix subscription jald khatam. Renew karo,promo,service_updates,0,0.73,1.0,Hinglish,0.52
Aaj meeting kab hai?,ham,personal,0,0.99,1.0,Hinglish,0.0
बधाई! आपने iPhone 15 जीता। दावा करें: http://phish-site.com,spam,general_spam,1,0.16,0.17,Hindi,0.83
Your Netflix subscription expired. Update payment: http://phish-site.com,spam,general_spam,1,0.22,0.15,English,0.85
ನಿಮ್ಮ Amazon Prime ಚಂದಾದಾರಿಕೆ ಶೀಘ್ರದಲ್ಲೇ ಮುಗಿಯುತ್ತದೆ. ನವೀಕರಿಸಿ,promo,general_promo,0,0.71,1.0,Kannada,0.31
Call me when you're free,ham,personal,0,0.86,1.0,English,0.28
ತ್ವರಿತ! ನಿಮ್ಮ SBI ಖಾತೆ ನಿಲ್ಲಿಸಲಾಗಿದೆ. ಧೃಡೀಕರಿಸಿ: http://phish-site.com,spam,general_spam,1,0.11,0.11,Kannada,0.93
CONGRATULATIONS! You won iPhone 15. Claim: http://phish-site.com,spam,prize_scams,1,0.01,0.07,English,0.73
सरकारी योजना: ₹5000 हर महीने। YES भेजें,spam,general_spam,0,0.1,1.0,Hindi,0.84
"Hey, kal lunch ke liye mil rahe? Time batao",ham,personal,0,0.85,1.0,Hinglish,0.06
"19 minute late, traffic mein",ham,personal,0,0.95,1.0,Hinglish,0.17
Clearance sale: Limited stock available,promo,promotional_offers,0,0.55,1.0,English,0.41
Aaj flight kab hai?,ham,personal,0,0.99,1.0,Hinglish,0.09
Limited time: Buy 1 Get 1 Free on fashion. Code: SAVE43,promo,general_promo,0,0.61,1.0,English,0.59
Meeting rescheduled to 7:47,ham,personal,0,0.96,1.0,English,0.16
Doctor appointment confirmed for 11:37,ham,service_updates,0,0.9,1.0,English,0.28
Alert: Aapke account mein suspicious activity. Call +91-9619111339,spam,financial_scams,0,0.11,1.0,Hinglish,0.87
ನಾಳೆ meeting ಮರೆಯಬೇಡಿ. ಸಮಯ 5:03,ham,personal,0,0.94,1.0,Kannada,0.25
Free ho toh call karna,ham,personal,0,0.99,1.0,Hinglish,0.09
Free shipping on orders above ₹10000,promo,general_promo,0,0.59,1.0,English,0.33
Can you pick up medicine from the store?,ham,personal,0,0.95,1.0,English,0.25
Bank error: Extra ₹5000 credited. Verify: http://phish-site.com,spam,financial_scams,1,0.05,0.07,English,0.89
चेतावनी: आपके खाते में संदिग्ध गतिविधि। कॉल +91-7539239202,spam,general_spam,0,0.16,1.0,Hindi,0.82
Tax refund of ₹50000 approved. Claim: http://phish-site.com,spam,general_spam,1,0.14,0.08,English,0.95
Working from home today,ham,personal,0,0.85,1.0,English,0.28
Aaj flight kab hai?,ham,personal,0,0.91,1.0,Hinglish,0.11
Jaldi! Aapka SBI account suspend. Verify: http://phish-site.com,spam,financial_scams,1,0.03,0.04,Hinglish,0.75
Alert: Aapke account mein suspicious activity. Call +91-7027929755,spam,financial_scams,0,0.1,1.0,Hinglish,0.87
ಸ್ಟೋರ್ನಿಂದ bread ತೆಗೆದುಕೊಳ್ಳಿ,ham,personal,0,0.83,1.0,Kannada,0.14
Thanks for your help with study,ham,personal,0,0.98,1.0,English,0.1
Can you pick up milk from the store?,ham,personal,0,0.9,1.0,English,0.23
"42 minute late, traffic mein",ham,personal,0,0.9,1.0,Hinglish,0.0
Meeting rescheduled to 7:25,ham,personal,0,0.83,1.0,English,0.16
Your OTP is 820165. Do not share,ham,service_updates,0,0.86,1.0,English,0.04
Your UPI will be deactivated. Verify now: http://phish-site.com,spam,phishing_scams,1,0.26,0.11,English,0.86
Seasonal sale: Prices slashed by 60%,promo,promotional_offers,0,0.61,1.0,English,0.46
ಸ್ಟೋರ್ನಿಂದ bread ತೆಗೆದುಕೊಳ್ಳಿ,ham,personal,0,0.89,1.0,Kannada,0.1
ಲೋನ್ ಅನುಮೋದಿತ! ₹5000 ಸಿಗುತ್ತಿದೆ. ಯಾವುದೇ ದಾಖಲೆಗಳಿಲ್ಲ. YES ಉತ್ತರಿಸಿ,spam,general_spam,0,0.05,1.0,Kannada,0.98
Thanks for your help with work,ham,personal,0,0.88,1.0,English,0.23
"44 मिनट लेट, ट्रैफिक में",ham,personal,0,0.9,1.0,Hindi,0.07
Kal meeting ka mat bhoolna. Time 2:31,ham,personal,0,0.92,1.0,Hinglish,0.09
See you at office,ham,personal,0,0.83,1.0,English,0.1
"Running 9 minutes late, stuck in traffic",ham,personal,0,0.87,1.0,English,0.16
सरकारी योजना: ₹10000 हर महीने। YES भेजें,spam,general_spam,0,0.01,1.0,Hindi,0.72
"Hey, are we meeting for dinner today? Let me know",ham,personal,0,0.95,1.0,English,0.28
Clearance sale: Limited stock available,promo,promotional_offers,0,0.63,1.0,English,0.44
Get 10% cashback on credit card spends,promo,general_promo,0,0.57,1.0,English,0.49
Kal dinner ka mat bhoolna. Time 10:38,ham,personal,0,0.83,1.0,Hinglish,0.11
Your package delivery failed. Confirm address: http://phish-site.com,spam,general_spam,1,0.0,0.17,English,0.82
Government scheme: Get ₹10000 monthly. Send YES,spam,general_spam,0,0.16,1.0,English,0.75
Exclusive deal for you: 40% off,promo,general_promo,0,0.64,1.0,English,0.5
Special offer: 40% discount,promo,promotional_offers,0,0.78,1.0,Hinglish,0.6
"Hey, are we meeting for meeting today? Let me know",ham,personal,0,0.99,1.0,English,0.27
URGENT: Your ICICI account suspended. Verify now: http://phish-site.com,spam,financial_scams,1,0.1,0.03,English,0.73
फ्लैश सेल! watch पर 30% छूट। खरीदारी: http://secure-site.com,promo,general_promo,1,0.66,0.89,Hindi,0.44
"9 ನಿಮಿಷ ತಡವಾಗಿ, ಟ್ರಾಫಿಕ್ನಲ್ಲಿ",ham,personal,0,0.85,1.0,Kannada,0.25
Loan approve! ₹50000 mil raha. Documents nahi. Reply YES,spam,financial_scams,0,0.07,1.0,Hinglish,0.78
"Hey, kal meeting ke liye mil rahe? Time batao",ham,personal,0,0.83,1.0,Hinglish,0.07
Call me when you're free,ham,personal,0,0.93,1.0,English,0.03
स्टोर से milk ले आना,ham,personal,0,0.82,1.0,Hindi,0.19
Your OTP is 722015. Do not share,ham,service_updates,0,0.91,1.0,English,0.26
Bank error: Extra ₹5000 credited. Verify: http://phish-site.com,spam,financial_scams,1,0.01,0.07,English,0.83
Store se milk le aana,ham,personal,0,0.87,1.0,Hinglish,0.05
Working from home today,ham,personal,0,0.91,1.0,English,0.11
Store se milk le aana,ham,personal,0,0.83,1.0,Hinglish,0.17
ಅಭಿನಂದನೆಗಳು! ನೀವು MacBook ಗೆದ್ದಿದ್ದೀರಿ. ಕ್ಲೈಮ್: http://phish-site.com,spam,general_spam,1,0.15,0.05,Kannada,1.0
Sarkari yojana: ₹50000 har mahine. YES bhejo,spam,general_spam,0,0.28,1.0,Hinglish,0.82
जल्दी! आपका ICICI खाता निलंबित। सत्यापित करें: http://phish-site.com,spam,general_spam,1,0.08,0.0,Hindi,0.88
URGENT: Your ICICI account suspended. Verify now: http://phish-site.com,spam,financial_scams,1,0.07,0.11,English,0.77
Alert: Aapke account mein suspicious activity. Call +91-9688460621,spam,financial_scams,0,0.12,1.0,Hinglish,0.92
New headphones collection launched! Use code SAVE17,promo,general_promo,0,0.76,1.0,English,0.34
CONGRATULATIONS! You won MacBook. Claim: http://phish-site.com,spam,prize_scams,1,0.11,0.12,English,0.97
Badhai ho! Aap jeete car. Claim: http://phish-site.com,spam,general_spam,1,0.25,0.09,Hinglish,0.8
SECURITY ALERT: Suspicious login detected. Secure account: http://phish-site.com,spam,financial_scams,1,0.26,0.1,English,0.92
Your OTP is 659193. Do not share,ham,service_updates,0,0.97,1.0,English,0.25
Limited time: Buy 1 Get 1 Free on fashion. Code: SAVE24,promo,general_promo,0,0.63,1.0,English,0.5
आज flight कब है?,ham,personal,0,0.95,1.0,Hindi,0.24
Meeting rescheduled to 5:33,ham,personal,0,0.82,1.0,English,0.1
Sarkari yojana: ₹5000 har mahine. YES bhejo,spam,general_spam,0,0.15,1.0,Hinglish,0.86
सरकारी योजना: ₹25000 हर महीने। YES भेजें,spam,general_spam,0,0.29,1.0,Hindi,0.93
Free shipping on orders above ₹10000,promo,general_promo,0,0.52,1.0,English,0.51
Your device has virus. Download antivirus: http://phish-site.com,spam,general_spam,1,0.2,0.13,English,0.76
"39 minute late, traffic mein",ham,personal,0,0.99,1.0,Hinglish,0.21
Refer a friend & get ₹50000 off,promo,general_promo,0,0.68,1.0,English,0.53
New headphones collection launched! Use code SAVE49,promo,general_promo,0,0.76,1.0,English,0.52
Alert: Aapke account mein suspicious activity. Call +91-8349620393,spam,financial_scams,0,0.16,1.0,Hinglish,0.78
"14 minute late, traffic mein",ham,personal,0,0.89,1.0,Hinglish,0.07
Jaldi! Aapka Axis account suspend. Verify: http://phish-site.com,spam,financial_scams,1,0.05,0.18,Hinglish,0.83
Your number won car. Click to claim: http://phish-site.com,spam,prize_scams,1,0.06,0.17,English,0.89
Your Netflix subscription expired. Update payment: http://phish-site.com,spam,general_spam,1,0.02,0.02,English,0.9
आज flight कब है?,ham,personal,0,0.86,1.0,Hindi,0.19
Store se bread le aana,ham,personal,0,0.8,1.0,Hinglish,0.0
Your UPI will be deactivated. Verify now: http://phish-site.com,spam,phishing_scams,1,0.29,0.01,English,0.86
जल्दी! आपका ICICI खाता निलंबित। सत्यापित करें: http://phish-site.com,spam,general_spam,1,0.19,0.05,Hindi,0.99
Special offer: 60% discount,promo,promotional_offers,0,0.77,1.0,Hinglish,0.53
Your Amazon Prime subscription expired. Update payment: http://phish-site.com,spam,general_spam,1,0.03,0.13,English,0.96
कल dinner का मत भूलना। समय 11:34,ham,personal,0,0.91,1.0,Hindi,0.07
"Running 28 minutes late, stuck in traffic",ham,personal,0,0.82,1.0,English,0.06
Work from home: Earn ₹5000 daily. No experience. Reply YES,spam,general_spam,0,0.26,1.0,English,0.83
Flash sale! laptop par 30% off. Shopping: http://secure-site.com,promo,promotional_offers,1,0.6,0.82,Hinglish,0.55
Member exclusive: Extra 30% off,promo,general_promo,0,0.79,1.0,English,0.42
Thanks for your help with work,ham,personal,0,0.86,1.0,English,0.0
Tax refund of ₹5000 approved. Claim: http://phish-site.com,spam,general_spam,1,0.09,0.17,English,0.95
Your device has virus. Download antivirus: http://phish-site.com,spam,general_spam,1,0.19,0.01,English,0.97
Work from home: Earn ₹50000 daily. No experience. Reply YES,spam,general_spam,0,0.13,1.0,English,0.98
Thanks for your help with study,ham,personal,0,0.81,1.0,English,0.04
Can you pick up medicine from the store?,ham,personal,0,0.85,1.0,English,0.22
Jaldi! Aapka ICICI account suspend. Verify: http://phish-site.com,spam,financial_scams,1,0.01,0.06,Hinglish,0.87
Exclusive deal for you: 70% off,promo,general_promo,0,0.76,1.0,English,0.54
Alert: Aapke account mein suspicious activity. Call +91-8964244571,spam,financial_scams,0,0.2,1.0,Hinglish,0.93
Package will be delivered today between 7-5,ham,personal,0,0.94,1.0,English,0.26
"Running 36 minutes late, stuck in traffic",ham,personal,0,0.84,1.0,English,0.25
Doctor appointment confirmed for 3:17,ham,service_updates,0,0.94,1.0,English,0.01
Your Amazon Prime subscription expired. Update payment: http://phish-site.com,spam,general_spam,1,0.26,0.13,English,0.98
New headphones collection launched! Use code SAVE46,promo,general_promo,0,0.76,1.0,English,0.37
Can you pick up bread from the store?,ham,personal,0,0.97,1.0,English,0.12
Store se bread le aana,ham,personal,0,0.96,1.0,Hinglish,0.26
Exclusive deal for you: 60% off,promo,general_promo,0,0.7,1.0,English,0.47
"Running 6 minutes late, stuck in traffic",ham,personal,0,0.98,1.0,English,0.28
"Running 30 minutes late, stuck in traffic",ham,personal,0,0.98,1.0,English,0.24
Happy birthday! 🎉 See you tonight!,ham,personal,0,0.91,1.0,English,0.24
क्रेडिट कार्ड पर 15% कैशबैक,promo,general_promo,0,0.67,1.0,Hindi,0.53
Special offer: 50% discount,promo,promotional_offers,0,0.54,1.0,Hinglish,0.37
सीमित समय: 1 खरीदो 1 मुफ्त। कोड SAVE21,promo,general_promo,0,0.57,1.0,Hindi,0.48
Package will be delivered today between 5-3,ham,personal,0,0.86,1.0,English,0.27
विशेष ऑफर: 40% छूट,promo,general_promo,0,0.79,1.0,Hindi,0.39
What time is your flight?,ham,personal,0,0.93,1.0,English,0.08
बधाई! आपने iPhone 15 जीता। दावा करें: http://phish-site.com,spam,general_spam,1,0.07,0.06,Hindi,0.86
Your device has virus. Download antivirus: http://phish-site.com,spam,general_spam,1,0.18,0.08,English,0.73
Limited time: 1 kharido 1 free. Code SAVE35,promo,general_promo,0,0.77,1.0,Hinglish,0.59
Your Netflix subscription expired. Update payment: http://phish-site.com,spam,general_spam,1,0.02,0.13,English,0.87
Credit card par 15% cashback,promo,general_promo,0,0.67,1.0,Hinglish,0.48
Tax refund of ₹5000 approved. Claim: http://phish-site.com,spam,general_spam,1,0.24,0.06,English,0.73
Store se bread le aana,ham,personal,0,0.85,1.0,Hinglish,0.18
Thanks for your help with study,ham,personal,0,0.84,1.0,English,0.02
What time is your meeting?,ham,personal,0,0.81,1.0,English,0.27
Loan approved! Get ₹50000 instantly. No documents. Reply YES,spam,financial_scams,0,0.11,1.0,English,0.71
See you at cafe,ham,personal,0,0.83,1.0,English,0.13
Happy birthday! 🎉 See you tonight!,ham,personal,0,0.97,1.0,English,0.28
Jaldi! Aapka ICICI account suspend. Verify: http://phish-site.com,spam,financial_scams,1,0.17,0.06,Hinglish,1.0
क्रेडिट कार्ड पर 15% कैशबैक,promo,general_promo,0,0.78,1.0,Hindi,0.48
Can you pick up medicine from the store?,ham,personal,0,0.84,1.0,English,0.03
Your UPI will be deactivated. Verify now: http://phish-site.com,spam,phishing_scams,1,0.29,0.09,English,0.77
Thanks for your help with work,ham,personal,0,0.93,1.0,English,0.11
"Hey, kal lunch ke liye mil rahe? Time batao",ham,personal,0,0.88,1.0,Hinglish,0.3
आपका Netflix सब्सक्रिप्शन जल्द खत्म। नवीनीकरण करें,promo,general_promo,0,0.78,1.0,Hindi,0.49
Aadhaar verification failed. Update immediately: http://phish-site.com,spam,general_spam,1,0.28,0.08,English,0.97
विशेष ऑफर: 20% छूट,promo,general_promo,0,0.66,1.0,Hindi,0.42
SECURITY ALERT: Suspicious login detected. Secure account: http://phish-site.com,spam,financial_scams,1,0.02,0.2,English,0.96
URGENT: Your SBI account suspended. Verify now: http://phish-site.com,spam,financial_scams,1,0.23,0.08,English,0.8
Alert: Aapke account mein suspicious activity. Call +91-8956387333,spam,financial_scams,0,0.05,1.0,Hinglish,0.78
See you at office,ham,personal,0,0.92,1.0,English,0.19
Your UPI will be deactivated. Verify now: http://phish-site.com,spam,phishing_scams,1,0.27,0.1,English,0.99
Refer a friend & get ₹10000 off,promo,general_promo,0,0.51,1.0,English,0.47
Credit card par 10% cashback,promo,general_promo,0,0.61,1.0,Hinglish,0.4
"Running 31 minutes late, stuck in traffic",ham,personal,0,0.93,1.0,English,0.22
सरकारी योजना: ₹10000 हर महीने। YES भेजें,spam,general_spam,0,0.12,1.0,Hindi,0.79
Don't forget about lunch tomorrow at 3:19,ham,personal,0,0.83,1.0,English,0.07
कल lunch का मत भूलना। समय 4:32,ham,personal,0,0.87,1.0,Hindi,0.17
ಸೀಮಿತ ಸಮಯ: 1 ಖರೀದಿ 1 ಉಚಿತ. ಕೋಡ್ SAVE31,promo,general_promo,0,0.59,1.0,Kannada,0.45
क्रेडिट कार्ड पर 5% कैशबैक,promo,general_promo,0,0.72,1.0,Hindi,0.55
ಎಚ್ಚರಿಕೆ: ನಿಮ್ಮ ಖಾತೆಯಲ್ಲಿ ಸಂಶಯಾಸ್ಪದ ಚಟುವಟಿಕೆ. ಕಾಲ್ +91-8249167206,spam,general_spam,0,0.11,1.0,Kannada,0.95
जल्दी! आपका HDFC खाता निलंबित। सत्यापित करें: http://phish-site.com,spam,general_spam,1,0.24,0.11,Hindi,0.87
Exclusive deal for you: 20% off,promo,general_promo,0,0.76,1.0,English,0.34
You are selected for ₹5000 cash prize. Call +91-7426275145,spam,prize_scams,0,0.26,1.0,English,0.82
ನಿಮ್ಮ Spotify ಚಂದಾದಾರಿಕೆ ಶೀಘ್ರದಲ್ಲೇ ಮುಗಿಯುತ್ತದೆ. ನವೀಕರಿಸಿ,promo,general_promo,0,0.55,1.0,Kannada,0.59
Bank error: Extra ₹25000 credited. Verify: http://phish-site.com,spam,financial_scams,1,0.13,0.02,English,0.81
आपका Spotify सब्सक्रिप्शन जल्द खत्म। नवीनीकरण करें,promo,general_promo,0,0.54,1.0,Hindi,0.46
Meeting rescheduled to 5:11,ham,personal,0,0.87,1.0,English,0.02
Did you finish the assignment?,ham,personal,0,0.87,1.0,English,0.17
Sarkari yojana: ₹10000 har mahine. YES bhejo,spam,general_spam,0,0.29,1.0,Hinglish,0.7
Package will be delivered today between 8-4,ham,personal,0,0.84,1.0,English,0.05
चेतावनी: आपके खाते में संदिग्ध गतिविधि। कॉल +91-7553171917,spam,general_spam,0,0.05,1.0,Hindi,0.95
ವಿಶೇಷ ಆಫರ್: 60% ರಿಯಾಯಿತಿ,promo,general_promo,0,0.69,1.0,Kannada,0.36
Alert: Aapke account mein suspicious activity. Call +91-7279911581,spam,financial_scams,0,0.0,1.0,Hinglish,0.72
Bank error: Extra ₹50000 credited. Verify: http://phish-site.com,spam,financial_scams,1,0.23,0.15,English,0.92
Loan approve! ₹50000 mil raha. Documents nahi. Reply YES,spam,financial_scams,0,0.15,1.0,Hinglish,0.91
Seasonal sale: Prices slashed by 40%,promo,promotional_offers,0,0.76,1.0,English,0.49
You are selected for ₹25000 cash prize. Call +91-8259047498,spam,prize_scams,0,0.11,1.0,English,0.74
Bank error: Extra ₹25000 credited. Verify: http://phish-site.com,spam,financial_scams,1,0.1,0.02,English,0.9
"ಹೇ, ನಾಳೆ dinner ಗೆ ಭೇಟಿ ಮಾಡುತ್ತಿದ್ದೀರಾ? ಸಮಯ ತಿಳಿಸಿ",ham,personal,0,0.91,1.0,Kannada,0.03
बधाई! आपने car जीता। दावा करें: http://phish-site.com,spam,general_spam,1,0.02,0.18,Hindi,0.92
Your OTP is 539958. Do not share,ham,service_updates,0,0.95,1.0,English,0.19
Clearance sale: Limited stock available,promo,promotional_offers,0,0.76,1.0,English,0.3
Flash sale! smartphone par 30% off. Shopping: http://secure-site.com,promo,promotional_offers,1,0.63,0.79,Hinglish,0.32
सरकारी योजना: ₹50000 हर महीने। YES भेजें,spam,general_spam,0,0.17,1.0,Hindi,0.81
See you at mall,ham,personal,0,0.93,1.0,English,0.13
Your Spotify subscription expiring soon. Renew now,promo,service_updates,0,0.76,1.0,English,0.56
आज meeting कब है?,ham,personal,0,0.9,1.0,Hindi,0.15
New watch collection launched! Use code SAVE50,promo,general_promo,0,0.64,1.0,English,0.59
बधाई! आपने MacBook जीता। दावा करें: http://phish-site.com,spam,general_spam,1,0.12,0.11,Hindi,0.73
सरकारी योजना: ₹10000 हर महीने। YES भेजें,spam,general_spam,0,0.05,1.0,Hindi,0.86
"Badhai ho! Aap jeete ₹50,000. Claim: http://phish-site.com",spam,general_spam,1,0.04,0.0,Hinglish,0.72
फ्री हो तो कॉल करना,ham,personal,0,0.85,1.0,Hindi,0.15
जल्दी! आपका HDFC खाता निलंबित। सत्यापित करें: http://phish-site.com,spam,general_spam,1,0.2,0.19,Hindi,0.77
जल्दी! आपका SBI खाता निलंबित। सत्यापित करें: http://phish-site.com,spam,general_spam,1,0.15,0.15,Hindi,0.81
ऋण स्वीकृत! ₹50000 मिल रहा। कोई कागजात नहीं। YES जवाब दें,spam,general_spam,0,0.15,1.0,Hindi,0.82
फ्री हो तो कॉल करना,ham,personal,0,0.83,1.0,Hindi,0.09
Call me when you're free,ham,personal,0,0.91,1.0,English,0.18
CONGRATULATIONS! You won iPhone 15. Claim: http://phish-site.com,spam,prize_scams,1,0.16,0.05,English,0.7
What time is your appointment?,ham,service_updates,0,0.87,1.0,English,0.08
"45 minute late, traffic mein",ham,personal,0,0.88,1.0,Hinglish,0.19
Kal dinner ka mat bhoolna. Time 12:35,ham,personal,0,0.82,1.0,Hinglish,0.24
Aaj appointment kab hai?,ham,service_updates,0,0.83,1.0,Hinglish,0.21
ಇಂದು meeting ಯಾವಾಗ?,ham,personal,0,0.82,1.0,Kannada,0.05
आज meeting कब है?,ham,personal,0,0.87,1.0,Hindi,0.2
Working from home today,ham,personal,0,0.85,1.0,English,0.29
ತ್ವರಿತ! ನಿಮ್ಮ HDFC ಖಾತೆ ನಿಲ್ಲಿಸಲಾಗಿದೆ. ಧೃಡೀಕರಿಸಿ: http://phish-site.com,spam,general_spam,1,0.24,0.08,Kannada,0.9
Thanks for your help with study,ham,personal,0,0.98,1.0,English,0.03
"Your number won ₹50,000. Click to claim: http://phish-site.com",spam,prize_scams,1,0.0,0.03,English,0.95
Free ho toh call karna,ham,personal,0,1.0,1.0,Hinglish,0.28
URGENT: Your Axis account suspended. Verify now: http://phish-site.com,spam,financial_scams,1,0.05,0.18,English,0.74
Exclusive deal for you: 60% off,promo,general_promo,0,0.6,1.0,English,0.45
Special offer: headphones at 30% discount,promo,promotional_offers,0,0.61,1.0,English,0.48
चेतावनी: आपके खाते में संदिग्ध गतिविधि। कॉल +91-9025570716,spam,general_spam,0,0.19,1.0,Hindi,0.75
सीमित समय: 1 खरीदो 1 मुफ्त। कोड SAVE49,promo,general_promo,0,0.75,1.0,Hindi,0.38
Free shipping on orders above ₹50000,promo,general_promo,0,0.63,1.0,English,0.37
What time is your flight?,ham,personal,0,0.92,1.0,English,0.23
Did you finish the project?,ham,personal,0,0.9,1.0,English,0.04
"Badhai ho! Aap jeete ₹50,000. Claim: http://phish-site.com",spam,general_spam,1,0.27,0.04,Hinglish,0.91
Loan approve! ₹5000 mil raha. Documents nahi. Reply YES,spam,financial_scams,0,0.12,1.0,Hinglish,0.74
Call me when you're free,ham,personal,0,0.95,1.0,English,0.16
Your Spotify subscription expiring soon. Renew now,promo,service_updates,0,0.72,1.0,English,0.36
कल dinner का मत भूलना। समय 6:59,ham,personal,0,0.87,1.0,Hindi,0.04
आपका Spotify सब्सक्रिप्शन जल्द खत्म। नवीनीकरण करें,promo,general_promo,0,0.54,1.0,Hindi,0.39
Working from home today,ham,personal,0,0.96,1.0,English,0.11
Credit card par 5% cashback,promo,general_promo,0,0.63,1.0,Hinglish,0.33
"हे, कल dinner के लिए मिल रहे? समय बताओ",ham,personal,0,0.84,1.0,Hindi,0.22
Loan approve! ₹50000 mil raha. Documents nahi. Reply YES,spam,financial_scams,0,0.02,1.0,Hinglish,0.85
Your OTP is 718473. Do not share,ham,service_updates,0,0.99,1.0,English,0.07
Your package delivery failed. Confirm address: http://phish-site.com,spam,general_spam,1,0.09,0.11,English,0.71
बधाई! आपने car जीता। दावा करें: http://phish-site.com,spam,general_spam,1,0.05,0.07,Hindi,0.74
आपका Amazon Prime सब्सक्रिप्शन जल्द खत्म। नवीनीकरण करें,promo,general_promo,0,0.7,1.0,Hindi,0.58
कल dinner का मत भूलना। समय 8:42,ham,personal,0,0.9,1.0,Hindi,0.1
Don't forget about meeting tomorrow at 4:16,ham,personal,0,0.81,1.0,English,0.25
आपका Spotify सब्सक्रिप्शन जल्द खत्म। नवीनीकरण करें,promo,general_promo,0,0.54,1.0,Hindi,0.42
Government scheme: Get ₹25000 monthly. Send YES,spam,general_spam,0,0.01,1.0,English,0.77
SECURITY ALERT: Suspicious login detected. Secure account: http://phish-site.com,spam,financial_scams,1,0.15,0.18,English,0.81
Can you pick up medicine from the store?,ham,personal,0,0.84,1.0,English,0.14
Aaj meeting kab hai?,ham,personal,0,0.83,1.0,Hinglish,0.15
चेतावनी: आपके खाते में संदिग्ध गतिविधि। कॉल +91-9365215117,spam,general_spam,0,0.05,1.0,Hindi,0.77
ನಾಳೆ dinner ಮರೆಯಬೇಡಿ. ಸಮಯ 6:34,ham,personal,0,0.95,1.0,Kannada,0.09
जल्दी! आपका ICICI खाता निलंबित। सत्यापित करें: http://phish-site.com,spam,general_spam,1,0.08,0.19,Hindi,0.81
Free shipping on orders above ₹25000,promo,general_promo,0,0.76,1.0,English,0.52
FLASH SALE: 50% OFF on watch. Shop now: http://secure-site.com,promo,promotional_offers,1,0.58,0.73,English,0.39
ऋण स्वीकृत! ₹50000 मिल रहा। कोई कागजात नहीं। YES जवाब दें,spam,general_spam,0,0.15,1.0,Hindi,0.99
Your number won iPhone 15. Click to claim: http://phish-site.com,spam,prize_scams,1,0.14,0.03,English,0.75
"15 मिनट लेट, ट्रैफिक में",ham,personal,0,0.88,1.0,Hindi,0.26
Happy birthday! 🎉 See you tonight!,ham,personal,0,0.93,1.0,English,0.06
Store se bread le aana,ham,personal,0,0.97,1.0,Hinglish,0.27
"हे, कल meeting के लिए मिल रहे? समय बताओ",ham,personal,0,0.96,1.0,Hindi,0.01
ಇಂದು appointment ಯಾವಾಗ?,ham,service_updates,0,0.92,1.0,Kannada,0.03
बधाई! आपने iPhone 15 जीता। दावा करें: http://phish-site.com,spam,general_spam,1,0.27,0.0,Hindi,0.91
Alert: Aapke account mein suspicious activity. Call +91-9178779101,spam,financial_scams,0,0.1,1.0,Hinglish,0.87
Jaldi! Aapka ICICI account suspend. Verify: http://phish-site.com,spam,financial_scams,1,0.18,0.09,Hinglish,0.72
"Hey, kal lunch ke liye mil rahe? Time batao",ham,personal,0,0.96,1.0,Hinglish,0.23
SECURITY ALERT: Suspicious login detected. Secure account: http://phish-site.com,spam,financial_scams,1,0.0,0.1,English,0.73
Jaldi! Aapka HDFC account suspend. Verify: http://phish-site.com,spam,financial_scams,1,0.03,0.18,Hinglish,0.93
बधाई! आपने car जीता। दावा करें: http://phish-site.com,spam,general_spam,1,0.24,0.09,Hindi,0.72
Aadhaar verification failed. Update immediately: http://phish-site.com,spam,general_spam,1,0.05,0.12,English,0.72
Tax refund of ₹5000 approved. Claim: http://phish-site.com,spam,general_spam,1,0.22,0.02,English,0.97
Early access: New arrivals now live,promo,general_promo,0,0.69,1.0,English,0.47
"13 minute late, traffic mein",ham,personal,0,0.93,1.0,Hinglish,0.02
ಫ್ಲಾಶ್ ಸೇಲ್! headphones ನಲ್ಲಿ 70% ರಿಯಾಯಿತಿ. ಶಾಪಿಂಗ್: http://secure-site.com,promo,general_promo,1,0.52,0.87,Kannada,0.54
SECURITY ALERT: Suspicious login detected. Secure account: http://phish-site.com,spam,financial_scams,1,0.12,0.06,English,0.83
Your UPI will be deactivated. Verify now: http://phish-site.com,spam,phishing_scams,1,0.03,0.0,English,0.83
Alert: Aapke account mein suspicious activity. Call +91-8760891847,spam,financial_scams,0,0.19,1.0,Hinglish,0.8
Don't forget about dinner tomorrow at 4:27,ham,personal,0,0.9,1.0,English,0.14
Birthday treat: 40% off for you!,promo,general_promo,0,0.76,1.0,English,0.52
फ्री हो तो कॉल करना,ham,personal,0,0.97,1.0,Hindi,0.14
Your OTP is 585347. Do not share,ham,service_updates,0,1.0,1.0,English,0.09
Your package delivery failed. Confirm address: http://phish-site.com,spam,general_spam,1,0.25,0.05,English,1.0
ಸ್ಟೋರ್ನಿಂದ milk ತೆಗೆದುಕೊಳ್ಳಿ,ham,personal,0,0.91,1.0,Kannada,0.2
"Running 44 minutes late, stuck in traffic",ham,personal,0,0.87,1.0,English,0.29
फ्री हो तो कॉल करना,ham,personal,0,0.96,1.0,Hindi,0.2
"Hey, are we meeting for lunch today? Let me know",ham,personal,0,0.87,1.0,English,0.13
Thanks for your help with study,ham,personal,0,0.91,1.0,English,0.23
Flash sale! laptop par 20% off. Shopping: http://secure-site.com,promo,promotional_offers,1,0.79,0.71,Hinglish,0.42
Don't forget about lunch tomorrow at 5:13,ham,personal,0,0.93,1.0,English,0.19
Limited time: Buy 1 Get 1 Free on electronics. Code: SAVE19,promo,general_promo,0,0.7,1.0,English,0.37
Your Spotify subscription expired. Update payment: http://phish-site.com,spam,general_spam,1,0.01,0.16,English,0.73
"CONGRATULATIONS! You won ₹50,000. Claim: http://phish-site.com",spam,prize_scams,1,0.22,0.1,English,0.76
Tax refund of ₹25000 approved. Claim: http://phish-site.com,spam,general_spam,1,0.18,0.15,English,0.74
Your number won iPhone 15. Click to claim: http://phish-site.com,spam,prize_scams,1,0.13,0.14,English,0.88
Meeting rescheduled to 11:04,ham,personal,0,0.93,1.0,English,0.22
Package will be delivered today between 12-2,ham,personal,0,0.81,1.0,English,0.24
फ्री हो तो कॉल करना,ham,personal,0,0.86,1.0,Hindi,0.25
फ्लैश सेल! smartphone पर 30% छूट। खरीदारी: http://secure-site.com,promo,general_promo,1,0.53,0.83,Hindi,0.48
Your Amazon Prime subscription expired. Update payment: http://phish-site.com,spam,general_spam,1,0.2,0.0,English,0.91
सरकारी योजना: ₹10000 हर महीने। YES भेजें,spam,general_spam,0,0.12,1.0,Hindi,0.71
"हे, कल dinner के लिए मिल रहे? समय बताओ",ham,personal,0,0.9,1.0,Hindi,0.07
चेतावनी: आपके खाते में संदिग्ध गतिविधि। कॉल +91-8039245996,spam,general_spam,0,0.23,1.0,Hindi,0.84
कल dinner का मत भूलना। समय 5:00,ham,personal,0,0.94,1.0,Hindi,0.19
"39 minute late, traffic mein",ham,personal,0,0.82,1.0,Hinglish,0.2
Weekend special: Extra 60% off. Shop: http://secure-site.com,promo,general_promo,1,0.78,0.88,English,0.54
"Hey, kal dinner ke liye mil rahe? Time batao",ham,personal,0,0.85,1.0,Hinglish,0.01
Your Amazon Prime subscription expiring soon. Renew now,promo,service_updates,0,0.6,1.0,English,0.33
Free shipping on orders above ₹10000,promo,general_promo,0,0.6,1.0,English,0.45
Member exclusive: Extra 40% off,promo,general_promo,0,0.75,1.0,English,0.52
ऋण स्वीकृत! ₹5000 मिल रहा। कोई कागजात नहीं। YES जवाब दें,spam,general_spam,0,0.14,1.0,Hindi,0.8
Work from home: Earn ₹5000 daily. No experience. Reply YES,spam,general_spam,0,0.15,1.0,English,0.71
Kal dinner ka mat bhoolna. Time 9:05,ham,personal,0,0.99,1.0,Hinglish,0.0
Jaldi! Aapka ICICI account suspend. Verify: http://phish-site.com,spam,financial_scams,1,0.14,0.02,Hinglish,0.91
Sarkari yojana: ₹10000 har mahine. YES bhejo,spam,general_spam,0,0.08,1.0,Hinglish,0.84
सरकारी योजना: ₹25000 हर महीने। YES भेजें,spam,general_spam,0,0.13,1.0,Hindi,0.82
New headphones collection launched! Use code SAVE22,promo,general_promo,0,0.63,1.0,English,0.33
Kal lunch ka mat bhoolna. Time 11:50,ham,personal,0,0.94,1.0,Hinglish,0.06
Limited time: 1 kharido 1 free. Code SAVE29,promo,general_promo,0,0.77,1.0,Hinglish,0.4
Can you pick up medicine from the store?,ham,personal,0,0.81,1.0,English,0.23
सीमित समय: 1 खरीदो 1 मुफ्त। कोड SAVE45,promo,general_promo,0,0.76,1.0,Hindi,0.39
Work from home: Earn ₹10000 daily. No experience. Reply YES,spam,general_spam,0,0.07,1.0,English,0.78
New headphones collection launched! Use code SAVE49,promo,general_promo,0,0.76,1.0,English,0.58
"CONGRATULATIONS! You won ₹50,000. Claim: http://phish-site.com",spam,prize_scams,1,0.14,0.18,English,0.73
CONGRATULATIONS! You won MacBook. Claim: http://phish-site.com,spam,prize_scams,1,0.13,0.15,English,0.79
ನಾಳೆ lunch ಮರೆಯಬೇಡಿ. ಸಮಯ 7:57,ham,personal,0,0.96,1.0,Kannada,0.12
Seasonal sale: Prices slashed by 20%,promo,promotional_offers,0,0.5,1.0,English,0.45
जल्दी! आपका SBI खाता निलंबित। सत्यापित करें: http://phish-site.com,spam,general_spam,1,0.08,0.15,Hindi,0.72
"Running 13 minutes late, stuck in traffic",ham,personal,0,0.93,1.0,English,0.19
Member exclusive: Extra 40% off,promo,general_promo,0,0.57,1.0,English,0.48
Can you pick up medicine from the store?,ham,personal,0,0.95,1.0,English,0.18
"31 minute late, traffic mein",ham,personal,0,0.96,1.0,Hinglish,0.03
Flash sale! smartphone par 20% off. Shopping: http://secure-site.com,promo,promotional_offers,1,0.51,0.83,Hinglish,0.46
ತ್ವರಿತ! ನಿಮ್ಮ ICICI ಖಾತೆ ನಿಲ್ಲಿಸಲಾಗಿದೆ. ಧೃಡೀಕರಿಸಿ: http://phish-site.com,spam,general_spam,1,0.06,0.09,Kannada,0.73
"32 ನಿಮಿಷ ತಡವಾಗಿ, ಟ್ರಾಫಿಕ್ನಲ್ಲಿ",ham,personal,0,0.82,1.0,Kannada,0.29
ಇಂದು appointment ಯಾವಾಗ?,ham,service_updates,0,0.81,1.0,Kannada,0.18
FLASH SALE: 50% OFF on watch. Shop now: http://secure-site.com,promo,promotional_offers,1,0.67,0.76,English,0.54
Limited time: Buy 1 Get 1 Free on fashion. Code: SAVE21,promo,general_promo,0,0.53,1.0,English,0.59
Loan approved! Get ₹10000 instantly. No documents. Reply YES,spam,financial_scams,0,0.04,1.0,English,0.94
Store se bread le aana,ham,personal,0,0.94,1.0,Hinglish,0.16
विशेष ऑफर: 40% छूट,promo,general_promo,0,0.69,1.0,Hindi,0.5
Thanks for your help with work,ham,personal,0,0.93,1.0,English,0.23
Did you finish the assignment?,ham,personal,0,0.88,1.0,English,0.09
New laptop collection launched! Use code SAVE36,promo,general_promo,0,0.59,1.0,English,0.31
Flash sale! watch par 60% off. Shopping: http://secure-site.com,promo,promotional_offers,1,0.6,0.88,Hinglish,0.34
Don't forget about dinner tomorrow at 5:02,ham,personal,0,0.89,1.0,English,0.22
Work from home: Earn ₹50000 daily. No experience. Reply YES,spam,general_spam,0,0.15,1.0,English,0.72
ಅಭಿನಂದನೆಗಳು! ನೀವು iPhone 15 ಗೆದ್ದಿದ್ದೀರಿ. ಕ್ಲೈಮ್: http://phish-site.com,spam,general_spam,1,0.12,0.03,Kannada,0.84
Aadhaar verification failed. Update immediately: http://phish-site.com,spam,general_spam,1,0.18,0.12,English,0.9
स्टोर से bread ले आना,ham,personal,0,0.91,1.0,Hindi,0.14
फ्री हो तो कॉल करना,ham,personal,0,0.98,1.0,Hindi,0.01
Happy birthday! 🎉 See you tonight!,ham,personal,0,0.98,1.0,English,0.17
Don't forget about meeting tomorrow at 8:08,ham,personal,0,0.99,1.0,English,0.25
Meeting rescheduled to 10:58,ham,personal,0,0.93,1.0,English,0.24
सीमित समय: 1 खरीदो 1 मुफ्त। कोड SAVE12,promo,general_promo,0,0.78,1.0,Hindi,0.53
ऋण स्वीकृत! ₹25000 मिल रहा। कोई कागजात नहीं। YES जवाब दें,spam,general_spam,0,0.02,1.0,Hindi,0.84
Aaj meeting kab hai?,ham,personal,0,0.82,1.0,Hinglish,0.0
Free ho toh call karna,ham,personal,0,0.97,1.0,Hinglish,0.14
बधाई! आपने MacBook जीता। दावा करें: http://phish-site.com,spam,general_spam,1,0.13,0.04,Hindi,0.89
Aaj meeting kab hai?,ham,personal,0,0.81,1.0,Hinglish,0.14
Tax refund of ₹25000 approved. Claim: http://phish-site.com,spam,general_spam,1,0.26,0.01,English,0.9
Your number won car. Click to claim: http://phish-site.com,spam,prize_scams,1,0.02,0.1,English,0.74
Working from home today,ham,personal,0,0.91,1.0,English,0.13
Your package delivery failed. Confirm address: http://phish-site.com,spam,general_spam,1,0.28,0.08,English,0.98
चेतावनी: आपके खाते में संदिग्ध गतिविधि। कॉल +91-7065598025,spam,general_spam,0,0.29,1.0,Hindi,0.72
Call me when you're free,ham,personal,0,0.89,1.0,English,0.2
You are selected for ₹25000 cash prize. Call +91-7564267316,spam,prize_scams,0,0.16,1.0,English,0.74
Badhai ho! Aap jeete car. Claim: http://phish-site.com,spam,general_spam,1,0.17,0.01,Hinglish,0.9
Your Netflix subscription expired. Update payment: http://phish-site.com,spam,general_spam,1,0.06,0.19,English,0.84
ऋण स्वीकृत! ₹25000 मिल रहा। कोई कागजात नहीं। YES जवाब दें,spam,general_spam,0,0.05,1.0,Hindi,0.96
ನಾಳೆ dinner ಮರೆಯಬೇಡಿ. ಸಮಯ 10:31,ham,personal,0,0.82,1.0,Kannada,0.24
Call me when you're free,ham,personal,0,0.9,1.0,English,0.24
Aaj appointment kab hai?,ham,service_updates,0,0.84,1.0,Hinglish,0.17
Can you pick up bread from the store?,ham,personal,0,0.83,1.0,English,0.2
Jaldi! Aapka SBI account suspend. Verify: http://phish-site.com,spam,financial_scams,1,0.25,0.17,Hinglish,0.72
"Badhai ho! Aap jeete ₹50,000. Claim: http://phish-site.com",spam,general_spam,1,0.09,0.06,Hinglish,0.93
चेतावनी: आपके खाते में संदिग्ध गतिविधि। कॉल +91-7163258094,spam,general_spam,0,0.24,1.0,Hindi,0.96
"22 minute late, traffic mein",ham,personal,0,0.99,1.0,Hinglish,0.26
Your Netflix subscription expired. Update payment: http://phish-site.com,spam,general_spam,1,0.27,0.07,English,0.9
Thanks for your help with study,ham,personal,0,0.93,1.0,English,0.04
Refer a friend & get ₹50000 off,promo,general_promo,0,0.63,1.0,English,0.44
Government scheme: Get ₹5000 monthly. Send YES,spam,general_spam,0,0.26,1.0,English,0.87
Your UPI will be deactivated. Verify now: http://phish-site.com,spam,phishing_scams,1,0.12,0.03,English,0.84
Aaj meeting kab hai?,ham,personal,0,0.87,1.0,Hinglish,0.1
ವಿಶೇಷ ಆಫರ್: 40% ರಿಯಾಯಿತಿ,promo,general_promo,0,0.51,1.0,Kannada,0.58
Your number won MacBook. Click to claim: http://phish-site.com,spam,prize_scams,1,0.14,0.17,English,0.73
Sarkari yojana: ₹50000 har mahine. YES bhejo,spam,general_spam,0,0.13,1.0,Hinglish,0.92
ಅಭಿನಂದನೆಗಳು! ನೀವು car ಗೆದ್ದಿದ್ದೀರಿ. ಕ್ಲೈಮ್: http://phish-site.com,spam,general_spam,1,0.07,0.03,Kannada,0.88
"Hey, kal lunch ke liye mil rahe? Time batao",ham,personal,0,0.94,1.0,Hinglish,0.09
Can you pick up milk from the store?,ham,personal,0,0.88,1.0,English,0.06
Your Amazon Prime subscription expiring soon. Renew now,promo,service_updates,0,0.71,1.0,English,0.52
Early access: New arrivals now live,promo,general_promo,0,0.56,1.0,English,0.59
Kal meeting ka mat bhoolna. Time 12:55,ham,personal,0,0.96,1.0,Hinglish,0.05
Bank error: Extra ₹25000 credited. Verify: http://phish-site.com,spam,financial_scams,1,0.1,0.14,English,0.82
Free shipping on orders above ₹25000,promo,general_promo,0,0.51,1.0,English,0.48
Can you pick up medicine from the store?,ham,personal,0,0.87,1.0,English,0.25
Flash sale! smartphone par 20% off. Shopping: http://secure-site.com,promo,promotional_offers,1,0.51,0.84,Hinglish,0.39
बधाई! आपने iPhone 15 जीता। दावा करें: http://phish-site.com,spam,general_spam,1,0.21,0.16,Hindi,0.88
Working from home today,ham,personal,0,0.88,1.0,English,0.08
Alert: Aapke account mein suspicious activity. Call +91-8469326997,spam,financial_scams,0,0.08,1.0,Hinglish,0.95
See you at office,ham,personal,0,0.84,1.0,English,0.08
Jaldi! Aapka ICICI account suspend. Verify: http://phish-site.com,spam,financial_scams,1,0.16,0.09,Hinglish,0.86
"Hey, are we meeting for meeting today? Let me know",ham,personal,0,0.82,1.0,English,0.28
SECURITY ALERT: Suspicious login detected. Secure account: http://phish-site.com,spam,financial_scams,1,0.28,0.11,English,0.99
ನಾಳೆ meeting ಮರೆಯಬೇಡಿ. ಸಮಯ 12:13,ham,personal,0,0.89,1.0,Kannada,0.15
सरकारी योजना: ₹50000 हर महीने। YES भेजें,spam,general_spam,0,0.08,1.0,Hindi,0.92
ಎಚ್ಚರಿಕೆ: ನಿಮ್ಮ ಖಾತೆಯಲ್ಲಿ ಸಂಶಯಾಸ್ಪದ ಚಟುವಟಿಕೆ. ಕಾಲ್ +91-8321110212,spam,general_spam,0,0.01,1.0,Kannada,0.99
सीमित समय: 1 खरीदो 1 मुफ्त। कोड SAVE34,promo,general_promo,0,0.54,1.0,Hindi,0.49
Birthday treat: 50% off for you!,promo,general_promo,0,0.5,1.0,English,0.42
Kal dinner ka mat bhoolna. Time 9:23,ham,personal,0,0.96,1.0,Hinglish,0.07
Clearance sale: Limited stock available,promo,promotional_offers,0,0.68,1.0,English,0.39
What time is your meeting?,ham,personal,0,0.89,1.0,English,0.04
Sarkari yojana: ₹5000 har mahine. YES bhejo,spam,general_spam,0,0.11,1.0,Hinglish,0.95
चेतावनी: आपके खाते में संदिग्ध गतिविधि। कॉल +91-9246470562,spam,general_spam,0,0.3,1.0,Hindi,0.92
Loan approved! Get ₹5000 instantly. No documents. Reply YES,spam,financial_scams,0,0.06,1.0,English,0.81
Aaj flight kab hai?,ham,personal,0,0.97,1.0,Hinglish,0.14
Limited time: Buy 1 Get 1 Free on fashion. Code: SAVE44,promo,general_promo,0,0.79,1.0,English,0.32
Kal meeting ka mat bhoolna. Time 2:49,ham,personal,0,0.83,1.0,Hinglish,0.23
Early access: New arrivals now live,promo,general_promo,0,0.76,1.0,English,0.57
बधाई! आपने iPhone 15 जीता। दावा करें: http://phish-site.com,spam,general_spam,1,0.3,0.12,Hindi,0.99
Aapka Netflix subscription jald khatam. Renew karo,promo,service_updates,0,0.51,1.0,Hinglish,0.41
फ्लैश सेल! watch पर 50% छूट। खरीदारी: http://secure-site.com,promo,general_promo,1,0.55,0.8,Hindi,0.37
फ्लैश सेल! smartphone पर 30% छूट। खरीदारी: http://secure-site.com,promo,general_promo,1,0.7,0.88,Hindi,0.37
Jaldi! Aapka ICICI account suspend. Verify: http://phish-site.com,spam,financial_scams,1,0.26,0.09,Hinglish,0.92
स्टोर से milk ले आना,ham,personal,0,0.89,1.0,Hindi,0.15
Clearance sale: Limited stock available,promo,promotional_offers,0,0.59,1.0,English,0.34
Your package delivery failed. Confirm address: http://phish-site.com,spam,general_spam,1,0.18,0.15,English,0.89
Special offer: headphones at 30% discount,promo,promotional_offers,0,0.72,1.0,English,0.53
ಅಭಿನಂದನೆಗಳು! ನೀವು MacBook ಗೆದ್ದಿದ್ದೀರಿ. ಕ್ಲೈಮ್: http://phish-site.com,spam,general_spam,1,0.26,0.13,Kannada,0.96
"हे, कल lunch के लिए मिल रहे? समय बताओ",ham,personal,0,0.99,1.0,Hindi,0.17
ऋण स्वीकृत! ₹10000 मिल रहा। कोई कागजात नहीं। YES जवाब दें,spam,general_spam,0,0.2,1.0,Hindi,0.93
Aaj meeting kab hai?,ham,personal,0,0.92,1.0,Hinglish,0.25
फ्री हो तो कॉल करना,ham,personal,0,0.99,1.0,Hindi,0.24
"ಅಭಿನಂದನೆಗಳು! ನೀವು ₹50,000 ಗೆದ್ದಿದ್ದೀರಿ. ಕ್ಲೈಮ್: http://phish-site.com",spam,general_spam,1,0.25,0.07,Kannada,0.97
You are selected for ₹10000 cash prize. Call +91-7133034823,spam,prize_scams,0,0.29,1.0,English,0.77
Doctor appointment confirmed for 3:47,ham,service_updates,0,0.89,1.0,English,0.14
ನಾಳೆ meeting ಮರೆಯಬೇಡಿ. ಸಮಯ 9:54,ham,personal,0,0.89,1.0,Kannada,0.23
FLASH SALE: 30% OFF on headphones. Shop now: http://secure-site.com,promo,promotional_offers,1,0.56,0.89,English,0.36
Your Amazon Prime subscription expired. Update payment: http://phish-site.com,spam,general_spam,1,0.21,0.03,English,0.91
Your Amazon Prime subscription expiring soon. Renew now,promo,service_updates,0,0.75,1.0,English,0.51
ಇಂದು appointment ಯಾವಾಗ?,ham,service_updates,0,0.81,1.0,Kannada,0.29
"हे, कल lunch के लिए मिल रहे? समय बताओ",ham,personal,0,0.86,1.0,Hindi,0.1
FLASH SALE: 70% OFF on watch. Shop now: http://secure-site.com,promo,promotional_offers,1,0.53,0.81,English,0.51
"हे, कल lunch के लिए मिल रहे? समय बताओ",ham,personal,0,0.97,1.0,Hindi,0.28
Your package delivery failed. Confirm address: http://phish-site.com,spam,general_spam,1,0.28,0.07,English,0.98
Your Amazon Prime subscription expired. Update payment: http://phish-site.com,spam,general_spam,1,0.11,0.16,English,0.83
विशेष ऑफर: 70% छूट,promo,general_promo,0,0.54,1.0,Hindi,0.57
"Badhai ho! Aap jeete ₹50,000. Claim: http://phish-site.com",spam,general_spam,1,0.2,0.05,Hinglish,0.85
Work from home: Earn ₹25000 daily. No experience. Reply YES,spam,general_spam,0,0.11,1.0,English,0.82
Aaj meeting kab hai?,ham,personal,0,0.87,1.0,Hinglish,0.06
FLASH SALE: 60% OFF on smartphone. Shop now: http://secure-site.com,promo,promotional_offers,1,0.64,0.72,English,0.43
आपका Amazon Prime सब्सक्रिप्शन जल्द खत्म। नवीनीकरण करें,promo,general_promo,0,0.51,1.0,Hindi,0.41
What time is your meeting?,ham,personal,0,0.94,1.0,English,0.23
ಕ್ರೆಡಿಟ್ ಕಾರ್ಡ್ನಲ್ಲಿ 15% ಕ್ಯಾಶ್‌ಬ್ಯಾಕ್,promo,general_promo,0,0.67,1.0,Kannada,0.42
"Hey, are we meeting for meeting today? Let me know",ham,personal,0,0.92,1.0,English,0.25
Your UPI will be deactivated. Verify now: http://phish-site.com,spam,phishing_scams,1,0.24,0.2,English,0.96
Don't forget about lunch tomorrow at 11:40,ham,personal,0,0.82,1.0,English,0.03
Your UPI will be deactivated. Verify now: http://phish-site.com,spam,phishing_scams,1,0.26,0.16,English,0.96
जल्दी! आपका SBI खाता निलंबित। सत्यापित करें: http://phish-site.com,spam,general_spam,1,0.09,0.2,Hindi,0.99
Special offer: headphones at 40% discount,promo,promotional_offers,0,0.72,1.0,English,0.5
ಸ್ಟೋರ್ನಿಂದ bread ತೆಗೆದುಕೊಳ್ಳಿ,ham,personal,0,0.9,1.0,Kannada,0.17
"Running 45 minutes late, stuck in traffic",ham,personal,0,0.82,1.0,English,0.18
Kal lunch ka mat bhoolna. Time 11:45,ham,personal,0,0.93,1.0,Hinglish,0.25
Aaj meeting kab hai?,ham,personal,0,0.85,1.0,Hinglish,0.13
ಫ್ಲಾಶ್ ಸೇಲ್! headphones ನಲ್ಲಿ 70% ರಿಯಾಯಿತಿ. ಶಾಪಿಂಗ್: http://secure-site.com,promo,general_promo,1,0.71,0.8,Kannada,0.41
विशेष ऑफर: 60% छूट,promo,general_promo,0,0.74,1.0,Hindi,0.5
Meeting rescheduled to 3:36,ham,personal,0,0.83,1.0,English,0.08
Weekend special: Extra 20% off. Shop: http://secure-site.com,promo,general_promo,1,0.66,0.76,English,0.36
Meeting rescheduled to 9:18,ham,personal,0,0.95,1.0,English,0.09
"Hey, kal meeting ke liye mil rahe? Time batao",ham,personal,0,0.82,1.0,Hinglish,0.25
सीमित समय: 1 खरीदो 1 मुफ्त। कोड SAVE12,promo,general_promo,0,0.79,1.0,Hindi,0.55
Can you pick up milk from the store?,ham,personal,0,0.81,1.0,English,0.05
Aaj meeting kab hai?,ham,personal,0,0.95,1.0,Hinglish,0.1
स्टोर से medicine ले आना,ham,personal,0,0.89,1.0,Hindi,0.11
ಸರ್ಕಾರಿ ಯೋಜನೆ: ₹25000 ಪ್ರತಿ ತಿಂಗಳು. YES ಕಳುಹಿಸಿ,spam,general_spam,0,0.04,1.0,Kannada,0.7
आज flight कब है?,ham,personal,0,0.89,1.0,Hindi,0.0
Meeting rescheduled to 4:57,ham,personal,0,0.81,1.0,English,0.23
ನಿಮ್ಮ Netflix ಚಂದಾದಾರಿಕೆ ಶೀಘ್ರದಲ್ಲೇ ಮುಗಿಯುತ್ತದೆ. ನವೀಕರಿಸಿ,promo,general_promo,0,0.63,1.0,Kannada,0.48
Your package delivery failed. Confirm address: http://phish-site.com,spam,general_spam,1,0.14,0.07,English,0.88
New watch collection launched! Use code SAVE10,promo,general_promo,0,0.54,1.0,English,0.52
ಉಚಿತವಾಗಿದ್ದರೆ ಕರೆ ಮಾಡಿ,ham,personal,0,0.95,1.0,Kannada,0.23
Your OTP is 388927. Do not share,ham,service_updates,0,0.81,1.0,English,0.03
Member exclusive: Extra 40% off,promo,general_promo,0,0.57,1.0,English,0.49
Sarkari yojana: ₹10000 har mahine. YES bhejo,spam,general_spam,0,0.23,1.0,Hinglish,0.88
Special offer: headphones at 30% discount,promo,promotional_offers,0,0.68,1.0,English,0.46
Can you pick up bread from the store?,ham,personal,0,0.82,1.0,English,0.12
ಸ್ಟೋರ್ನಿಂದ milk ತೆಗೆದುಕೊಳ್ಳಿ,ham,personal,0,0.93,1.0,Kannada,0.09
सरकारी योजना: ₹10000 हर महीने। YES भेजें,spam,general_spam,0,0.24,1.0,Hindi,0.73
ಲೋನ್ ಅನುಮೋದಿತ! ₹50000 ಸಿಗುತ್ತಿದೆ. ಯಾವುದೇ ದಾಖಲೆಗಳಿಲ್ಲ. YES ಉತ್ತರಿಸಿ,spam,general_spam,0,0.25,1.0,Kannada,0.81
Your Spotify subscription expiring soon. Renew now,promo,service_updates,0,0.78,1.0,English,0.48
Aadhaar verification failed. Update immediately: http://phish-site.com,spam,general_spam,1,0.26,0.15,English,0.93
Your UPI will be deactivated. Verify now: http://phish-site.com,spam,phishing_scams,1,0.04,0.04,English,0.77
"Hey, kal lunch ke liye mil rahe? Time batao",ham,personal,0,0.86,1.0,Hinglish,0.16
Weekend special: Extra 50% off. Shop: http://secure-site.com,promo,general_promo,1,0.77,0.76,English,0.57
Special offer: 50% discount,promo,promotional_offers,0,0.72,1.0,Hinglish,0.38
बधाई! आपने car जीता। दावा करें: http://phish-site.com,spam,general_spam,1,0.19,0.05,Hindi,0.91
Can you pick up bread from the store?,ham,personal,0,0.86,1.0,English,0.05
स्टोर से bread ले आना,ham,personal,0,0.81,1.0,Hindi,0.12
Meeting rescheduled to 8:34,ham,personal,0,0.89,1.0,English,0.05
ಇಂದು appointment ಯಾವಾಗ?,ham,service_updates,0,0.82,1.0,Kannada,0.19
Refer a friend & get ₹25000 off,promo,general_promo,0,0.53,1.0,English,0.44
Weekend special: Extra 70% off. Shop: http://secure-site.com,promo,general_promo,1,0.7,0.71,English,0.35
FLASH SALE: 20% OFF on headphones. Shop now: http://secure-site.com,promo,promotional_offers,1,0.62,0.84,English,0.36
Your Spotify subscription expired. Update payment: http://phish-site.com,spam,general_spam,1,0.24,0.18,English,0.79
Badhai ho! Aap jeete car. Claim: http://phish-site.com,spam,general_spam,1,0.28,0.0,Hinglish,0.73
Package will be delivered today between 6-8,ham,personal,0,0.86,1.0,English,0.05
फ्री हो तो कॉल करना,ham,personal,0,0.83,1.0,Hindi,0.21
Thanks for your help with study,ham,personal,0,0.98,1.0,English,0.24
Don't forget about lunch tomorrow at 4:57,ham,personal,0,0.96,1.0,English,0.2
Doctor appointment confirmed for 2:40,ham,service_updates,0,0.82,1.0,English,0.22
Loan approved! Get ₹25000 instantly. No documents. Reply YES,spam,financial_scams,0,0.26,1.0,English,0.74
Refer a friend & get ₹50000 off,promo,general_promo,0,0.52,1.0,English,0.38
ಫ್ಲಾಶ್ ಸೇಲ್! laptop ನಲ್ಲಿ 30% ರಿಯಾಯಿತಿ. ಶಾಪಿಂಗ್: http://secure-site.com,promo,general_promo,1,0.78,0.83,Kannada,0.35
You are selected for ₹25000 cash prize. Call +91-9038559555,spam,prize_scams,0,0.22,1.0,English,0.81
Get 10% cashback on credit card spends,promo,general_promo,0,0.71,1.0,English,0.32
"43 minute late, traffic mein",ham,personal,0,0.82,1.0,Hinglish,0.13
Call me when you're free,ham,personal,0,0.85,1.0,English,0.13
SECURITY ALERT: Suspicious login detected. Secure account: http://phish-site.com,spam,financial_scams,1,0.11,0.18,English,0.98
Limited time: 1 kharido 1 free. Code SAVE24,promo,general_promo,0,0.56,1.0,Hinglish,0.54
"17 minute late, traffic mein",ham,personal,0,0.95,1.0,Hinglish,0.14
Happy birthday! 🎉 See you tonight!,ham,personal,0,0.85,1.0,English,0.09
Working from home today,ham,personal,0,0.8,1.0,English,0.0
Loan approve! ₹5000 mil raha. Documents nahi. Reply YES,spam,financial_scams,0,0.28,1.0,Hinglish,0.81
ಸ್ಟೋರ್ನಿಂದ milk ತೆಗೆದುಕೊಳ್ಳಿ,ham,personal,0,0.92,1.0,Kannada,0.27
"ಹೇ, ನಾಳೆ meeting ಗೆ ಭೇಟಿ ಮಾಡುತ್ತಿದ್ದೀರಾ? ಸಮಯ ತಿಳಿಸಿ",ham,personal,0,0.85,1.0,Kannada,0.18
Credit card par 5% cashback,promo,general_promo,0,0.72,1.0,Hinglish,0.52
Credit card par 15% cashback,promo,general_promo,0,0.64,1.0,Hinglish,0.52
Did you finish the assignment?,ham,personal,0,0.97,1.0,English,0.11
ಇಂದು meeting ಯಾವಾಗ?,ham,personal,0,0.89,1.0,Kannada,0.17
Kal dinner ka mat bhoolna. Time 3:43,ham,personal,0,0.82,1.0,Hinglish,0.28
ಇಂದು appointment ಯಾವಾಗ?,ham,service_updates,0,0.86,1.0,Kannada,0.25
सीमित समय: 1 खरीदो 1 मुफ्त। कोड SAVE50,promo,general_promo,0,0.64,1.0,Hindi,0.55
Aaj appointment kab hai?,ham,service_updates,0,0.96,1.0,Hinglish,0.08
Alert: Aapke account mein suspicious activity. Call +91-7338781905,spam,financial_scams,0,0.29,1.0,Hinglish,0.93
Store se bread le aana,ham,personal,0,0.8,1.0,Hinglish,0.21
New smartphone collection launched! Use code SAVE14,promo,general_promo,0,0.74,1.0,English,0.35
Weekend special: Extra 60% off. Shop: http://secure-site.com,promo,general_promo,1,0.68,0.78,English,0.5
Store se bread le aana,ham,personal,0,0.94,1.0,Hinglish,0.0
ऋण स्वीकृत! ₹10000 मिल रहा। कोई कागजात नहीं। YES जवाब दें,spam,general_spam,0,0.11,1.0,Hindi,0.86
स्टोर से bread ले आना,ham,personal,0,0.82,1.0,Hindi,0.2
Thanks for your help with study,ham,personal,0,0.98,1.0,English,0.17
Weekend special: Extra 30% off. Shop: http://secure-site.com,promo,general_promo,1,0.55,0.72,English,0.34
Clearance sale: Limited stock available,promo,promotional_offers,0,0.67,1.0,English,0.58
फ्री हो तो कॉल करना,ham,personal,0,0.81,1.0,Hindi,0.18
Your Amazon Prime subscription expired. Update payment: http://phish-site.com,spam,general_spam,1,0.29,0.06,English,0.72
Kal dinner ka mat bhoolna. Time 7:15,ham,personal,0,0.86,1.0,Hinglish,0.28
Early access: New arrivals now live,promo,general_promo,0,0.74,1.0,English,0.51
You are selected for ₹10000 cash prize. Call +91-7521631990,spam,prize_scams,0,0.1,1.0,English,0.96
Package will be delivered today between 5-12,ham,personal,0,0.85,1.0,English,0.24
Alert: Aapke account mein suspicious activity. Call +91-9754558491,spam,financial_scams,0,0.27,1.0,Hinglish,0.9
"Hey, kal dinner ke liye mil rahe? Time batao",ham,personal,0,0.98,1.0,Hinglish,0.01
Your device has virus. Download antivirus: http://phish-site.com,spam,general_spam,1,0.03,0.03,English,0.83
"Hey, are we meeting for lunch today? Let me know",ham,personal,0,0.94,1.0,English,0.01
"10 minute late, traffic mein",ham,personal,0,0.82,1.0,Hinglish,0.18
फ्री हो तो कॉल करना,ham,personal,0,0.81,1.0,Hindi,0.05
Loan approved! Get ₹5000 instantly. No documents. Reply YES,spam,financial_scams,0,0.12,1.0,English,0.79
कल dinner का मत भूलना। समय 12:27,ham,personal,0,0.86,1.0,Hindi,0.05
New watch collection launched! Use code SAVE18,promo,general_promo,0,0.57,1.0,English,0.53
Store se milk le aana,ham,personal,0,0.95,1.0,Hinglish,0.26
Don't forget about lunch tomorrow at 12:00,ham,personal,0,0.85,1.0,English,0.08
"ಹೇ, ನಾಳೆ lunch ಗೆ ಭೇಟಿ ಮಾಡುತ್ತಿದ್ದೀರಾ? ಸಮಯ ತಿಳಿಸಿ",ham,personal,0,0.83,1.0,Kannada,0.29
"ಹೇ, ನಾಳೆ meeting ಗೆ ಭೇಟಿ ಮಾಡುತ್ತಿದ್ದೀರಾ? ಸಮಯ ತಿಳಿಸಿ",ham,personal,0,0.93,1.0,Kannada,0.27
विशेष ऑफर: 50% छूट,promo,general_promo,0,0.69,1.0,Hindi,0.32
Flash sale! laptop par 40% off. Shopping: http://secure-site.com,promo,promotional_offers,1,0.51,0.87,Hinglish,0.32
Kal dinner ka mat bhoolna. Time 12:09,ham,personal,0,0.99,1.0,Hinglish,0.09
Aaj meeting kab hai?,ham,personal,0,0.87,1.0,Hinglish,0.19
Seasonal sale: Prices slashed by 70%,promo,promotional_offers,0,0.64,1.0,English,0.59
Your Spotify subscription expired. Update payment: http://phish-site.com,spam,general_spam,1,0.14,0.04,English,0.81
ನಿಮ್ಮ Netflix ಚಂದಾದಾರಿಕೆ ಶೀಘ್ರದಲ್ಲೇ ಮುಗಿಯುತ್ತದೆ. ನವೀಕರಿಸಿ,promo,general_promo,0,0.8,1.0,Kannada,0.42
Free shipping on orders above ₹50000,promo,general_promo,0,0.75,1.0,English,0.4
"43 minute late, traffic mein",ham,personal,0,0.86,1.0,Hinglish,0.26
Government scheme: Get ₹25000 monthly. Send YES,spam,general_spam,0,0.05,1.0,English,0.77
Government scheme: Get ₹5000 monthly. Send YES,spam,general_spam,0,0.18,1.0,English,0.78
Limited time: Buy 1 Get 1 Free on electronics. Code: SAVE25,promo,general_promo,0,0.71,1.0,English,0.54
"Running 6 minutes late, stuck in traffic",ham,personal,0,0.86,1.0,English,0.15
Weekend special: Extra 40% off. Shop: http://secure-site.com,promo,general_promo,1,0.58,0.85,English,0.58
स्टोर से milk ले आना,ham,personal,0,0.93,1.0,Hindi,0.06
ಸರ್ಕಾರಿ ಯೋಜನೆ: ₹10000 ಪ್ರತಿ ತಿಂಗಳು. YES ಕಳುಹಿಸಿ,spam,general_spam,0,0.1,1.0,Kannada,0.85
Aaj appointment kab hai?,ham,service_updates,0,0.99,1.0,Hinglish,0.09
Birthday treat: 40% off for you!,promo,general_promo,0,0.69,1.0,English,0.49
Loan approve! ₹25000 mil raha. Documents nahi. Reply YES,spam,financial_scams,0,0.21,1.0,Hinglish,0.87
Clearance sale: Limited stock available,promo,promotional_offers,0,0.52,1.0,English,0.49
Sarkari yojana: ₹10000 har mahine. YES bhejo,spam,general_spam,0,0.08,1.0,Hinglish,0.95
You are selected for ₹50000 cash prize. Call +91-9636924251,spam,prize_scams,0,0.21,1.0,English,0.88
Kal meeting ka mat bhoolna. Time 11:53,ham,personal,0,0.92,1.0,Hinglish,0.26
URGENT: Your HDFC account suspended. Verify now: http://phish-site.com,spam,financial_scams,1,0.05,0.18,English,0.71
Sarkari yojana: ₹10000 har mahine. YES bhejo,spam,general_spam,0,0.18,1.0,Hinglish,0.95
Meeting rescheduled to 2:56,ham,personal,0,0.91,1.0,English,0.08
Aadhaar verification failed. Update immediately: http://phish-site.com,spam,general_spam,1,0.12,0.03,English,0.77
आज meeting कब है?,ham,personal,0,0.89,1.0,Hindi,0.26
Free shipping on orders above ₹10000,promo,general_promo,0,0.6,1.0,English,0.39
"Hey, are we meeting for meeting today? Let me know",ham,personal,0,0.85,1.0,English,0.01
Package will be delivered today between 10-10,ham,personal,0,0.93,1.0,English,0.09
Thanks for your help with work,ham,personal,0,0.81,1.0,English,0.07
"18 मिनट लेट, ट्रैफिक में",ham,personal,0,0.96,1.0,Hindi,0.09
Credit card par 5% cashback,promo,general_promo,0,0.67,1.0,Hinglish,0.49
Your Spotify subscription expired. Update payment: http://phish-site.com,spam,general_spam,1,0.28,0.14,English,0.79
ಲೋನ್ ಅನುಮೋದಿತ! ₹10000 ಸಿಗುತ್ತಿದೆ. ಯಾವುದೇ ದಾಖಲೆಗಳಿಲ್ಲ. YES ಉತ್ತರಿಸಿ,spam,general_spam,0,0.02,1.0,Kannada,0.87
"CONGRATULATIONS! You won ₹50,000. Claim: http://phish-site.com",spam,prize_scams,1,0.1,0.03,English,0.89
Alert: Aapke account mein suspicious activity. Call +91-8635882148,spam,financial_scams,0,0.06,1.0,Hinglish,0.86
ಅಭಿನಂದನೆಗಳು! ನೀವು car ಗೆದ್ದಿದ್ದೀರಿ. ಕ್ಲೈಮ್: http://phish-site.com,spam,general_spam,1,0.23,0.03,Kannada,0.82
"20 minute late, traffic mein",ham,personal,0,0.89,1.0,Hinglish,0.2
Badhai ho! Aap jeete car. Claim: http://phish-site.com,spam,general_spam,1,0.15,0.19,Hinglish,0.94
"CONGRATULATIONS! You won ₹50,000. Claim: http://phish-site.com",spam,prize_scams,1,0.2,0.18,English,0.99
"Hey, are we meeting for meeting today? Let me know",ham,personal,0,0.86,1.0,English,0.09
ಸರ್ಕಾರಿ ಯೋಜನೆ: ₹10000 ಪ್ರತಿ ತಿಂಗಳು. YES ಕಳುಹಿಸಿ,spam,general_spam,0,0.27,1.0,Kannada,0.75
Bank error: Extra ₹5000 credited. Verify: http://phish-site.com,spam,financial_scams,1,0.18,0.12,English,0.83
Special offer: 60% discount,promo,promotional_offers,0,0.56,1.0,Hinglish,0.38
Free ho toh call karna,ham,personal,0,0.9,1.0,Hinglish,0.16
Don't forget about dinner tomorrow at 7:54,ham,personal,0,0.94,1.0,English,0.09
Work from home: Earn ₹10000 daily. No experience. Reply YES,spam,general_spam,0,0.1,1.0,English,0.8
Special offer: 40% discount,promo,promotional_offers,0,0.72,1.0,Hinglish,0.54
Member exclusive: Extra 40% off,promo,general_promo,0,0.78,1.0,English,0.38
Your package delivery failed. Confirm address: http://phish-site.com,spam,general_spam,1,0.2,0.09,English,0.82
क्रेडिट कार्ड पर 15% कैशबैक,promo,general_promo,0,0.56,1.0,Hindi,0.44
Limited time: 1 kharido 1 free. Code SAVE25,promo,general_promo,0,0.57,1.0,Hinglish,0.53
आज meeting कब है?,ham,personal,0,0.92,1.0,Hindi,0.25
Happy birthday! 🎉 See you tonight!,ham,personal,0,0.83,1.0,English,0.07
Clearance sale: Limited stock available,promo,promotional_offers,0,0.51,1.0,English,0.52
Don't forget about dinner tomorrow at 8:28,ham,personal,0,0.93,1.0,English,0.27
Doctor appointment confirmed for 2:27,ham,service_updates,0,0.83,1.0,English,0.11
Limited time: Buy 1 Get 1 Free on home. Code: SAVE16,promo,general_promo,0,0.7,1.0,English,0.35
फ्लैश सेल! headphones पर 40% छूट। खरीदारी: http://secure-site.com,promo,general_promo,1,0.56,0.73,Hindi,0.36
You are selected for ₹5000 cash prize. Call +91-9568268722,spam,prize_scams,0,0.19,1.0,English,0.89
Badhai ho! Aap jeete car. Claim: http://phish-site.com,spam,general_spam,1,0.2,0.17,Hinglish,0.83
What time is your appointment?,ham,service_updates,0,0.85,1.0,English,0.02
सरकारी योजना: ₹50000 हर महीने। YES भेजें,spam,general_spam,0,0.13,1.0,Hindi,0.98
Your Spotify subscription expired. Update payment: http://phish-site.com,spam,general_spam,1,0.03,0.17,English,0.74
Badhai ho! Aap jeete MacBook. Claim: http://phish-site.com,spam,general_spam,1,0.17,0.11,Hinglish,0.92
URGENT: Your SBI account suspended. Verify now: http://phish-site.com,spam,financial_scams,1,0.29,0.18,English,0.94
Bank error: Extra ₹25000 credited. Verify: http://phish-site.com,spam,financial_scams,1,0.07,0.1,English,0.73
SECURITY ALERT: Suspicious login detected. Secure account: http://phish-site.com,spam,financial_scams,1,0.15,0.19,English,0.76
Call me when you're free,ham,personal,0,0.93,1.0,English,0.21
Your Amazon Prime subscription expired. Update payment: http://phish-site.com,spam,general_spam,1,0.02,0.07,English,0.75
Weekend special: Extra 50% off. Shop: http://secure-site.com,promo,general_promo,1,0.6,0.73,English,0.49
फ्लैश सेल! watch पर 30% छूट। खरीदारी: http://secure-site.com,promo,general_promo,1,0.7,0.81,Hindi,0.37
Work from home: Earn ₹50000 daily. No experience. Reply YES,spam,general_spam,0,0.23,1.0,English,0.75
See you at mall,ham,personal,0,0.93,1.0,English,0.27
CONGRATULATIONS! You won MacBook. Claim: http://phish-site.com,spam,prize_scams,1,0.23,0.14,English,0.98
बधाई! आपने car जीता। दावा करें: http://phish-site.com,spam,general_spam,1,0.15,0.13,Hindi,0.95
Jaldi! Aapka HDFC account suspend. Verify: http://phish-site.com,spam,financial_scams,1,0.01,0.08,Hinglish,0.89
ಅಭಿನಂದನೆಗಳು! ನೀವು MacBook ಗೆದ್ದಿದ್ದೀರಿ. ಕ್ಲೈಮ್: http://phish-site.com,spam,general_spam,1,0.07,0.1,Kannada,0.96
Limited time: 1 kharido 1 free. Code SAVE21,promo,general_promo,0,0.68,1.0,Hinglish,0.41
Early access: New arrivals now live,promo,general_promo,0,0.53,1.0,English,0.56
Aaj flight kab hai?,ham,personal,0,0.89,1.0,Hinglish,0.11
"Hey, are we meeting for dinner today? Let me know",ham,personal,0,0.89,1.0,English,0.05
Free ho toh call karna,ham,personal,0,0.94,1.0,Hinglish,0.05
"हे, कल dinner के लिए मिल रहे? समय बताओ",ham,personal,0,0.91,1.0,Hindi,0.3
Jaldi! Aapka SBI account suspend. Verify: http://phish-site.com,spam,financial_scams,1,0.01,0.19,Hinglish,0.77
Did you finish the assignment?,ham,personal,0,0.97,1.0,English,0.15
Badhai ho! Aap jeete iPhone 15. Claim: http://phish-site.com,spam,general_spam,1,0.07,0.06,Hinglish,0.76
Member exclusive: Extra 70% off,promo,general_promo,0,0.72,1.0,English,0.35
Working from home today,ham,personal,0,0.88,1.0,English,0.07
Happy birthday! 🎉 See you tonight!,ham,personal,0,0.95,1.0,English,0.27
You are selected for ₹10000 cash prize. Call +91-9633464404,spam,prize_scams,0,0.12,1.0,English,0.96
Special offer: headphones at 30% discount,promo,promotional_offers,0,0.71,1.0,English,0.34
Call me when you're free,ham,personal,0,0.89,1.0,English,0.25
Clearance sale: Limited stock available,promo,promotional_offers,0,0.56,1.0,English,0.52
Call me when you're free,ham,personal,0,0.96,1.0,English,0.29
फ्लैश सेल! headphones पर 40% छूट। खरीदारी: http://secure-site.com,promo,general_promo,1,0.69,0.85,Hindi,0.42
Exclusive deal for you: 70% off,promo,general_promo,0,0.75,1.0,English,0.6
Your UPI will be deactivated. Verify now: http://phish-site.com,spam,phishing_scams,1,0.1,0.04,English,0.77
Call me when you're free,ham,personal,0,0.94,1.0,English,0.27
"हे, कल lunch के लिए मिल रहे? समय बताओ",ham,personal,0,0.87,1.0,Hindi,0.2
Doctor appointment confirmed for 10:28,ham,service_updates,0,0.82,1.0,English,0.28
"11 minute late, traffic mein",ham,personal,0,0.82,1.0,Hinglish,0.23
URGENT: Your Axis account suspended. Verify now: http://phish-site.com,spam,financial_scams,1,0.06,0.19,English,0.84
बधाई! आपने car जीता। दावा करें: http://phish-site.com,spam,general_spam,1,0.12,0.17,Hindi,0.88
ऋण स्वीकृत! ₹5000 मिल रहा। कोई कागजात नहीं। YES जवाब दें,spam,general_spam,0,0.04,1.0,Hindi,0.88
कल lunch का मत भूलना। समय 3:44,ham,personal,0,0.95,1.0,Hindi,0.18
Working from home today,ham,personal,0,0.97,1.0,English,0.23
Package will be delivered today between 2-8,ham,personal,0,0.96,1.0,English,0.18
ಎಚ್ಚರಿಕೆ: ನಿಮ್ಮ ಖಾತೆಯಲ್ಲಿ ಸಂಶಯಾಸ್ಪದ ಚಟುವಟಿಕೆ. ಕಾಲ್ +91-7526158858,spam,general_spam,0,0.09,1.0,Kannada,0.95
Can you pick up bread from the store?,ham,personal,0,0.83,1.0,English,0.07
Tax refund of ₹5000 approved. Claim: http://phish-site.com,spam,general_spam,1,0.13,0.14,English,0.9
Did you finish the project?,ham,personal,0,0.87,1.0,English,0.18
Your device has virus. Download antivirus: http://phish-site.com,spam,general_spam,1,0.23,0.01,English,0.87
Your UPI will be deactivated. Verify now: http://phish-site.com,spam,phishing_scams,1,0.06,0.05,English,0.79
ಕ್ರೆಡಿಟ್ ಕಾರ್ಡ್ನಲ್ಲಿ 10% ಕ್ಯಾಶ್‌ಬ್ಯಾಕ್,promo,general_promo,0,0.61,1.0,Kannada,0.34
ऋण स्वीकृत! ₹5000 मिल रहा। कोई कागजात नहीं। YES जवाब दें,spam,general_spam,0,0.17,1.0,Hindi,0.98
Special offer: 40% discount,promo,promotional_offers,0,0.67,1.0,Hinglish,0.55
ನಾಳೆ meeting ಮರೆಯಬೇಡಿ. ಸಮಯ 5:13,ham,personal,0,0.93,1.0,Kannada,0.07
Flash sale! smartphone par 30% off. Shopping: http://secure-site.com,promo,promotional_offers,1,0.79,0.72,Hinglish,0.57
Alert: Aapke account mein suspicious activity. Call +91-9925869710,spam,financial_scams,0,0.28,1.0,Hinglish,0.85
ಕ್ರೆಡಿಟ್ ಕಾರ್ಡ್ನಲ್ಲಿ 15% ಕ್ಯಾಶ್‌ಬ್ಯಾಕ್,promo,general_promo,0,0.77,1.0,Kannada,0.53
"CONGRATULATIONS! You won ₹50,000. Claim: http://phish-site.com",spam,prize_scams,1,0.06,0.05,English,0.92
Sarkari yojana: ₹10000 har mahine. YES bhejo,spam,general_spam,0,0.25,1.0,Hinglish,0.76
Badhai ho! Aap jeete iPhone 15. Claim: http://phish-site.com,spam,general_spam,1,0.26,0.08,Hinglish,0.89
Free ho toh call karna,ham,personal,0,0.82,1.0,Hinglish,0.27
Aadhaar verification failed. Update immediately: http://phish-site.com,spam,general_spam,1,0.12,0.03,English,0.75
"Hey, kal meeting ke liye mil rahe? Time batao",ham,personal,0,0.83,1.0,Hinglish,0.15
Aaj appointment kab hai?,ham,service_updates,0,0.84,1.0,Hinglish,0.21
Clearance sale: Limited stock available,promo,promotional_offers,0,0.77,1.0,English,0.44
Aaj appointment kab hai?,ham,service_updates,0,0.98,1.0,Hinglish,0.09
Store se bread le aana,ham,personal,0,0.81,1.0,Hinglish,0.24
Badhai ho! Aap jeete MacBook. Claim: http://phish-site.com,spam,general_spam,1,0.18,0.16,Hinglish,0.99
Badhai ho! Aap jeete car. Claim: http://phish-site.com,spam,general_spam,1,0.02,0.09,Hinglish,0.88
Limited time: Buy 1 Get 1 Free on fashion. Code: SAVE39,promo,general_promo,0,0.69,1.0,English,0.4
ऋण स्वीकृत! ₹50000 मिल रहा। कोई कागजात नहीं। YES जवाब दें,spam,general_spam,0,0.1,1.0,Hindi,0.73
Weekend special: Extra 30% off. Shop: http://secure-site.com,promo,general_promo,1,0.66,0.88,English,0.35
You are selected for ₹5000 cash prize. Call +91-9747972849,spam,prize_scams,0,0.28,1.0,English,0.73
चेतावनी: आपके खाते में संदिग्ध गतिविधि। कॉल +91-7371132487,spam,general_spam,0,0.12,1.0,Hindi,0.93
विशेष ऑफर: 70% छूट,promo,general_promo,0,0.56,1.0,Hindi,0.56
Thanks for your help with study,ham,personal,0,0.85,1.0,English,0.22
Store se bread le aana,ham,personal,0,0.97,1.0,Hinglish,0.11
Package will be delivered today between 2-12,ham,personal,0,0.98,1.0,English,0.14
ಸ್ಟೋರ್ನಿಂದ milk ತೆಗೆದುಕೊಳ್ಳಿ,ham,personal,0,0.83,1.0,Kannada,0.2
स्टोर से medicine ले आना,ham,personal,0,0.87,1.0,Hindi,0.28
Free ho toh call karna,ham,personal,0,0.88,1.0,Hinglish,0.11
Bank error: Extra ₹10000 credited. Verify: http://phish-site.com,spam,financial_scams,1,0.17,0.13,English,0.78
फ्लैश सेल! smartphone पर 40% छूट। खरीदारी: http://secure-site.com,promo,general_promo,1,0.58,0.72,Hindi,0.56
"Badhai ho! Aap jeete ₹50,000. Claim: http://phish-site.com",spam,general_spam,1,0.09,0.03,Hinglish,0.83
Loan approved! Get ₹10000 instantly. No documents. Reply YES,spam,financial_scams,0,0.1,1.0,English,0.94
Weekend special: Extra 60% off. Shop: http://secure-site.com,promo,general_promo,1,0.72,0.77,English,0.37
Did you finish the project?,ham,personal,0,0.96,1.0,English,0.27
Member exclusive: Extra 50% off,promo,general_promo,0,0.73,1.0,English,0.51
Clearance sale: Limited stock available,promo,promotional_offers,0,0.75,1.0,English,0.56
ಎಚ್ಚರಿಕೆ: ನಿಮ್ಮ ಖಾತೆಯಲ್ಲಿ ಸಂಶಯಾಸ್ಪದ ಚಟುವಟಿಕೆ. ಕಾಲ್ +91-7023295173,spam,general_spam,0,0.01,1.0,Kannada,0.76
क्रेडिट कार्ड पर 15% कैशबैक,promo,general_promo,0,0.63,1.0,Hindi,0.56
Work from home: Earn ₹10000 daily. No experience. Reply YES,spam,general_spam,0,0.26,1.0,English,0.86
Seasonal sale: Prices slashed by 50%,promo,promotional_offers,0,0.67,1.0,English,0.38
ऋण स्वीकृत! ₹50000 मिल रहा। कोई कागजात नहीं। YES जवाब दें,spam,general_spam,0,0.1,1.0,Hindi,0.76
Badhai ho! Aap jeete car. Claim: http://phish-site.com,spam,general_spam,1,0.13,0.15,Hinglish,0.81
Kal meeting ka mat bhoolna. Time 7:15,ham,personal,0,0.87,1.0,Hinglish,0.27
Sarkari yojana: ₹10000 har mahine. YES bhejo,spam,general_spam,0,0.12,1.0,Hinglish,0.96
"Hey, kal meeting ke liye mil rahe? Time batao",ham,personal,0,0.86,1.0,Hinglish,0.15
Meeting rescheduled to 10:19,ham,personal,0,0.93,1.0,English,0.25
Jaldi! Aapka Axis account suspend. Verify: http://phish-site.com,spam,financial_scams,1,0.24,0.18,Hinglish,0.7
क्रेडिट कार्ड पर 5% कैशबैक,promo,general_promo,0,0.58,1.0,Hindi,0.49
Refer a friend & get ₹10000 off,promo,general_promo,0,0.56,1.0,English,0.37
Special offer: 70% discount,promo,promotional_offers,0,0.66,1.0,Hinglish,0.37
जल्दी! आपका SBI खाता निलंबित। सत्यापित करें: http://phish-site.com,spam,general_spam,1,0.17,0.03,Hindi,0.8
सरकारी योजना: ₹25000 हर महीने। YES भेजें,spam,general_spam,0,0.25,1.0,Hindi,0.71
Special offer: smartphone at 50% discount,promo,promotional_offers,0,0.58,1.0,English,0.56
फ्लैश सेल! headphones पर 30% छूट। खरीदारी: http://secure-site.com,promo,general_promo,1,0.68,0.89,Hindi,0.33
Can you pick up bread from the store?,ham,personal,0,0.87,1.0,English,0.03
Package will be delivered today between 8-4,ham,personal,0,0.85,1.0,English,0.18
Did you finish the report?,ham,personal,0,0.86,1.0,English,0.18
ಕ್ರೆಡಿಟ್ ಕಾರ್ಡ್ನಲ್ಲಿ 15% ಕ್ಯಾಶ್‌ಬ್ಯಾಕ್,promo,general_promo,0,0.68,1.0,Kannada,0.56
Free ho toh call karna,ham,personal,0,0.9,1.0,Hinglish,0.12
ऋण स्वीकृत! ₹25000 मिल रहा। कोई कागजात नहीं। YES जवाब दें,spam,general_spam,0,0.23,1.0,Hindi,0.85
Alert: Aapke account mein suspicious activity. Call +91-7299180434,spam,financial_scams,0,0.28,1.0,Hinglish,0.72
Exclusive deal for you: 40% off,promo,general_promo,0,0.78,1.0,English,0.57
URGENT: Your ICICI account suspended. Verify now: http://phish-site.com,spam,financial_scams,1,0.0,0.09,English,0.77
फ्री हो तो कॉल करना,ham,personal,0,0.96,1.0,Hindi,0.27
आपका Amazon Prime सब्सक्रिप्शन जल्द खत्म। नवीनीकरण करें,promo,general_promo,0,0.64,1.0,Hindi,0.42
Seasonal sale: Prices slashed by 40%,promo,promotional_offers,0,0.54,1.0,English,0.43
Sarkari yojana: ₹50000 har mahine. YES bhejo,spam,general_spam,0,0.13,1.0,Hinglish,0.73
Tax refund of ₹25000 approved. Claim: http://phish-site.com,spam,general_spam,1,0.0,0.11,English,0.74
Kal lunch ka mat bhoolna. Time 10:03,ham,personal,0,0.95,1.0,Hinglish,0.17
FLASH SALE: 70% OFF on smartphone. Shop now: http://secure-site.com,promo,promotional_offers,1,0.5,0.73,English,0.48
Your package delivery failed. Confirm address: http://phish-site.com,spam,general_spam,1,0.22,0.11,English,0.99
Jaldi! Aapka HDFC account suspend. Verify: http://phish-site.com,spam,financial_scams,1,0.25,0.18,Hinglish,0.75
Did you finish the assignment?,ham,personal,0,0.93,1.0,English,0.17
CONGRATULATIONS! You won MacBook. Claim: http://phish-site.com,spam,prize_scams,1,0.04,0.13,English,0.85
"ಹೇ, ನಾಳೆ dinner ಗೆ ಭೇಟಿ ಮಾಡುತ್ತಿದ್ದೀರಾ? ಸಮಯ ತಿಳಿಸಿ",ham,personal,0,0.83,1.0,Kannada,0.14
Loan approved! Get ₹5000 instantly. No documents. Reply YES,spam,financial_scams,0,0.27,1.0,English,0.92
Your Amazon Prime subscription expired. Update payment: http://phish-site.com,spam,general_spam,1,0.26,0.15,English,0.77
आज appointment कब है?,ham,service_updates,0,0.84,1.0,Hindi,0.19
ತ್ವರಿತ! ನಿಮ್ಮ SBI ಖಾತೆ ನಿಲ್ಲಿಸಲಾಗಿದೆ. ಧೃಡೀಕರಿಸಿ: http://phish-site.com,spam,general_spam,1,0.27,0.09,Kannada,0.9
Sarkari yojana: ₹5000 har mahine. YES bhejo,spam,general_spam,0,0.06,1.0,Hinglish,0.76
Call me when you're free,ham,personal,0,0.9,1.0,English,0.26
विशेष ऑफर: 50% छूट,promo,general_promo,0,0.52,1.0,Hindi,0.32
Did you finish the report?,ham,personal,0,0.98,1.0,English,0.09
You are selected for ₹50000 cash prize. Call +91-9884577996,spam,prize_scams,0,0.13,1.0,English,0.72
Thanks for your help with study,ham,personal,0,0.81,1.0,English,0.2
Jaldi! Aapka HDFC account suspend. Verify: http://phish-site.com,spam,financial_scams,1,0.19,0.17,Hinglish,0.87
New laptop collection launched! Use code SAVE44,promo,general_promo,0,0.66,1.0,English,0.57
Alert: Aapke account mein suspicious activity. Call +91-8580497443,spam,financial_scams,0,0.14,1.0,Hinglish,0.75
SECURITY ALERT: Suspicious login detected. Secure account: http://phish-site.com,spam,financial_scams,1,0.19,0.13,English,0.84
You are selected for ₹10000 cash prize. Call +91-9926910984,spam,prize_scams,0,0.28,1.0,English,0.91
See you at cafe,ham,personal,0,0.93,1.0,English,0.07
Exclusive deal for you: 40% off,promo,general_promo,0,0.64,1.0,English,0.53
सीमित समय: 1 खरीदो 1 मुफ्त। कोड SAVE18,promo,general_promo,0,0.53,1.0,Hindi,0.47
You are selected for ₹5000 cash prize. Call +91-8079836177,spam,prize_scams,0,0.24,1.0,English,1.0
Store se medicine le aana,ham,personal,0,0.89,1.0,Hinglish,0.2
Your device has virus. Download antivirus: http://phish-site.com,spam,general_spam,1,0.17,0.12,English,0.84
Limited time: Buy 1 Get 1 Free on fashion. Code: SAVE12,promo,general_promo,0,0.77,1.0,English,0.46
Loan approve! ₹50000 mil raha. Documents nahi. Reply YES,spam,financial_scams,0,0.22,1.0,Hinglish,0.9
Limited time: 1 kharido 1 free. Code SAVE21,promo,general_promo,0,0.51,1.0,Hinglish,0.34
"Running 32 minutes late, stuck in traffic",ham,personal,0,0.98,1.0,English,0.29
Meeting rescheduled to 9:14,ham,personal,0,0.82,1.0,English,0.3
Your Spotify subscription expired. Update payment: http://phish-site.com,spam,general_spam,1,0.16,0.11,English,0.87
Flash sale! laptop par 50% off. Shopping: http://secure-site.com,promo,promotional_offers,1,0.6,0.71,Hinglish,0.5
Limited time: Buy 1 Get 1 Free on fashion. Code: SAVE22,promo,general_promo,0,0.58,1.0,English,0.35
Happy birthday! 🎉 See you tonight!,ham,personal,0,0.86,1.0,English,0.14
फ्लैश सेल! watch पर 40% छूट। खरीदारी: http://secure-site.com,promo,general_promo,1,0.79,0.78,Hindi,0.51
Clearance sale: Limited stock available,promo,promotional_offers,0,0.79,1.0,English,0.38
Happy birthday! 🎉 See you tonight!,ham,personal,0,0.89,1.0,English,0.02
Tax refund of ₹5000 approved. Claim: http://phish-site.com,spam,general_spam,1,0.17,0.13,English,0.77
Your Amazon Prime subscription expiring soon. Renew now,promo,service_updates,0,0.58,1.0,English,0.56
"Your number won ₹50,000. Click to claim: http://phish-site.com",spam,prize_scams,1,0.15,0.11,English,0.88
क्रेडिट कार्ड पर 15% कैशबैक,promo,general_promo,0,0.56,1.0,Hindi,0.33
Your UPI will be deactivated. Verify now: http://phish-site.com,spam,phishing_scams,1,0.1,0.1,English,0.73
Badhai ho! Aap jeete car. Claim: http://phish-site.com,spam,general_spam,1,0.17,0.1,Hinglish,0.9
सीमित समय: 1 खरीदो 1 मुफ्त। कोड SAVE40,promo,general_promo,0,0.65,1.0,Hindi,0.33
Free shipping on orders above ₹25000,promo,general_promo,0,0.64,1.0,English,0.48
Government scheme: Get ₹5000 monthly. Send YES,spam,general_spam,0,0.07,1.0,English,0.75
Did you finish the presentation?,ham,personal,0,0.97,1.0,English,0.28
ಸ್ಟೋರ್ನಿಂದ medicine ತೆಗೆದುಕೊಳ್ಳಿ,ham,personal,0,0.8,1.0,Kannada,0.1
बधाई! आपने iPhone 15 जीता। दावा करें: http://phish-site.com,spam,general_spam,1,0.09,0.11,Hindi,0.7
Badhai ho! Aap jeete iPhone 15. Claim: http://phish-site.com,spam,general_spam,1,0.22,0.15,Hinglish,0.93
ಉಚಿತವಾಗಿದ್ದರೆ ಕರೆ ಮಾಡಿ,ham,personal,0,0.88,1.0,Kannada,0.0
Loan approve! ₹5000 mil raha. Documents nahi. Reply YES,spam,financial_scams,0,0.25,1.0,Hinglish,0.99
"Badhai ho! Aap jeete ₹50,000. Claim: http://phish-site.com",spam,general_spam,1,0.24,0.16,Hinglish,0.8
Your UPI will be deactivated. Verify now: http://phish-site.com,spam,phishing_scams,1,0.28,0.19,English,0.8
Alert: Aapke account mein suspicious activity. Call +91-8116567392,spam,financial_scams,0,0.2,1.0,Hinglish,0.84
Package will be delivered today between 3-12,ham,personal,0,0.88,1.0,English,0.1
"हे, कल meeting के लिए मिल रहे? समय बताओ",ham,personal,0,0.86,1.0,Hindi,0.1
Free ho toh call karna,ham,personal,0,0.89,1.0,Hinglish,0.13
Badhai ho! Aap jeete iPhone 15. Claim: http://phish-site.com,spam,general_spam,1,0.28,0.12,Hinglish,0.86
Can you pick up bread from the store?,ham,personal,0,0.86,1.0,English,0.19
Free shipping on orders above ₹50000,promo,general_promo,0,0.79,1.0,English,0.41
Sarkari yojana: ₹25000 har mahine. YES bhejo,spam,general_spam,0,0.24,1.0,Hinglish,0.93
Package will be delivered today between 3-10,ham,personal,0,0.95,1.0,English,0.12
चेतावनी: आपके खाते में संदिग्ध गतिविधि। कॉल +91-9817619145,spam,general_spam,0,0.26,1.0,Hindi,0.96
SECURITY ALERT: Suspicious login detected. Secure account: http://phish-site.com,spam,financial_scams,1,0.01,0.16,English,0.81
ಸರ್ಕಾರಿ ಯೋಜನೆ: ₹50000 ಪ್ರತಿ ತಿಂಗಳು. YES ಕಳುಹಿಸಿ,spam,general_spam,0,0.17,1.0,Kannada,0.88
Government scheme: Get ₹5000 monthly. Send YES,spam,general_spam,0,0.07,1.0,English,0.8
ಕ್ರೆಡಿಟ್ ಕಾರ್ಡ್ನಲ್ಲಿ 15% ಕ್ಯಾಶ್‌ಬ್ಯಾಕ್,promo,general_promo,0,0.78,1.0,Kannada,0.5
आज meeting कब है?,ham,personal,0,0.93,1.0,Hindi,0.05
फ्लैश सेल! laptop पर 50% छूट। खरीदारी: http://secure-site.com,promo,general_promo,1,0.77,0.88,Hindi,0.45
चेतावनी: आपके खाते में संदिग्ध गतिविधि। कॉल +91-7636790609,spam,general_spam,0,0.23,1.0,Hindi,0.81
"7 minute late, traffic mein",ham,personal,0,0.84,1.0,Hinglish,0.2
Loan approve! ₹10000 mil raha. Documents nahi. Reply YES,spam,financial_scams,0,0.29,1.0,Hinglish,0.79
SECURITY ALERT: Suspicious login detected. Secure account: http://phish-site.com,spam,financial_scams,1,0.19,0.17,English,0.91
Clearance sale: Limited stock available,promo,promotional_offers,0,0.66,1.0,English,0.38
ಸೀಮಿತ ಸಮಯ: 1 ಖರೀದಿ 1 ಉಚಿತ. ಕೋಡ್ SAVE23,promo,general_promo,0,0.54,1.0,Kannada,0.47
स्टोर से milk ले आना,ham,personal,0,0.97,1.0,Hindi,0.01
Loan approve! ₹5000 mil raha. Documents nahi. Reply YES,spam,financial_scams,0,0.14,1.0,Hinglish,0.72
Aadhaar verification failed. Update immediately: http://phish-site.com,spam,general_spam,1,0.19,0.03,English,0.93
ನಿಮ್ಮ Amazon Prime ಚಂದಾದಾರಿಕೆ ಶೀಘ್ರದಲ್ಲೇ ಮುಗಿಯುತ್ತದೆ. ನವೀಕರಿಸಿ,promo,general_promo,0,0.73,1.0,Kannada,0.5
"Hey, kal meeting ke liye mil rahe? Time batao",ham,personal,0,0.8,1.0,Hinglish,0.01
Sarkari yojana: ₹50000 har mahine. YES bhejo,spam,general_spam,0,0.08,1.0,Hinglish,0.91
Clearance sale: Limited stock available,promo,promotional_offers,0,0.7,1.0,English,0.59
"28 ನಿಮಿಷ ತಡವಾಗಿ, ಟ್ರಾಫಿಕ್ನಲ್ಲಿ",ham,personal,0,0.9,1.0,Kannada,0.26
Free ho toh call karna,ham,personal,0,0.83,1.0,Hinglish,0.21
URGENT: Your SBI account suspended. Verify now: http://phish-site.com,spam,financial_scams,1,0.17,0.18,English,0.78
Your Amazon Prime subscription expiring soon. Renew now,promo,service_updates,0,0.58,1.0,English,0.42
Did you finish the project?,ham,personal,0,0.95,1.0,English,0.07
You are selected for ₹10000 cash prize. Call +91-9468062246,spam,prize_scams,0,0.15,1.0,English,0.91
क्रेडिट कार्ड पर 5% कैशबैक,promo,general_promo,0,0.53,1.0,Hindi,0.46
Special offer: 60% discount,promo,promotional_offers,0,0.74,1.0,Hinglish,0.57
Working from home today,ham,personal,0,0.98,1.0,English,0.01
Work from home: Earn ₹10000 daily. No experience. Reply YES,spam,general_spam,0,0.03,1.0,English,0.81
Clearance sale: Limited stock available,promo,promotional_offers,0,0.57,1.0,English,0.53
URGENT: Your HDFC account suspended. Verify now: http://phish-site.com,spam,financial_scams,1,0.26,0.03,English,0.89
Work from home: Earn ₹10000 daily. No experience. Reply YES,spam,general_spam,0,0.01,1.0,English,0.92
Happy birthday! 🎉 See you tonight!,ham,personal,0,0.85,1.0,English,0.19
Package will be delivered today between 8-9,ham,personal,0,0.92,1.0,English,0.19
SECURITY ALERT: Suspicious login detected. Secure account: http://phish-site.com,spam,financial_scams,1,0.07,0.1,English,0.79
Aaj appointment kab hai?,ham,service_updates,0,0.98,1.0,Hinglish,0.17
Your UPI will be deactivated. Verify now: http://phish-site.com,spam,phishing_scams,1,0.22,0.17,English,0.71
फ्लैश सेल! laptop पर 50% छूट। खरीदारी: http://secure-site.com,promo,general_promo,1,0.5,0.87,Hindi,0.33
Your Spotify subscription expired. Update payment: http://phish-site.com,spam,general_spam,1,0.28,0.13,English,0.84
Doctor appointment confirmed for 4:10,ham,service_updates,0,0.99,1.0,English,0.19
"Running 36 minutes late, stuck in traffic",ham,personal,0,0.97,1.0,English,0.05
"Badhai ho! Aap jeete ₹50,000. Claim: http://phish-site.com",spam,general_spam,1,0.25,0.2,Hinglish,0.86
Work from home: Earn ₹50000 daily. No experience. Reply YES,spam,general_spam,0,0.26,1.0,English,0.89
"17 मिनट लेट, ट्रैफिक में",ham,personal,0,0.88,1.0,Hindi,0.29
Don't forget about dinner tomorrow at 1:09,ham,personal,0,0.97,1.0,English,0.21
कल lunch का मत भूलना। समय 3:38,ham,personal,0,0.96,1.0,Hindi,0.18
ನಿಮ್ಮ Amazon Prime ಚಂದಾದಾರಿಕೆ ಶೀಘ್ರದಲ್ಲೇ ಮುಗಿಯುತ್ತದೆ. ನವೀಕರಿಸಿ,promo,general_promo,0,0.67,1.0,Kannada,0.45
You are selected for ₹50000 cash prize. Call +91-8468345168,spam,prize_scams,0,0.17,1.0,English,0.79
Early access: New arrivals now live,promo,general_promo,0,0.69,1.0,English,0.55
बधाई! आपने car जीता। दावा करें: http://phish-site.com,spam,general_spam,1,0.19,0.06,Hindi,0.8
ಇಂದು appointment ಯಾವಾಗ?,ham,service_updates,0,0.97,1.0,Kannada,0.19
Doctor appointment confirmed for 8:07,ham,service_updates,0,0.92,1.0,English,0.03
Free ho toh call karna,ham,personal,0,0.84,1.0,Hinglish,0.01
Your UPI will be deactivated. Verify now: http://phish-site.com,spam,phishing_scams,1,0.08,0.05,English,0.74
जल्दी! आपका SBI खाता निलंबित। सत्यापित करें: http://phish-site.com,spam,general_spam,1,0.22,0.11,Hindi,0.96
Your Netflix subscription expired. Update payment: http://phish-site.com,spam,general_spam,1,0.14,0.06,English,0.87
"Hey, kal meeting ke liye mil rahe? Time batao",ham,personal,0,0.81,1.0,Hinglish,0.16
"Hey, are we meeting for meeting today? Let me know",ham,personal,0,0.94,1.0,English,0.09
Tax refund of ₹5000 approved. Claim: http://phish-site.com,spam,general_spam,1,0.08,0.09,English,0.81
ऋण स्वीकृत! ₹25000 मिल रहा। कोई कागजात नहीं। YES जवाब दें,spam,general_spam,0,0.11,1.0,Hindi,0.95
Loan approve! ₹50000 mil raha. Documents nahi. Reply YES,spam,financial_scams,0,0.23,1.0,Hinglish,0.88
FLASH SALE: 70% OFF on smartphone. Shop now: http://secure-site.com,promo,promotional_offers,1,0.68,0.78,English,0.6
Working from home today,ham,personal,0,0.98,1.0,English,0.17
Aapka Spotify subscription jald khatam. Renew karo,promo,service_updates,0,0.6,1.0,Hinglish,0.5
Government scheme: Get ₹5000 monthly. Send YES,spam,general_spam,0,0.13,1.0,English,0.94
Aaj meeting kab hai?,ham,personal,0,0.87,1.0,Hinglish,0.2
Loan approved! Get ₹25000 instantly. No documents. Reply YES,spam,financial_scams,0,0.08,1.0,English,0.9
FLASH SALE: 70% OFF on laptop. Shop now: http://secure-site.com,promo,promotional_offers,1,0.63,0.72,English,0.44
Early access: New arrivals now live,promo,general_promo,0,0.6,1.0,English,0.57
CONGRATULATIONS! You won car. Claim: http://phish-site.com,spam,prize_scams,1,0.17,0.19,English,0.87
Loan approved! Get ₹50000 instantly. No documents. Reply YES,spam,financial_scams,0,0.09,1.0,English,0.92
Your UPI will be deactivated. Verify now: http://phish-site.com,spam,phishing_scams,1,0.2,0.2,English,0.8
"34 ನಿಮಿಷ ತಡವಾಗಿ, ಟ್ರಾಫಿಕ್ನಲ್ಲಿ",ham,personal,0,0.88,1.0,Kannada,0.19
You are selected for ₹10000 cash prize. Call +91-8053932109,spam,prize_scams,0,0.04,1.0,English,0.88
"23 minute late, traffic mein",ham,personal,0,0.91,1.0,Hinglish,0.16
Early access: New arrivals now live,promo,general_promo,0,0.72,1.0,English,0.35
"Hey, kal meeting ke liye mil rahe? Time batao",ham,personal,0,0.95,1.0,Hinglish,0.19
Your number won MacBook. Click to claim: http://phish-site.com,spam,prize_scams,1,0.29,0.13,English,0.8
Refer a friend & get ₹25000 off,promo,general_promo,0,0.65,1.0,English,0.52
Call me when you're free,ham,personal,0,0.86,1.0,English,0.07
See you at office,ham,personal,0,0.82,1.0,English,0.28
ಲೋನ್ ಅನುಮೋದಿತ! ₹10000 ಸಿಗುತ್ತಿದೆ. ಯಾವುದೇ ದಾಖಲೆಗಳಿಲ್ಲ. YES ಉತ್ತರಿಸಿ,spam,general_spam,0,0.02,1.0,Kannada,0.72
Loan approve! ₹25000 mil raha. Documents nahi. Reply YES,spam,financial_scams,0,0.13,1.0,Hinglish,0.82
CONGRATULATIONS! You won car. Claim: http://phish-site.com,spam,prize_scams,1,0.18,0.14,English,0.88
ಸರ್ಕಾರಿ ಯೋಜನೆ: ₹10000 ಪ್ರತಿ ತಿಂಗಳು. YES ಕಳುಹಿಸಿ,spam,general_spam,0,0.19,1.0,Kannada,0.77
Thanks for your help with study,ham,personal,0,0.99,1.0,English,0.23
"हे, कल meeting के लिए मिल रहे? समय बताओ",ham,personal,0,0.95,1.0,Hindi,0.29
FLASH SALE: 50% OFF on headphones. Shop now: http://secure-site.com,promo,promotional_offers,1,0.63,0.84,English,0.32
Kal meeting ka mat bhoolna. Time 1:11,ham,personal,0,0.9,1.0,Hinglish,0.2
स्टोर से bread ले आना,ham,personal,0,0.8,1.0,Hindi,0.01
सरकारी योजना: ₹50000 हर महीने। YES भेजें,spam,general_spam,0,0.06,1.0,Hindi,0.75
Aaj meeting kab hai?,ham,personal,0,0.84,1.0,Hinglish,0.07
Can you pick up bread from the store?,ham,personal,0,0.94,1.0,English,0.11
Member exclusive: Extra 70% off,promo,general_promo,0,0.62,1.0,English,0.5
ತ್ವರಿತ! ನಿಮ್ಮ SBI ಖಾತೆ ನಿಲ್ಲಿಸಲಾಗಿದೆ. ಧೃಡೀಕರಿಸಿ: http://phish-site.com,spam,general_spam,1,0.25,0.2,Kannada,0.83
"Hey, are we meeting for lunch today? Let me know",ham,personal,0,0.97,1.0,English,0.18
ತ್ವರಿತ! ನಿಮ್ಮ HDFC ಖಾತೆ ನಿಲ್ಲಿಸಲಾಗಿದೆ. ಧೃಡೀಕರಿಸಿ: http://phish-site.com,spam,general_spam,1,0.07,0.18,Kannada,0.83
Aapka Spotify subscription jald khatam. Renew karo,promo,service_updates,0,0.52,1.0,Hinglish,0.41
"ಹೇ, ನಾಳೆ dinner ಗೆ ಭೇಟಿ ಮಾಡುತ್ತಿದ್ದೀರಾ? ಸಮಯ ತಿಳಿಸಿ",ham,personal,0,0.89,1.0,Kannada,0.23
Don't forget about dinner tomorrow at 10:53,ham,personal,0,0.83,1.0,English,0.12
Can you pick up milk from the store?,ham,personal,0,0.82,1.0,English,0.29
ಉಚಿತವಾಗಿದ್ದರೆ ಕರೆ ಮಾಡಿ,ham,personal,0,0.98,1.0,Kannada,0.06
Aaj meeting kab hai?,ham,personal,0,0.92,1.0,Hinglish,0.29
ऋण स्वीकृत! ₹50000 मिल रहा। कोई कागजात नहीं। YES जवाब दें,spam,general_spam,0,0.11,1.0,Hindi,0.85
Package will be delivered today between 9-5,ham,personal,0,0.95,1.0,English,0.23
Call me when you're free,ham,personal,0,0.87,1.0,English,0.07
ಸೀಮಿತ ಸಮಯ: 1 ಖರೀದಿ 1 ಉಚಿತ. ಕೋಡ್ SAVE32,promo,general_promo,0,0.71,1.0,Kannada,0.31
"36 मिनट लेट, ट्रैफिक में",ham,personal,0,0.88,1.0,Hindi,0.12
Package will be delivered today between 9-1,ham,personal,0,0.95,1.0,English,0.14
Meeting rescheduled to 2:00,ham,personal,0,0.98,1.0,English,0.05
Aaj flight kab hai?,ham,personal,0,0.93,1.0,Hinglish,0.18
See you at cafe,ham,personal,0,0.93,1.0,English,0.26
Credit card par 15% cashback,promo,general_promo,0,0.74,1.0,Hinglish,0.5
"25 minute late, traffic mein",ham,personal,0,0.82,1.0,Hinglish,0.22
CONGRATULATIONS! You won MacBook. Claim: http://phish-site.com,spam,prize_scams,1,0.02,0.13,English,0.86
Your package delivery failed. Confirm address: http://phish-site.com,spam,general_spam,1,0.14,0.17,English,0.93
Aaj meeting kab hai?,ham,personal,0,0.9,1.0,Hinglish,0.03
ಸ್ಟೋರ್ನಿಂದ bread ತೆಗೆದುಕೊಳ್ಳಿ,ham,personal,0,0.99,1.0,Kannada,0.22
SECURITY ALERT: Suspicious login detected. Secure account: http://phish-site.com,spam,financial_scams,1,0.24,0.12,English,0.78
"Hey, are we meeting for meeting today? Let me know",ham,personal,0,0.9,1.0,English,0.17
"Running 18 minutes late, stuck in traffic",ham,personal,0,0.9,1.0,English,0.17
Limited time: 1 kharido 1 free. Code SAVE45,promo,general_promo,0,0.54,1.0,Hinglish,0.36
Call me when you're free,ham,personal,0,0.92,1.0,English,0.2
"Hey, kal lunch ke liye mil rahe? Time batao",ham,personal,0,0.86,1.0,Hinglish,0.16
Sarkari yojana: ₹25000 har mahine. YES bhejo,spam,general_spam,0,0.19,1.0,Hinglish,0.71
ಕ್ರೆಡಿಟ್ ಕಾರ್ಡ್ನಲ್ಲಿ 10% ಕ್ಯಾಶ್‌ಬ್ಯಾಕ್,promo,general_promo,0,0.61,1.0,Kannada,0.52
You are selected for ₹50000 cash prize. Call +91-8516575457,spam,prize_scams,0,0.03,1.0,English,0.74
Happy birthday! 🎉 See you tonight!,ham,personal,0,0.82,1.0,English,0.25
"Running 22 minutes late, stuck in traffic",ham,personal,0,0.8,1.0,English,0.28
Aapka Netflix subscription jald khatam. Renew karo,promo,service_updates,0,0.76,1.0,Hinglish,0.31
ಕ್ರೆಡಿಟ್ ಕಾರ್ಡ್ನಲ್ಲಿ 5% ಕ್ಯಾಶ್‌ಬ್ಯಾಕ್,promo,general_promo,0,0.74,1.0,Kannada,0.59
Birthday treat: 30% off for you!,promo,general_promo,0,0.63,1.0,English,0.34
Working from home today,ham,personal,0,0.94,1.0,English,0.06
ನಿಮ್ಮ Amazon Prime ಚಂದಾದಾರಿಕೆ ಶೀಘ್ರದಲ್ಲೇ ಮುಗಿಯುತ್ತದೆ. ನವೀಕರಿಸಿ,promo,general_promo,0,0.51,1.0,Kannada,0.46
Store se medicine le aana,ham,personal,0,0.85,1.0,Hinglish,0.3
"19 minute late, traffic mein",ham,personal,0,0.91,1.0,Hinglish,0.19
फ्री हो तो कॉल करना,ham,personal,0,0.91,1.0,Hindi,0.24
आज appointment कब है?,ham,service_updates,0,0.89,1.0,Hindi,0.27
"CONGRATULATIONS! You won ₹50,000. Claim: http://phish-site.com",spam,prize_scams,1,0.28,0.19,English,0.89
Kal dinner ka mat bhoolna. Time 10:41,ham,personal,0,0.85,1.0,Hinglish,0.24
Kal meeting ka mat bhoolna. Time 9:05,ham,personal,0,0.95,1.0,Hinglish,0.08
स्टोर से milk ले आना,ham,personal,0,0.88,1.0,Hindi,0.26
Get 10% cashback on credit card spends,promo,general_promo,0,0.8,1.0,English,0.37
Get 5% cashback on credit card spends,promo,general_promo,0,0.78,1.0,English,0.51
Special offer: watch at 20% discount,promo,promotional_offers,0,0.65,1.0,English,0.6
What time is your appointment?,ham,service_updates,0,0.82,1.0,English,0.04
Free ho toh call karna,ham,personal,0,0.86,1.0,Hinglish,0.02
स्टोर से milk ले आना,ham,personal,0,0.8,1.0,Hindi,0.22
Store se milk le aana,ham,personal,0,0.86,1.0,Hinglish,0.19
Loan approved! Get ₹50000 instantly. No documents. Reply YES,spam,financial_scams,0,0.15,1.0,English,0.92
ತ್ವರಿತ! ನಿಮ್ಮ SBI ಖಾತೆ ನಿಲ್ಲಿಸಲಾಗಿದೆ. ಧೃಡೀಕರಿಸಿ: http://phish-site.com,spam,general_spam,1,0.04,0.17,Kannada,0.84
Weekend special: Extra 40% off. Shop: http://secure-site.com,promo,general_promo,1,0.52,0.71,English,0.39
See you at mall,ham,personal,0,1.0,1.0,English,0.0
Can you pick up bread from the store?,ham,personal,0,0.81,1.0,English,0.19
ಇಂದು meeting ಯಾವಾಗ?,ham,personal,0,0.91,1.0,Kannada,0.27
Free ho toh call karna,ham,personal,0,0.91,1.0,Hinglish,0.04
Refer a friend & get ₹10000 off,promo,general_promo,0,0.75,1.0,English,0.58
Get 15% cashback on credit card spends,promo,general_promo,0,0.51,1.0,English,0.41
Your number won iPhone 15. Click to claim: http://phish-site.com,spam,prize_scams,1,0.2,0.15,English,0.88
ತ್ವರಿತ! ನಿಮ್ಮ HDFC ಖಾತೆ ನಿಲ್ಲಿಸಲಾಗಿದೆ. ಧೃಡೀಕರಿಸಿ: http://phish-site.com,spam,general_spam,1,0.1,0.16,Kannada,0.81
Did you finish the assignment?,ham,personal,0,0.9,1.0,English,0.0
Member exclusive: Extra 40% off,promo,general_promo,0,0.62,1.0,English,0.53
Your OTP is 214917. Do not share,ham,service_updates,0,0.87,1.0,English,0.16
Birthday treat: 40% off for you!,promo,general_promo,0,0.53,1.0,English,0.42
आपका Spotify सब्सक्रिप्शन जल्द खत्म। नवीनीकरण करें,promo,general_promo,0,0.53,1.0,Hindi,0.31
सरकारी योजना: ₹10000 हर महीने। YES भेजें,spam,general_spam,0,0.15,1.0,Hindi,0.79
Free ho toh call karna,ham,personal,0,0.82,1.0,Hinglish,0.03
सरकारी योजना: ₹5000 हर महीने। YES भेजें,spam,general_spam,0,0.24,1.0,Hindi,0.7
ಇಂದು appointment ಯಾವಾಗ?,ham,service_updates,0,0.96,1.0,Kannada,0.25
Refer a friend & get ₹25000 off,promo,general_promo,0,0.62,1.0,English,0.47
Special offer: 30% discount,promo,promotional_offers,0,0.64,1.0,Hinglish,0.44
Aadhaar verification failed. Update immediately: http://phish-site.com,spam,general_spam,1,0.17,0.12,English,0.87
Meeting rescheduled to 9:04,ham,personal,0,0.96,1.0,English,0.24
चेतावनी: आपके खाते में संदिग्ध गतिविधि। कॉल +91-8302828825,spam,general_spam,0,0.15,1.0,Hindi,0.93
SECURITY ALERT: Suspicious login detected. Secure account: http://phish-site.com,spam,financial_scams,1,0.13,0.14,English,0.99
"Your number won ₹50,000. Click to claim: http://phish-site.com",spam,prize_scams,1,0.09,0.1,English,0.95
कल lunch का मत भूलना। समय 8:15,ham,personal,0,0.82,1.0,Hindi,0.24
Call me when you're free,ham,personal,0,0.92,1.0,English,0.04
ಉಚಿತವಾಗಿದ್ದರೆ ಕರೆ ಮಾಡಿ,ham,personal,0,0.84,1.0,Kannada,0.03
Meeting rescheduled to 10:41,ham,personal,0,0.94,1.0,English,0.06
Alert: Aapke account mein suspicious activity. Call +91-8925951145,spam,financial_scams,0,0.0,1.0,Hinglish,0.98
Your package delivery failed. Confirm address: http://phish-site.com,spam,general_spam,1,0.11,0.14,English,0.85
Working from home today,ham,personal,0,0.99,1.0,English,0.02
Jaldi! Aapka Axis account suspend. Verify: http://phish-site.com,spam,financial_scams,1,0.14,0.13,Hinglish,0.76
Limited time: Buy 1 Get 1 Free on electronics. Code: SAVE43,promo,general_promo,0,0.59,1.0,English,0.49
फ्री हो तो कॉल करना,ham,personal,0,0.81,1.0,Hindi,0.17
Aadhaar verification failed. Update immediately: http://phish-site.com,spam,general_spam,1,0.05,0.12,English,0.99
सरकारी योजना: ₹50000 हर महीने। YES भेजें,spam,general_spam,0,0.07,1.0,Hindi,0.98
"Running 23 minutes late, stuck in traffic",ham,personal,0,0.91,1.0,English,0.13
Badhai ho! Aap jeete MacBook. Claim: http://phish-site.com,spam,general_spam,1,0.28,0.18,Hinglish,0.87
Can you pick up bread from the store?,ham,personal,0,0.85,1.0,English,0.19
Alert: Aapke account mein suspicious activity. Call +91-7158956373,spam,financial_scams,0,0.22,1.0,Hinglish,0.72
ಉಚಿತವಾಗಿದ್ದರೆ ಕರೆ ಮಾಡಿ,ham,personal,0,0.89,1.0,Kannada,0.2
Credit card par 5% cashback,promo,general_promo,0,0.52,1.0,Hinglish,0.49
Flash sale! laptop par 50% off. Shopping: http://secure-site.com,promo,promotional_offers,1,0.51,0.73,Hinglish,0.6
See you at cafe,ham,personal,0,0.92,1.0,English,0.04
Special offer: laptop at 50% discount,promo,promotional_offers,0,0.76,1.0,English,0.57
Package will be delivered today between 11-10,ham,personal,0,0.81,1.0,English,0.03
Your UPI will be deactivated. Verify now: http://phish-site.com,spam,phishing_scams,1,0.02,0.12,English,1.0
Can you pick up milk from the store?,ham,personal,0,0.98,1.0,English,0.08
Free shipping on orders above ₹25000,promo,general_promo,0,0.64,1.0,English,0.4
URGENT: Your SBI account suspended. Verify now: http://phish-site.com,spam,financial_scams,1,0.17,0.04,English,0.77
Refer a friend & get ₹10000 off,promo,general_promo,0,0.6,1.0,English,0.44
Bank error: Extra ₹10000 credited. Verify: http://phish-site.com,spam,financial_scams,1,0.03,0.08,English,0.81
Birthday treat: 30% off for you!,promo,general_promo,0,0.62,1.0,English,0.46
Aaj flight kab hai?,ham,personal,0,0.93,1.0,Hinglish,0.01
Your device has virus. Download antivirus: http://phish-site.com,spam,general_spam,1,0.01,0.12,English,0.83
बधाई! आपने MacBook जीता। दावा करें: http://phish-site.com,spam,general_spam,1,0.05,0.02,Hindi,0.82
Jaldi! Aapka HDFC account suspend. Verify: http://phish-site.com,spam,financial_scams,1,0.3,0.01,Hinglish,0.91
Sarkari yojana: ₹50000 har mahine. YES bhejo,spam,general_spam,0,0.06,1.0,Hinglish,0.74
Loan approve! ₹50000 mil raha. Documents nahi. Reply YES,spam,financial_scams,0,0.2,1.0,Hinglish,0.79
Package will be delivered today between 10-8,ham,personal,0,0.8,1.0,English,0.14
SECURITY ALERT: Suspicious login detected. Secure account: http://phish-site.com,spam,financial_scams,1,0.01,0.18,English,0.84
ಉಚಿತವಾಗಿದ್ದರೆ ಕರೆ ಮಾಡಿ,ham,personal,0,0.82,1.0,Kannada,0.24
Package will be delivered today between 12-5,ham,personal,0,0.85,1.0,English,0.19
"Hey, kal dinner ke liye mil rahe? Time batao",ham,personal,0,0.91,1.0,Hinglish,0.17
See you at cafe,ham,personal,0,0.86,1.0,English,0.28
Badhai ho! Aap jeete iPhone 15. Claim: http://phish-site.com,spam,general_spam,1,0.14,0.01,Hinglish,0.87
Aapka Spotify subscription jald khatam. Renew karo,promo,service_updates,0,0.7,1.0,Hinglish,0.57
कल lunch का मत भूलना। समय 2:19,ham,personal,0,0.99,1.0,Hindi,0.05
Your package delivery failed. Confirm address: http://phish-site.com,spam,general_spam,1,0.2,0.12,English,0.98
Don't forget about dinner tomorrow at 12:51,ham,personal,0,0.86,1.0,English,0.16
विशेष ऑफर: 40% छूट,promo,general_promo,0,0.64,1.0,Hindi,0.35
Free ho toh call karna,ham,personal,0,0.95,1.0,Hinglish,0.0
ಸರ್ಕಾರಿ ಯೋಜನೆ: ₹5000 ಪ್ರತಿ ತಿಂಗಳು. YES ಕಳುಹಿಸಿ,spam,general_spam,0,0.14,1.0,Kannada,0.83
Meeting rescheduled to 10:00,ham,personal,0,0.95,1.0,English,0.13
Government scheme: Get ₹50000 monthly. Send YES,spam,general_spam,0,0.24,1.0,English,0.85
FLASH SALE: 50% OFF on laptop. Shop now: http://secure-site.com,promo,promotional_offers,1,0.67,0.79,English,0.42
Free ho toh call karna,ham,personal,0,0.82,1.0,Hinglish,0.25
Tax refund of ₹25000 approved. Claim: http://phish-site.com,spam,general_spam,1,0.28,0.19,English,0.84
Limited time: 1 kharido 1 free. Code SAVE15,promo,general_promo,0,0.69,1.0,Hinglish,0.59
Working from home today,ham,personal,0,0.94,1.0,English,0.25
Happy birthday! 🎉 See you tonight!,ham,personal,0,0.88,1.0,English,0.25
आपका Amazon Prime सब्सक्रिप्शन जल्द खत्म। नवीनीकरण करें,promo,general_promo,0,0.51,1.0,Hindi,0.54
सीमित समय: 1 खरीदो 1 मुफ्त। कोड SAVE46,promo,general_promo,0,0.58,1.0,Hindi,0.58
Tax refund of ₹25000 approved. Claim: http://phish-site.com,spam,general_spam,1,0.14,0.07,English,0.92
Aapka Spotify subscription jald khatam. Renew karo,promo,service_updates,0,0.59,1.0,Hinglish,0.56
Your Amazon Prime subscription expired. Update payment: http://phish-site.com,spam,general_spam,1,0.09,0.19,English,0.91
Call me when you're free,ham,personal,0,0.82,1.0,English,0.05
"7 ನಿಮಿಷ ತಡವಾಗಿ, ಟ್ರಾಫಿಕ್ನಲ್ಲಿ",ham,personal,0,0.94,1.0,Kannada,0.24
आपका Netflix सब्सक्रिप्शन जल्द खत्म। नवीनीकरण करें,promo,general_promo,0,0.59,1.0,Hindi,0.59
Doctor appointment confirmed for 6:42,ham,service_updates,0,0.88,1.0,English,0.27
"Hey, are we meeting for meeting today? Let me know",ham,personal,0,0.91,1.0,English,0.04
SECURITY ALERT: Suspicious login detected. Secure account: http://phish-site.com,spam,financial_scams,1,0.29,0.02,English,0.85
फ्री हो तो कॉल करना,ham,personal,0,0.85,1.0,Hindi,0.19
What time is your appointment?,ham,service_updates,0,0.97,1.0,English,0.27
Did you finish the project?,ham,personal,0,0.96,1.0,English,0.03
Member exclusive: Extra 30% off,promo,general_promo,0,0.65,1.0,English,0.5
ಸ್ಟೋರ್ನಿಂದ milk ತೆಗೆದುಕೊಳ್ಳಿ,ham,personal,0,0.82,1.0,Kannada,0.17
Store se bread le aana,ham,personal,0,0.85,1.0,Hinglish,0.28
ಕ್ರೆಡಿಟ್ ಕಾರ್ಡ್ನಲ್ಲಿ 5% ಕ್ಯಾಶ್‌ಬ್ಯಾಕ್,promo,general_promo,0,0.73,1.0,Kannada,0.57
Kal dinner ka mat bhoolna. Time 3:56,ham,personal,0,0.85,1.0,Hinglish,0.06
Package will be delivered today between 3-1,ham,personal,0,0.88,1.0,English,0.2
Your number won MacBook. Click to claim: http://phish-site.com,spam,prize_scams,1,0.1,0.11,English,0.85
ಅಭಿನಂದನೆಗಳು! ನೀವು iPhone 15 ಗೆದ್ದಿದ್ದೀರಿ. ಕ್ಲೈಮ್: http://phish-site.com,spam,general_spam,1,0.06,0.07,Kannada,0.94
Your OTP is 546963. Do not share,ham,service_updates,0,0.91,1.0,English,0.24
Jaldi! Aapka HDFC account suspend. Verify: http://phish-site.com,spam,financial_scams,1,0.19,0.08,Hinglish,0.82
Your OTP is 626862. Do not share,ham,service_updates,0,0.92,1.0,English,0.24
Did you finish the project?,ham,personal,0,0.85,1.0,English,0.27
New headphones collection launched! Use code SAVE44,promo,general_promo,0,0.78,1.0,English,0.32
"Hey, kal lunch ke liye mil rahe? Time batao",ham,personal,0,0.99,1.0,Hinglish,0.16
New watch collection launched! Use code SAVE10,promo,general_promo,0,0.59,1.0,English,0.41
स्टोर से bread ले आना,ham,personal,0,0.95,1.0,Hindi,0.24
ಅಭಿನಂದನೆಗಳು! ನೀವು iPhone 15 ಗೆದ್ದಿದ್ದೀರಿ. ಕ್ಲೈಮ್: http://phish-site.com,spam,general_spam,1,0.25,0.12,Kannada,0.92
Did you finish the project?,ham,personal,0,0.98,1.0,English,0.12
SECURITY ALERT: Suspicious login detected. Secure account: http://phish-site.com,spam,financial_scams,1,0.22,0.0,English,0.98
Alert: Aapke account mein suspicious activity. Call +91-9764168505,spam,financial_scams,0,0.11,1.0,Hinglish,0.96
"Hey, kal meeting ke liye mil rahe? Time batao",ham,personal,0,0.89,1.0,Hinglish,0.23
"Running 22 minutes late, stuck in traffic",ham,personal,0,0.86,1.0,English,0.22
ಉಚಿತವಾಗಿದ್ದರೆ ಕರೆ ಮಾಡಿ,ham,personal,0,0.93,1.0,Kannada,0.1
Aapka Spotify subscription jald khatam. Renew karo,promo,service_updates,0,0.55,1.0,Hinglish,0.4
Aaj meeting kab hai?,ham,personal,0,0.95,1.0,Hinglish,0.05
Weekend special: Extra 70% off. Shop: http://secure-site.com,promo,general_promo,1,0.57,0.89,English,0.45
ऋण स्वीकृत! ₹25000 मिल रहा। कोई कागजात नहीं। YES जवाब दें,spam,general_spam,0,0.03,1.0,Hindi,0.83
Jaldi! Aapka Axis account suspend. Verify: http://phish-site.com,spam,financial_scams,1,0.01,0.07,Hinglish,0.98
"Hey, kal dinner ke liye mil rahe? Time batao",ham,personal,0,0.97,1.0,Hinglish,0.09
Kal lunch ka mat bhoolna. Time 5:57,ham,personal,0,0.91,1.0,Hinglish,0.22
"10 मिनट लेट, ट्रैफिक में",ham,personal,0,0.99,1.0,Hindi,0.26
Alert: Aapke account mein suspicious activity. Call +91-7277738625,spam,financial_scams,0,0.02,1.0,Hinglish,0.82
Aadhaar verification failed. Update immediately: http://phish-site.com,spam,general_spam,1,0.09,0.2,English,0.81
Your Netflix subscription expired. Update payment: http://phish-site.com,spam,general_spam,1,0.05,0.19,English,0.89
Aadhaar verification failed. Update immediately: http://phish-site.com,spam,general_spam,1,0.28,0.03,English,0.97
ಫ್ಲಾಶ್ ಸೇಲ್! smartphone ನಲ್ಲಿ 20% ರಿಯಾಯಿತಿ. ಶಾಪಿಂಗ್: http://secure-site.com,promo,general_promo,1,0.71,0.71,Kannada,0.55
आपका Amazon Prime सब्सक्रिप्शन जल्द खत्म। नवीनीकरण करें,promo,general_promo,0,0.52,1.0,Hindi,0.55
Work from home: Earn ₹25000 daily. No experience. Reply YES,spam,general_spam,0,0.15,1.0,English,0.72
Aaj flight kab hai?,ham,personal,0,0.96,1.0,Hinglish,0.02
स्टोर से bread ले आना,ham,personal,0,0.9,1.0,Hindi,0.11
Exclusive deal for you: 60% off,promo,general_promo,0,0.77,1.0,English,0.57
Limited time: Buy 1 Get 1 Free on fashion. Code: SAVE24,promo,general_promo,0,0.79,1.0,English,0.3
You are selected for ₹25000 cash prize. Call +91-9087590418,spam,prize_scams,0,0.22,1.0,English,0.94
सीमित समय: 1 खरीदो 1 मुफ्त। कोड SAVE40,promo,general_promo,0,0.57,1.0,Hindi,0.53
Your package delivery failed. Confirm address: http://phish-site.com,spam,general_spam,1,0.28,0.09,English,0.86
"ಹೇ, ನಾಳೆ lunch ಗೆ ಭೇಟಿ ಮಾಡುತ್ತಿದ್ದೀರಾ? ಸಮಯ ತಿಳಿಸಿ",ham,personal,0,0.97,1.0,Kannada,0.05
Get 10% cashback on credit card spends,promo,general_promo,0,0.52,1.0,English,0.54
Limited time: 1 kharido 1 free. Code SAVE20,promo,general_promo,0,0.78,1.0,Hinglish,0.6
Sarkari yojana: ₹50000 har mahine. YES bhejo,spam,general_spam,0,0.04,1.0,Hinglish,0.94
"Hey, kal lunch ke liye mil rahe? Time batao",ham,personal,0,0.8,1.0,Hinglish,0.09
फ्री हो तो कॉल करना,ham,personal,0,0.83,1.0,Hindi,0.05
"Hey, are we meeting for meeting today? Let me know",ham,personal,0,0.97,1.0,English,0.18
Jaldi! Aapka HDFC account suspend. Verify: http://phish-site.com,spam,financial_scams,1,0.15,0.2,Hinglish,0.76
Clearance sale: Limited stock available,promo,promotional_offers,0,0.5,1.0,English,0.32
Limited time: Buy 1 Get 1 Free on electronics. Code: SAVE15,promo,general_promo,0,0.64,1.0,English,0.55
Special offer: laptop at 60% discount,promo,promotional_offers,0,0.67,1.0,English,0.37
Store se milk le aana,ham,personal,0,0.83,1.0,Hinglish,0.05
Your OTP is 676280. Do not share,ham,service_updates,0,0.84,1.0,English,0.13
URGENT: Your Axis account suspended. Verify now: http://phish-site.com,spam,financial_scams,1,0.12,0.05,English,1.0
Early access: New arrivals now live,promo,general_promo,0,0.55,1.0,English,0.59
You are selected for ₹5000 cash prize. Call +91-7794958438,spam,prize_scams,0,0.12,1.0,English,0.77
Meeting rescheduled to 4:24,ham,personal,0,0.83,1.0,English,0.0
ಇಂದು appointment ಯಾವಾಗ?,ham,service_updates,0,0.98,1.0,Kannada,0.01
Weekend special: Extra 60% off. Shop: http://secure-site.com,promo,general_promo,1,0.57,0.77,English,0.47
Free ho toh call karna,ham,personal,0,1.0,1.0,Hinglish,0.06
ऋण स्वीकृत! ₹10000 मिल रहा। कोई कागजात नहीं। YES जवाब दें,spam,general_spam,0,0.27,1.0,Hindi,0.97
"16 मिनट लेट, ट्रैफिक में",ham,personal,0,0.88,1.0,Hindi,0.06
Can you pick up bread from the store?,ham,personal,0,0.9,1.0,English,0.05
Don't forget about meeting tomorrow at 7:18,ham,personal,0,0.98,1.0,English,0.25
You are selected for ₹25000 cash prize. Call +91-9411048571,spam,prize_scams,0,0.03,1.0,English,0.92
Meeting rescheduled to 7:28,ham,personal,0,0.86,1.0,English,0.05
Seasonal sale: Prices slashed by 50%,promo,promotional_offers,0,0.71,1.0,English,0.33
"Hey, are we meeting for meeting today? Let me know",ham,personal,0,0.84,1.0,English,0.12
Kal meeting ka mat bhoolna. Time 12:18,ham,personal,0,0.95,1.0,Hinglish,0.14
You are selected for ₹25000 cash prize. Call +91-9566755834,spam,prize_scams,0,0.3,1.0,English,0.83
Doctor appointment confirmed for 1:09,ham,service_updates,0,0.88,1.0,English,0.18
"19 minute late, traffic mein",ham,personal,0,0.99,1.0,Hinglish,0.17
Aapka Amazon Prime subscription jald khatam. Renew karo,promo,service_updates,0,0.57,1.0,Hinglish,0.38
Aadhaar verification failed. Update immediately: http://phish-site.com,spam,general_spam,1,0.09,0.08,English,0.74
URGENT: Your Axis account suspended. Verify now: http://phish-site.com,spam,financial_scams,1,0.04,0.11,English,0.87
FLASH SALE: 40% OFF on laptop. Shop now: http://secure-site.com,promo,promotional_offers,1,0.69,0.86,English,0.44
Loan approved! Get ₹25000 instantly. No documents. Reply YES,spam,financial_scams,0,0.22,1.0,English,0.82
विशेष ऑफर: 50% छूट,promo,general_promo,0,0.54,1.0,Hindi,0.55
फ्री हो तो कॉल करना,ham,personal,0,0.87,1.0,Hindi,0.25
स्टोर से bread ले आना,ham,personal,0,0.82,1.0,Hindi,0.03
Your device has virus. Download antivirus: http://phish-site.com,spam,general_spam,1,0.24,0.08,English,0.85
Jaldi! Aapka SBI account suspend. Verify: http://phish-site.com,spam,financial_scams,1,0.2,0.03,Hinglish,0.74
Your package delivery failed. Confirm address: http://phish-site.com,spam,general_spam,1,0.26,0.2,English,0.97
Sarkari yojana: ₹5000 har mahine. YES bhejo,spam,general_spam,0,0.05,1.0,Hinglish,0.95
"Hey, are we meeting for lunch today? Let me know",ham,personal,0,0.91,1.0,English,0.27
Happy birthday! 🎉 See you tonight!,ham,personal,0,0.83,1.0,English,0.22
Limited time: Buy 1 Get 1 Free on electronics. Code: SAVE12,promo,general_promo,0,0.6,1.0,English,0.31
You are selected for ₹10000 cash prize. Call +91-8102337589,spam,prize_scams,0,0.11,1.0,English,0.92
See you at mall,ham,personal,0,0.83,1.0,English,0.19
"34 minute late, traffic mein",ham,personal,0,0.97,1.0,Hinglish,0.16
Your OTP is 118015. Do not share,ham,service_updates,0,0.98,1.0,English,0.21
"Hey, kal lunch ke liye mil rahe? Time batao",ham,personal,0,0.99,1.0,Hinglish,0.22
ಸ್ಟೋರ್ನಿಂದ bread ತೆಗೆದುಕೊಳ್ಳಿ,ham,personal,0,0.89,1.0,Kannada,0.21
ವಿಶೇಷ ಆಫರ್: 70% ರಿಯಾಯಿತಿ,promo,general_promo,0,0.52,1.0,Kannada,0.52
Working from home today,ham,personal,0,0.92,1.0,English,0.03
Free ho toh call karna,ham,personal,0,0.83,1.0,Hinglish,0.28
Sarkari yojana: ₹5000 har mahine. YES bhejo,spam,general_spam,0,0.03,1.0,Hinglish,0.97
Your number won iPhone 15. Click to claim: http://phish-site.com,spam,prize_scams,1,0.15,0.17,English,0.72
बधाई! आपने iPhone 15 जीता। दावा करें: http://phish-site.com,spam,general_spam,1,0.29,0.14,Hindi,0.72
You are selected for ₹50000 cash prize. Call +91-9369866113,spam,prize_scams,0,0.19,1.0,English,0.84
आज meeting कब है?,ham,personal,0,0.82,1.0,Hindi,0.17
ऋण स्वीकृत! ₹25000 मिल रहा। कोई कागजात नहीं। YES जवाब दें,spam,general_spam,0,0.18,1.0,Hindi,0.82
Work from home: Earn ₹50000 daily. No experience. Reply YES,spam,general_spam,0,0.1,1.0,English,0.99
New watch collection launched! Use code SAVE18,promo,general_promo,0,0.59,1.0,English,0.55
Call me when you're free,ham,personal,0,0.92,1.0,English,0.23
ನಿಮ್ಮ Amazon Prime ಚಂದಾದಾರಿಕೆ ಶೀಘ್ರದಲ್ಲೇ ಮುಗಿಯುತ್ತದೆ. ನವೀಕರಿಸಿ,promo,general_promo,0,0.59,1.0,Kannada,0.39
Limited time: 1 kharido 1 free. Code SAVE23,promo,general_promo,0,0.51,1.0,Hinglish,0.53
ತ್ವರಿತ! ನಿಮ್ಮ Axis ಖಾತೆ ನಿಲ್ಲಿಸಲಾಗಿದೆ. ಧೃಡೀಕರಿಸಿ: http://phish-site.com,spam,general_spam,1,0.24,0.2,Kannada,0.8
Your Amazon Prime subscription expired. Update payment: http://phish-site.com,spam,general_spam,1,0.16,0.05,English,0.74
विशेष ऑफर: 40% छूट,promo,general_promo,0,0.7,1.0,Hindi,0.4
"Hey, are we meeting for lunch today? Let me know",ham,personal,0,0.9,1.0,English,0.24
Aaj flight kab hai?,ham,personal,0,0.91,1.0,Hinglish,0.24
"ಹೇ, ನಾಳೆ meeting ಗೆ ಭೇಟಿ ಮಾಡುತ್ತಿದ್ದೀರಾ? ಸಮಯ ತಿಳಿಸಿ",ham,personal,0,0.87,1.0,Kannada,0.01
Store se medicine le aana,ham,personal,0,0.96,1.0,Hinglish,0.15
Get 15% cashback on credit card spends,promo,general_promo,0,0.75,1.0,English,0.32
Limited time: 1 kharido 1 free. Code SAVE17,promo,general_promo,0,0.54,1.0,Hinglish,0.3
Your OTP is 306395. Do not share,ham,service_updates,0,0.87,1.0,English,0.17
Store se medicine le aana,ham,personal,0,0.95,1.0,Hinglish,0.15
"Hey, are we meeting for lunch today? Let me know",ham,personal,0,0.86,1.0,English,0.11
"Your number won ₹50,000. Click to claim: http://phish-site.com",spam,prize_scams,1,0.07,0.16,English,0.72
"43 मिनट लेट, ट्रैफिक में",ham,personal,0,0.97,1.0,Hindi,0.12
कल meeting का मत भूलना। समय 4:45,ham,personal,0,1.0,1.0,Hindi,0.01
Jaldi! Aapka ICICI account suspend. Verify: http://phish-site.com,spam,financial_scams,1,0.08,0.11,Hinglish,0.8
Aadhaar verification failed. Update immediately: http://phish-site.com,spam,general_spam,1,0.1,0.15,English,0.87
ಎಚ್ಚರಿಕೆ: ನಿಮ್ಮ ಖಾತೆಯಲ್ಲಿ ಸಂಶಯಾಸ್ಪದ ಚಟುವಟಿಕೆ. ಕಾಲ್ +91-7806570266,spam,general_spam,0,0.05,1.0,Kannada,0.83
ಎಚ್ಚರಿಕೆ: ನಿಮ್ಮ ಖಾತೆಯಲ್ಲಿ ಸಂಶಯಾಸ್ಪದ ಚಟುವಟಿಕೆ. ಕಾಲ್ +91-7564217920,spam,general_spam,0,0.07,1.0,Kannada,0.75
FLASH SALE: 70% OFF on smartphone. Shop now: http://secure-site.com,promo,promotional_offers,1,0.67,0.87,English,0.4
"ಹೇ, ನಾಳೆ lunch ಗೆ ಭೇಟಿ ಮಾಡುತ್ತಿದ್ದೀರಾ? ಸಮಯ ತಿಳಿಸಿ",ham,personal,0,0.8,1.0,Kannada,0.27
Alert: Aapke account mein suspicious activity. Call +91-7845451814,spam,financial_scams,0,0.13,1.0,Hinglish,0.77
CONGRATULATIONS! You won iPhone 15. Claim: http://phish-site.com,spam,prize_scams,1,0.13,0.2,English,0.86
URGENT: Your SBI account suspended. Verify now: http://phish-site.com,spam,financial_scams,1,0.3,0.15,English,0.8
SECURITY ALERT: Suspicious login detected. Secure account: http://phish-site.com,spam,financial_scams,1,0.29,0.01,English,0.8
Exclusive deal for you: 50% off,promo,general_promo,0,0.61,1.0,English,0.34
Special offer: 40% discount,promo,promotional_offers,0,0.6,1.0,Hinglish,0.43
बधाई! आपने iPhone 15 जीता। दावा करें: http://phish-site.com,spam,general_spam,1,0.29,0.18,Hindi,0.99
SECURITY ALERT: Suspicious login detected. Secure account: http://phish-site.com,spam,financial_scams,1,0.16,0.05,English,0.73
बधाई! आपने MacBook जीता। दावा करें: http://phish-site.com,spam,general_spam,1,0.04,0.14,Hindi,0.88
Credit card par 10% cashback,promo,general_promo,0,0.5,1.0,Hinglish,0.41
Early access: New arrivals now live,promo,general_promo,0,0.74,1.0,English,0.46
Limited time: Buy 1 Get 1 Free on fashion. Code: SAVE47,promo,general_promo,0,0.73,1.0,English,0.39
"Hey, are we meeting for dinner today? Let me know",ham,personal,0,0.95,1.0,English,0.06
Kal dinner ka mat bhoolna. Time 1:21,ham,personal,0,0.81,1.0,Hinglish,0.21
Free shipping on orders above ₹25000,promo,general_promo,0,0.74,1.0,English,0.49
What time is your appointment?,ham,service_updates,0,0.88,1.0,English,0.02
Your UPI will be deactivated. Verify now: http://phish-site.com,spam,phishing_scams,1,0.02,0.19,English,0.84
ಫ್ಲಾಶ್ ಸೇಲ್! smartphone ನಲ್ಲಿ 50% ರಿಯಾಯಿತಿ. ಶಾಪಿಂಗ್: http://secure-site.com,promo,general_promo,1,0.53,0.82,Kannada,0.53
Work from home: Earn ₹10000 daily. No experience. Reply YES,spam,general_spam,0,0.04,1.0,English,0.77
"Hey, kal dinner ke liye mil rahe? Time batao",ham,personal,0,0.91,1.0,Hinglish,0.03
Badhai ho! Aap jeete car. Claim: http://phish-site.com,spam,general_spam,1,0.14,0.09,Hinglish,0.76
Credit card par 10% cashback,promo,general_promo,0,0.75,1.0,Hinglish,0.47
जल्दी! आपका HDFC खाता निलंबित। सत्यापित करें: http://phish-site.com,spam,general_spam,1,0.16,0.1,Hindi,0.94
ಲೋನ್ ಅನುಮೋದಿತ! ₹25000 ಸಿಗುತ್ತಿದೆ. ಯಾವುದೇ ದಾಖಲೆಗಳಿಲ್ಲ. YES ಉತ್ತರಿಸಿ,spam,general_spam,0,0.0,1.0,Kannada,0.72
Bank error: Extra ₹5000 credited. Verify: http://phish-site.com,spam,financial_scams,1,0.21,0.03,English,0.99
Sarkari yojana: ₹10000 har mahine. YES bhejo,spam,general_spam,0,0.01,1.0,Hinglish,0.98
Aadhaar verification failed. Update immediately: http://phish-site.com,spam,general_spam,1,0.06,0.01,English,0.84
आज appointment कब है?,ham,service_updates,0,0.84,1.0,Hindi,0.26
CONGRATULATIONS! You won car. Claim: http://phish-site.com,spam,prize_scams,1,0.29,0.19,English,0.78
See you at cafe,ham,personal,0,0.9,1.0,English,0.06
Member exclusive: Extra 40% off,promo,general_promo,0,0.53,1.0,English,0.42
Special offer: laptop at 20% discount,promo,promotional_offers,0,0.7,1.0,English,0.43
Aapka Netflix subscription jald khatam. Renew karo,promo,service_updates,0,0.79,1.0,Hinglish,0.55
कल dinner का मत भूलना। समय 4:49,ham,personal,0,0.84,1.0,Hindi,0.13
Your device has virus. Download antivirus: http://phish-site.com,spam,general_spam,1,0.07,0.17,English,0.89
Get 15% cashback on credit card spends,promo,general_promo,0,0.58,1.0,English,0.38
Store se medicine le aana,ham,personal,0,0.86,1.0,Hinglish,0.08
ऋण स्वीकृत! ₹5000 मिल रहा। कोई कागजात नहीं। YES जवाब दें,spam,general_spam,0,0.18,1.0,Hindi,0.94
Loan approved! Get ₹50000 instantly. No documents. Reply YES,spam,financial_scams,0,0.23,1.0,English,0.74
Your package delivery failed. Confirm address: http://phish-site.com,spam,general_spam,1,0.08,0.02,English,0.77
फ्लैश सेल! headphones पर 40% छूट। खरीदारी: http://secure-site.com,promo,general_promo,1,0.66,0.89,Hindi,0.46
"43 मिनट लेट, ट्रैफिक में",ham,personal,0,1.0,1.0,Hindi,0.18
Call me when you're free,ham,personal,0,0.95,1.0,English,0.08
Credit card par 15% cashback,promo,general_promo,0,0.55,1.0,Hinglish,0.42
Aaj meeting kab hai?,ham,personal,0,0.85,1.0,Hinglish,0.05
Government scheme: Get ₹50000 monthly. Send YES,spam,general_spam,0,0.22,1.0,English,0.79
आज meeting कब है?,ham,personal,0,0.81,1.0,Hindi,0.08
Tax refund of ₹10000 approved. Claim: http://phish-site.com,spam,general_spam,1,0.08,0.06,English,0.97
Working from home today,ham,personal,0,0.95,1.0,English,0.29
Limited time: Buy 1 Get 1 Free on fashion. Code: SAVE21,promo,general_promo,0,0.6,1.0,English,0.33
Weekend special: Extra 50% off. Shop: http://secure-site.com,promo,general_promo,1,0.55,0.89,English,0.33
See you at office,ham,personal,0,0.85,1.0,English,0.19
Flash sale! headphones par 30% off. Shopping: http://secure-site.com,promo,promotional_offers,1,0.7,0.87,Hinglish,0.35
Limited time: 1 kharido 1 free. Code SAVE17,promo,general_promo,0,0.56,1.0,Hinglish,0.47
ಕ್ರೆಡಿಟ್ ಕಾರ್ಡ್ನಲ್ಲಿ 15% ಕ್ಯಾಶ್‌ಬ್ಯಾಕ್,promo,general_promo,0,0.56,1.0,Kannada,0.4
Doctor appointment confirmed for 5:27,ham,service_updates,0,0.97,1.0,English,0.27
ऋण स्वीकृत! ₹25000 मिल रहा। कोई कागजात नहीं। YES जवाब दें,spam,general_spam,0,0.08,1.0,Hindi,0.84
Bank error: Extra ₹5000 credited. Verify: http://phish-site.com,spam,financial_scams,1,0.19,0.0,English,0.7
Your OTP is 960743. Do not share,ham,service_updates,0,0.98,1.0,English,0.06
Happy birthday! 🎉 See you tonight!,ham,personal,0,0.86,1.0,English,0.19
Thanks for your help with work,ham,personal,0,0.83,1.0,English,0.19
Loan approve! ₹10000 mil raha. Documents nahi. Reply YES,spam,financial_scams,0,0.09,1.0,Hinglish,0.78
Aaj meeting kab hai?,ham,personal,0,0.83,1.0,Hinglish,0.02
Meeting rescheduled to 12:34,ham,personal,0,1.0,1.0,English,0.3
Limited time: 1 kharido 1 free. Code SAVE50,promo,general_promo,0,0.54,1.0,Hinglish,0.42
Alert: Aapke account mein suspicious activity. Call +91-7869284161,spam,financial_scams,0,0.26,1.0,Hinglish,1.0
Aaj flight kab hai?,ham,personal,0,0.91,1.0,Hinglish,0.08
Can you pick up milk from the store?,ham,personal,0,0.93,1.0,English,0.15
You are selected for ₹25000 cash prize. Call +91-9382367080,spam,prize_scams,0,0.18,1.0,English,0.75
"Running 23 minutes late, stuck in traffic",ham,personal,0,0.9,1.0,English,0.14
Your Amazon Prime subscription expired. Update payment: http://phish-site.com,spam,general_spam,1,0.03,0.04,English,0.93
चेतावनी: आपके खाते में संदिग्ध गतिविधि। कॉल +91-8205059195,spam,general_spam,0,0.06,1.0,Hindi,0.96
Bank error: Extra ₹25000 credited. Verify: http://phish-site.com,spam,financial_scams,1,0.0,0.04,English,0.99
Government scheme: Get ₹5000 monthly. Send YES,spam,general_spam,0,0.19,1.0,English,0.9
फ्लैश सेल! laptop पर 60% छूट। खरीदारी: http://secure-site.com,promo,general_promo,1,0.61,0.73,Hindi,0.32
Bank error: Extra ₹25000 credited. Verify: http://phish-site.com,spam,financial_scams,1,0.16,0.02,English,0.78
Happy birthday! 🎉 See you tonight!,ham,personal,0,0.99,1.0,English,0.25
Store se medicine le aana,ham,personal,0,0.98,1.0,Hinglish,0.16
Your Spotify subscription expiring soon. Renew now,promo,service_updates,0,0.66,1.0,English,0.35
URGENT: Your SBI account suspended. Verify now: http://phish-site.com,spam,financial_scams,1,0.3,0.16,English,0.99
"23 minute late, traffic mein",ham,personal,0,0.99,1.0,Hinglish,0.29
Call me when you're free,ham,personal,0,0.82,1.0,English,0.28
Store se milk le aana,ham,personal,0,0.96,1.0,Hinglish,0.09
URGENT: Your HDFC account suspended. Verify now: http://phish-site.com,spam,financial_scams,1,0.1,0.04,English,0.86
Work from home: Earn ₹5000 daily. No experience. Reply YES,spam,general_spam,0,0.21,1.0,English,0.87
Aaj flight kab hai?,ham,personal,0,0.85,1.0,Hinglish,0.11
Your device has virus. Download antivirus: http://phish-site.com,spam,general_spam,1,0.16,0.11,English,0.83
Birthday treat: 50% off for you!,promo,general_promo,0,0.56,1.0,English,0.5
Early access: New arrivals now live,promo,general_promo,0,0.78,1.0,English,0.58
Special offer: 40% discount,promo,promotional_offers,0,0.51,1.0,Hinglish,0.47
You are selected for ₹5000 cash prize. Call +91-9866892149,spam,prize_scams,0,0.09,1.0,English,0.95
Happy birthday! 🎉 See you tonight!,ham,personal,0,0.97,1.0,English,0.29
Free ho toh call karna,ham,personal,0,0.91,1.0,Hinglish,0.17
Don't forget about dinner tomorrow at 11:59,ham,personal,0,0.84,1.0,English,0.29
Sarkari yojana: ₹25000 har mahine. YES bhejo,spam,general_spam,0,0.27,1.0,Hinglish,0.85
Jaldi! Aapka SBI account suspend. Verify: http://phish-site.com,spam,financial_scams,1,0.29,0.1,Hinglish,0.75
Loan approve! ₹25000 mil raha. Documents nahi. Reply YES,spam,financial_scams,0,0.13,1.0,Hinglish,0.77
चेतावनी: आपके खाते में संदिग्ध गतिविधि। कॉल +91-9715984945,spam,general_spam,0,0.09,1.0,Hindi,0.73
आज appointment कब है?,ham,service_updates,0,0.94,1.0,Hindi,0.27
Aaj flight kab hai?,ham,personal,0,0.84,1.0,Hinglish,0.02
Get 15% cashback on credit card spends,promo,general_promo,0,0.76,1.0,English,0.6
Meeting rescheduled to 10:58,ham,personal,0,0.85,1.0,English,0.18
Store se milk le aana,ham,personal,0,0.81,1.0,Hinglish,0.02
"Hey, are we meeting for meeting today? Let me know",ham,personal,0,0.95,1.0,English,0.15
Kal dinner ka mat bhoolna. Time 12:43,ham,personal,0,0.84,1.0,Hinglish,0.1
Working from home today,ham,personal,0,0.92,1.0,English,0.19
You are selected for ₹10000 cash prize. Call +91-8132660994,spam,prize_scams,0,0.13,1.0,English,0.93
Aadhaar verification failed. Update immediately: http://phish-site.com,spam,general_spam,1,0.24,0.08,English,0.98
CONGRATULATIONS! You won MacBook. Claim: http://phish-site.com,spam,prize_scams,1,0.22,0.18,English,0.71
"Hey, are we meeting for meeting today? Let me know",ham,personal,0,0.84,1.0,English,0.27
ಉಚಿತವಾಗಿದ್ದರೆ ಕರೆ ಮಾಡಿ,ham,personal,0,0.84,1.0,Kannada,0.16
Don't forget about meeting tomorrow at 7:04,ham,personal,0,0.88,1.0,English,0.08
जल्दी! आपका HDFC खाता निलंबित। सत्यापित करें: http://phish-site.com,spam,general_spam,1,0.11,0.03,Hindi,0.93
कल dinner का मत भूलना। समय 10:00,ham,personal,0,0.9,1.0,Hindi,0.17
बधाई! आपने MacBook जीता। दावा करें: http://phish-site.com,spam,general_spam,1,0.06,0.13,Hindi,0.98
ऋण स्वीकृत! ₹25000 मिल रहा। कोई कागजात नहीं। YES जवाब दें,spam,general_spam,0,0.1,1.0,Hindi,0.89
आपका Amazon Prime सब्सक्रिप्शन जल्द खत्म। नवीनीकरण करें,promo,general_promo,0,0.68,1.0,Hindi,0.59
Badhai ho! Aap jeete iPhone 15. Claim: http://phish-site.com,spam,general_spam,1,0.29,0.07,Hinglish,0.73
ವಿಶೇಷ ಆಫರ್: 60% ರಿಯಾಯಿತಿ,promo,general_promo,0,0.52,1.0,Kannada,0.45
Aadhaar verification failed. Update immediately: http://phish-site.com,spam,general_spam,1,0.18,0.09,English,0.97
Clearance sale: Limited stock available,promo,promotional_offers,0,0.6,1.0,English,0.41
URGENT: Your HDFC account suspended. Verify now: http://phish-site.com,spam,financial_scams,1,0.08,0.03,English,0.94
सीमित समय: 1 खरीदो 1 मुफ्त। कोड SAVE48,promo,general_promo,0,0.55,1.0,Hindi,0.34
Your UPI will be deactivated. Verify now: http://phish-site.com,spam,phishing_scams,1,0.01,0.17,English,0.87
Early access: New arrivals now live,promo,general_promo,0,0.75,1.0,English,0.32
Badhai ho! Aap jeete iPhone 15. Claim: http://phish-site.com,spam,general_spam,1,0.03,0.12,Hinglish,0.92
Your OTP is 997756. Do not share,ham,service_updates,0,0.92,1.0,English,0.21
Flash sale! watch par 70% off. Shopping: http://secure-site.com,promo,promotional_offers,1,0.59,0.87,Hinglish,0.44
आज appointment कब है?,ham,service_updates,0,0.88,1.0,Hindi,0.14
ऋण स्वीकृत! ₹25000 मिल रहा। कोई कागजात नहीं। YES जवाब दें,spam,general_spam,0,0.25,1.0,Hindi,0.71
"Hey, kal lunch ke liye mil rahe? Time batao",ham,personal,0,0.98,1.0,Hinglish,0.21
Your number won iPhone 15. Click to claim: http://phish-site.com,spam,prize_scams,1,0.26,0.18,English,0.91
Aadhaar verification failed. Update immediately: http://phish-site.com,spam,general_spam,1,0.09,0.01,English,0.75
Your Netflix subscription expired. Update payment: http://phish-site.com,spam,general_spam,1,0.22,0.07,English,0.88
Store se bread le aana,ham,personal,0,0.91,1.0,Hinglish,0.25
Sarkari yojana: ₹5000 har mahine. YES bhejo,spam,general_spam,0,0.01,1.0,Hinglish,0.73
"13 मिनट लेट, ट्रैफिक में",ham,personal,0,0.84,1.0,Hindi,0.1
Aadhaar verification failed. Update immediately: http://phish-site.com,spam,general_spam,1,0.24,0.17,English,0.73
Credit card par 5% cashback,promo,general_promo,0,0.73,1.0,Hinglish,0.34
Free ho toh call karna,ham,personal,0,0.94,1.0,Hinglish,0.2
Your device has virus. Download antivirus: http://phish-site.com,spam,general_spam,1,0.26,0.05,English,0.91
"28 minute late, traffic mein",ham,personal,0,0.92,1.0,Hinglish,0.14
Aaj meeting kab hai?,ham,personal,0,0.97,1.0,Hinglish,0.13
ಸರ್ಕಾರಿ ಯೋಜನೆ: ₹10000 ಪ್ರತಿ ತಿಂಗಳು. YES ಕಳುಹಿಸಿ,spam,general_spam,0,0.26,1.0,Kannada,0.78
Store se medicine le aana,ham,personal,0,0.93,1.0,Hinglish,0.27
"Hey, kal dinner ke liye mil rahe? Time batao",ham,personal,0,0.94,1.0,Hinglish,0.2
Government scheme: Get ₹50000 monthly. Send YES,spam,general_spam,0,0.05,1.0,English,0.92
ಅಭಿನಂದನೆಗಳು! ನೀವು MacBook ಗೆದ್ದಿದ್ದೀರಿ. ಕ್ಲೈಮ್: http://phish-site.com,spam,general_spam,1,0.23,0.16,Kannada,0.87
Special offer: 70% discount,promo,promotional_offers,0,0.57,1.0,Hinglish,0.52
Meeting rescheduled to 3:00,ham,personal,0,0.97,1.0,English,0.06
Your OTP is 533726. Do not share,ham,service_updates,0,0.8,1.0,English,0.03
"Hey, are we meeting for lunch today? Let me know",ham,personal,0,0.97,1.0,English,0.23
ಫ್ಲಾಶ್ ಸೇಲ್! headphones ನಲ್ಲಿ 70% ರಿಯಾಯಿತಿ. ಶಾಪಿಂಗ್: http://secure-site.com,promo,general_promo,1,0.71,0.82,Kannada,0.3
Birthday treat: 50% off for you!,promo,general_promo,0,0.78,1.0,English,0.33
Member exclusive: Extra 40% off,promo,general_promo,0,0.73,1.0,English,0.39
Your Netflix subscription expired. Update payment: http://phish-site.com,spam,general_spam,1,0.23,0.09,English,0.92
Working from home today,ham,personal,0,0.99,1.0,English,0.23
Limited time: 1 kharido 1 free. Code SAVE17,promo,general_promo,0,0.62,1.0,Hinglish,0.41
Tax refund of ₹25000 approved. Claim: http://phish-site.com,spam,general_spam,1,0.27,0.11,English,0.82
See you at cafe,ham,personal,0,0.85,1.0,English,0.04
Early access: New arrivals now live,promo,general_promo,0,0.7,1.0,English,0.44
ಇಂದು flight ಯಾವಾಗ?,ham,personal,0,0.98,1.0,Kannada,0.29
What time is your appointment?,ham,service_updates,0,0.86,1.0,English,0.2
Birthday treat: 60% off for you!,promo,general_promo,0,0.61,1.0,English,0.32
Member exclusive: Extra 30% off,promo,general_promo,0,0.53,1.0,English,0.55
Your UPI will be deactivated. Verify now: http://phish-site.com,spam,phishing_scams,1,0.07,0.17,English,0.94
ಅಭಿನಂದನೆಗಳು! ನೀವು car ಗೆದ್ದಿದ್ದೀರಿ. ಕ್ಲೈಮ್: http://phish-site.com,spam,general_spam,1,0.09,0.09,Kannada,0.83
Special offer: 20% discount,promo,promotional_offers,0,0.6,1.0,Hinglish,0.48
Aaj flight kab hai?,ham,personal,0,0.89,1.0,Hinglish,0.08
Package will be delivered today between 7-11,ham,personal,0,1.0,1.0,English,0.26
Loan approve! ₹25000 mil raha. Documents nahi. Reply YES,spam,financial_scams,0,0.13,1.0,Hinglish,0.83
Kal dinner ka mat bhoolna. Time 9:56,ham,personal,0,0.9,1.0,Hinglish,0.17
Special offer: 50% discount,promo,promotional_offers,0,0.66,1.0,Hinglish,0.38
Government scheme: Get ₹25000 monthly. Send YES,spam,general_spam,0,0.2,1.0,English,0.97
Your Netflix subscription expiring soon. Renew now,promo,service_updates,0,0.74,1.0,English,0.35
ವಿಶೇಷ ಆಫರ್: 60% ರಿಯಾಯಿತಿ,promo,general_promo,0,0.6,1.0,Kannada,0.3
Sarkari yojana: ₹50000 har mahine. YES bhejo,spam,general_spam,0,0.01,1.0,Hinglish,0.81
"हे, कल dinner के लिए मिल रहे? समय बताओ",ham,personal,0,0.8,1.0,Hindi,0.3
Happy birthday! 🎉 See you tonight!,ham,personal,0,0.94,1.0,English,0.17
Bank error: Extra ₹10000 credited. Verify: http://phish-site.com,spam,financial_scams,1,0.28,0.2,English,0.84
फ्री हो तो कॉल करना,ham,personal,0,0.85,1.0,Hindi,0.04
Badhai ho! Aap jeete MacBook. Claim: http://phish-site.com,spam,general_spam,1,0.22,0.11,Hinglish,0.91
Your UPI will be deactivated. Verify now: http://phish-site.com,spam,phishing_scams,1,0.19,0.15,English,0.87
Work from home: Earn ₹5000 daily. No experience. Reply YES,spam,general_spam,0,0.01,1.0,English,0.9
Limited time: Buy 1 Get 1 Free on home. Code: SAVE13,promo,general_promo,0,0.59,1.0,English,0.31
Your package delivery failed. Confirm address: http://phish-site.com,spam,general_spam,1,0.25,0.1,English,0.74
You are selected for ₹25000 cash prize. Call +91-7692390621,spam,prize_scams,0,0.0,1.0,English,0.91
URGENT: Your SBI account suspended. Verify now: http://phish-site.com,spam,financial_scams,1,0.08,0.04,English,0.87
"Hey, are we meeting for lunch today? Let me know",ham,personal,0,0.97,1.0,English,0.12
Flash sale! laptop par 50% off. Shopping: http://secure-site.com,promo,promotional_offers,1,0.7,0.85,Hinglish,0.36
You are selected for ₹10000 cash prize. Call +91-7109345346,spam,prize_scams,0,0.04,1.0,English,0.9
ತ್ವರಿತ! ನಿಮ್ಮ Axis ಖಾತೆ ನಿಲ್ಲಿಸಲಾಗಿದೆ. ಧೃಡೀಕರಿಸಿ: http://phish-site.com,spam,general_spam,1,0.29,0.2,Kannada,0.96
Limited time: 1 kharido 1 free. Code SAVE27,promo,general_promo,0,0.71,1.0,Hinglish,0.36
Package will be delivered today between 12-4,ham,personal,0,0.94,1.0,English,0.0
Loan approved! Get ₹10000 instantly. No documents. Reply YES,spam,financial_scams,0,0.01,1.0,English,0.79
"Hey, kal meeting ke liye mil rahe? Time batao",ham,personal,0,0.88,1.0,Hinglish,0.0
Weekend special: Extra 70% off. Shop: http://secure-site.com,promo,general_promo,1,0.64,0.8,English,0.43
Member exclusive: Extra 20% off,promo,general_promo,0,0.5,1.0,English,0.35
आज flight कब है?,ham,personal,0,0.9,1.0,Hindi,0.3
Working from home today,ham,personal,0,0.83,1.0,English,0.05
Doctor appointment confirmed for 8:49,ham,service_updates,0,0.85,1.0,English,0.23
Early access: New arrivals now live,promo,general_promo,0,0.78,1.0,English,0.36
ವಿಶೇಷ ಆಫರ್: 20% ರಿಯಾಯಿತಿ,promo,general_promo,0,0.54,1.0,Kannada,0.45
Meeting rescheduled to 10:18,ham,personal,0,0.86,1.0,English,0.11
Your package delivery failed. Confirm address: http://phish-site.com,spam,general_spam,1,0.02,0.16,English,0.99
Happy birthday! 🎉 See you tonight!,ham,personal,0,0.89,1.0,English,0.13
Seasonal sale: Prices slashed by 30%,promo,promotional_offers,0,0.57,1.0,English,0.46
Loan approved! Get ₹25000 instantly. No documents. Reply YES,spam,financial_scams,0,0.13,1.0,English,0.91
See you at cafe,ham,personal,0,0.87,1.0,English,0.06
"हे, कल meeting के लिए मिल रहे? समय बताओ",ham,personal,0,0.92,1.0,Hindi,0.18
Working from home today,ham,personal,0,0.84,1.0,English,0.22
Free ho toh call karna,ham,personal,0,0.97,1.0,Hinglish,0.25
क्रेडिट कार्ड पर 15% कैशबैक,promo,general_promo,0,0.53,1.0,Hindi,0.31
Kal lunch ka mat bhoolna. Time 10:12,ham,personal,0,0.98,1.0,Hinglish,0.16
Your Netflix subscription expiring soon. Renew now,promo,service_updates,0,0.71,1.0,English,0.54
Aapka Netflix subscription jald khatam. Renew karo,promo,service_updates,0,0.63,1.0,Hinglish,0.49
Meeting rescheduled to 2:41,ham,personal,0,0.91,1.0,English,0.19
Work from home: Earn ₹5000 daily. No experience. Reply YES,spam,general_spam,0,0.15,1.0,English,0.7
आज meeting कब है?,ham,personal,0,0.89,1.0,Hindi,0.19
कल meeting का मत भूलना। समय 7:53,ham,personal,0,0.94,1.0,Hindi,0.29
"13 minute late, traffic mein",ham,personal,0,0.98,1.0,Hinglish,0.0
Your number won car. Click to claim: http://phish-site.com,spam,prize_scams,1,0.3,0.07,English,0.87
Your Amazon Prime subscription expiring soon. Renew now,promo,service_updates,0,0.68,1.0,English,0.34
Free ho toh call karna,ham,personal,0,0.89,1.0,Hinglish,0.2
Can you pick up medicine from the store?,ham,personal,0,0.87,1.0,English,0.25
Exclusive deal for you: 30% off,promo,general_promo,0,0.65,1.0,English,0.56
सीमित समय: 1 खरीदो 1 मुफ्त। कोड SAVE21,promo,general_promo,0,0.51,1.0,Hindi,0.54
Credit card par 5% cashback,promo,general_promo,0,0.71,1.0,Hinglish,0.55
Aadhaar verification failed. Update immediately: http://phish-site.com,spam,general_spam,1,0.28,0.03,English,0.78
Meeting rescheduled to 1:17,ham,personal,0,0.85,1.0,English,0.19
ಇಂದು flight ಯಾವಾಗ?,ham,personal,0,0.95,1.0,Kannada,0.28
ಎಚ್ಚರಿಕೆ: ನಿಮ್ಮ ಖಾತೆಯಲ್ಲಿ ಸಂಶಯಾಸ್ಪದ ಚಟುವಟಿಕೆ. ಕಾಲ್ +91-8648669432,spam,general_spam,0,0.15,1.0,Kannada,0.78
Early access: New arrivals now live,promo,general_promo,0,0.74,1.0,English,0.35
Your package delivery failed. Confirm address: http://phish-site.com,spam,general_spam,1,0.1,0.06,English,0.77
Kal meeting ka mat bhoolna. Time 7:49,ham,personal,0,0.81,1.0,Hinglish,0.03
Sarkari yojana: ₹5000 har mahine. YES bhejo,spam,general_spam,0,0.22,1.0,Hinglish,0.73
Special offer: smartphone at 20% discount,promo,promotional_offers,0,0.54,1.0,English,0.3
"Hey, are we meeting for lunch today? Let me know",ham,personal,0,0.92,1.0,English,0.21
ಫ್ಲಾಶ್ ಸೇಲ್! smartphone ನಲ್ಲಿ 40% ರಿಯಾಯಿತಿ. ಶಾಪಿಂಗ್: http://secure-site.com,promo,general_promo,1,0.72,0.77,Kannada,0.5
Work from home: Earn ₹10000 daily. No experience. Reply YES,spam,general_spam,0,0.2,1.0,English,0.75
"CONGRATULATIONS! You won ₹50,000. Claim: http://phish-site.com",spam,prize_scams,1,0.29,0.02,English,0.88
See you at office,ham,personal,0,0.88,1.0,English,0.19
Weekend special: Extra 30% off. Shop: http://secure-site.com,promo,general_promo,1,0.62,0.7,English,0.49
Aapka Spotify subscription jald khatam. Renew karo,promo,service_updates,0,0.55,1.0,Hinglish,0.33
Limited time: 1 kharido 1 free. Code SAVE46,promo,general_promo,0,0.62,1.0,Hinglish,0.49
Tax refund of ₹10000 approved. Claim: http://phish-site.com,spam,general_spam,1,0.15,0.05,English,0.94
Package will be delivered today between 4-12,ham,personal,0,0.95,1.0,English,0.24
Bank error: Extra ₹5000 credited. Verify: http://phish-site.com,spam,financial_scams,1,0.25,0.08,English,0.95
New smartphone collection launched! Use code SAVE32,promo,general_promo,0,0.54,1.0,English,0.4
Doctor appointment confirmed for 3:14,ham,service_updates,0,0.92,1.0,English,0.18
Government scheme: Get ₹5000 monthly. Send YES,spam,general_spam,0,0.15,1.0,English,0.91
"CONGRATULATIONS! You won ₹50,000. Claim: http://phish-site.com",spam,prize_scams,1,0.2,0.13,English,0.86
"बधाई! आपने ₹50,000 जीता। दावा करें: http://phish-site.com",spam,general_spam,1,0.25,0.09,Hindi,0.82
आज meeting कब है?,ham,personal,0,0.84,1.0,Hindi,0.01
Credit card par 5% cashback,promo,general_promo,0,0.69,1.0,Hinglish,0.31
SECURITY ALERT: Suspicious login detected. Secure account: http://phish-site.com,spam,financial_scams,1,0.14,0.1,English,0.97
फ्री हो तो कॉल करना,ham,personal,0,0.83,1.0,Hindi,0.14
आज flight कब है?,ham,personal,0,0.98,1.0,Hindi,0.17
"20 मिनट लेट, ट्रैफिक में",ham,personal,0,0.89,1.0,Hindi,0.16
Badhai ho! Aap jeete iPhone 15. Claim: http://phish-site.com,spam,general_spam,1,0.22,0.05,Hinglish,0.84
आपका Spotify सब्सक्रिप्शन जल्द खत्म। नवीनीकरण करें,promo,general_promo,0,0.58,1.0,Hindi,0.41
Don't forget about dinner tomorrow at 11:49,ham,personal,0,0.99,1.0,English,0.04
Your Spotify subscription expired. Update payment: http://phish-site.com,spam,general_spam,1,0.13,0.1,English,0.74
Flash sale! smartphone par 60% off. Shopping: http://secure-site.com,promo,promotional_offers,1,0.69,0.85,Hinglish,0.51
ನಿಮ್ಮ Netflix ಚಂದಾದಾರಿಕೆ ಶೀಘ್ರದಲ್ಲೇ ಮುಗಿಯುತ್ತದೆ. ನವೀಕರಿಸಿ,promo,general_promo,0,0.57,1.0,Kannada,0.34
Did you finish the presentation?,ham,personal,0,0.96,1.0,English,0.09
"Hey, are we meeting for dinner today? Let me know",ham,personal,0,0.84,1.0,English,0.11
URGENT: Your Axis account suspended. Verify now: http://phish-site.com,spam,financial_scams,1,0.11,0.07,English,0.76
Don't forget about dinner tomorrow at 8:39,ham,personal,0,0.81,1.0,English,0.28
ನಾಳೆ dinner ಮರೆಯಬೇಡಿ. ಸಮಯ 4:49,ham,personal,0,0.81,1.0,Kannada,0.26
ಸೀಮಿತ ಸಮಯ: 1 ಖರೀದಿ 1 ಉಚಿತ. ಕೋಡ್ SAVE37,promo,general_promo,0,0.54,1.0,Kannada,0.32
Badhai ho! Aap jeete car. Claim: http://phish-site.com,spam,general_spam,1,0.17,0.09,Hinglish,0.86
ಉಚಿತವಾಗಿದ್ದರೆ ಕರೆ ಮಾಡಿ,ham,personal,0,0.82,1.0,Kannada,0.25
What time is your meeting?,ham,personal,0,0.81,1.0,English,0.05
Limited time: Buy 1 Get 1 Free on electronics. Code: SAVE35,promo,general_promo,0,0.75,1.0,English,0.32
Aapka Netflix subscription jald khatam. Renew karo,promo,service_updates,0,0.64,1.0,Hinglish,0.58
"Hey, kal dinner ke liye mil rahe? Time batao",ham,personal,0,0.96,1.0,Hinglish,0.02
Limited time: 1 kharido 1 free. Code SAVE43,promo,general_promo,0,0.6,1.0,Hinglish,0.5
Thanks for your help with study,ham,personal,0,0.87,1.0,English,0.21
Loan approved! Get ₹50000 instantly. No documents. Reply YES,spam,financial_scams,0,0.27,1.0,English,0.73
Flash sale! smartphone par 50% off. Shopping: http://secure-site.com,promo,promotional_offers,1,0.57,0.84,Hinglish,0.56
Thanks for your help with work,ham,personal,0,0.86,1.0,English,0.21
Special offer: watch at 20% discount,promo,promotional_offers,0,0.58,1.0,English,0.56
Birthday treat: 60% off for you!,promo,general_promo,0,0.64,1.0,English,0.32
Sarkari yojana: ₹25000 har mahine. YES bhejo,spam,general_spam,0,0.01,1.0,Hinglish,0.94
"22 ನಿಮಿಷ ತಡವಾಗಿ, ಟ್ರಾಫಿಕ್ನಲ್ಲಿ",ham,personal,0,0.96,1.0,Kannada,0.07
Flash sale! smartphone par 60% off. Shopping: http://secure-site.com,promo,promotional_offers,1,0.75,0.72,Hinglish,0.43
ಸ್ಟೋರ್ನಿಂದ medicine ತೆಗೆದುಕೊಳ್ಳಿ,ham,personal,0,0.97,1.0,Kannada,0.11
आज appointment कब है?,ham,service_updates,0,0.91,1.0,Hindi,0.01
ऋण स्वीकृत! ₹5000 मिल रहा। कोई कागजात नहीं। YES जवाब दें,spam,general_spam,0,0.28,1.0,Hindi,0.86
"ಹೇ, ನಾಳೆ meeting ಗೆ ಭೇಟಿ ಮಾಡುತ್ತಿದ್ದೀರಾ? ಸಮಯ ತಿಳಿಸಿ",ham,personal,0,0.87,1.0,Kannada,0.14
Kal lunch ka mat bhoolna. Time 2:01,ham,personal,0,0.95,1.0,Hinglish,0.21
Badhai ho! Aap jeete car. Claim: http://phish-site.com,spam,general_spam,1,0.22,0.12,Hinglish,0.91
सीमित समय: 1 खरीदो 1 मुफ्त। कोड SAVE21,promo,general_promo,0,0.69,1.0,Hindi,0.39
Aaj meeting kab hai?,ham,personal,0,0.97,1.0,Hinglish,0.23
Special offer: 70% discount,promo,promotional_offers,0,0.51,1.0,Hinglish,0.53
Government scheme: Get ₹5000 monthly. Send YES,spam,general_spam,0,0.13,1.0,English,0.94
Refer a friend & get ₹5000 off,promo,general_promo,0,0.62,1.0,English,0.36
जल्दी! आपका ICICI खाता निलंबित। सत्यापित करें: http://phish-site.com,spam,general_spam,1,0.03,0.19,Hindi,0.77
Don't forget about meeting tomorrow at 12:40,ham,personal,0,0.93,1.0,English,0.03
Meeting rescheduled to 6:49,ham,personal,0,0.94,1.0,English,0.09
Free ho toh call karna,ham,personal,0,0.81,1.0,Hinglish,0.15
कल meeting का मत भूलना। समय 3:37,ham,personal,0,0.93,1.0,Hindi,0.19
"Hey, kal dinner ke liye mil rahe? Time batao",ham,personal,0,0.89,1.0,Hinglish,0.26
Badhai ho! Aap jeete MacBook. Claim: http://phish-site.com,spam,general_spam,1,0.28,0.17,Hinglish,0.97
"Hey, kal dinner ke liye mil rahe? Time batao",ham,personal,0,0.86,1.0,Hinglish,0.26
Aapka Spotify subscription jald khatam. Renew karo,promo,service_updates,0,0.72,1.0,Hinglish,0.32
Working from home today,ham,personal,0,0.93,1.0,English,0.18
Jaldi! Aapka Axis account suspend. Verify: http://phish-site.com,spam,financial_scams,1,0.22,0.14,Hinglish,0.97
Sarkari yojana: ₹25000 har mahine. YES bhejo,spam,general_spam,0,0.1,1.0,Hinglish,0.71
Did you finish the presentation?,ham,personal,0,0.84,1.0,English,0.01
"Your number won ₹50,000. Click to claim: http://phish-site.com",spam,prize_scams,1,0.11,0.1,English,0.94
See you at cafe,ham,personal,0,0.94,1.0,English,0.19
URGENT: Your Axis account suspended. Verify now: http://phish-site.com,spam,financial_scams,1,0.16,0.18,English,0.77
CONGRATULATIONS! You won car. Claim: http://phish-site.com,spam,prize_scams,1,0.08,0.04,English,0.89
SECURITY ALERT: Suspicious login detected. Secure account: http://phish-site.com,spam,financial_scams,1,0.06,0.1,English,0.73
Your package delivery failed. Confirm address: http://phish-site.com,spam,general_spam,1,0.12,0.2,English,0.92
See you at mall,ham,personal,0,0.85,1.0,English,0.14
"Badhai ho! Aap jeete ₹50,000. Claim: http://phish-site.com",spam,general_spam,1,0.18,0.04,Hinglish,0.9
ಸರ್ಕಾರಿ ಯೋಜನೆ: ₹50000 ಪ್ರತಿ ತಿಂಗಳು. YES ಕಳುಹಿಸಿ,spam,general_spam,0,0.08,1.0,Kannada,0.86
ನಿಮ್ಮ Netflix ಚಂದಾದಾರಿಕೆ ಶೀಘ್ರದಲ್ಲೇ ಮುಗಿಯುತ್ತದೆ. ನವೀಕರಿಸಿ,promo,general_promo,0,0.63,1.0,Kannada,0.54
What time is your appointment?,ham,service_updates,0,0.83,1.0,English,0.16
"Your number won ₹50,000. Click to claim: http://phish-site.com",spam,prize_scams,1,0.26,0.02,English,0.77
Special offer: 50% discount,promo,promotional_offers,0,0.54,1.0,Hinglish,0.45
फ्री हो तो कॉल करना,ham,personal,0,0.88,1.0,Hindi,0.17
Your UPI will be deactivated. Verify now: http://phish-site.com,spam,phishing_scams,1,0.09,0.0,English,0.83
Weekend special: Extra 50% off. Shop: http://secure-site.com,promo,general_promo,1,0.52,0.86,English,0.59
See you at mall,ham,personal,0,0.99,1.0,English,0.27
Your number won MacBook. Click to claim: http://phish-site.com,spam,prize_scams,1,0.24,0.09,English,0.87
Doctor appointment confirmed for 9:20,ham,service_updates,0,0.99,1.0,English,0.07
Jaldi! Aapka Axis account suspend. Verify: http://phish-site.com,spam,financial_scams,1,0.07,0.04,Hinglish,0.9
बधाई! आपने car जीता। दावा करें: http://phish-site.com,spam,general_spam,1,0.17,0.1,Hindi,0.74
ಸೀಮಿತ ಸಮಯ: 1 ಖರೀದಿ 1 ಉಚಿತ. ಕೋಡ್ SAVE24,promo,general_promo,0,0.69,1.0,Kannada,0.49
Get 15% cashback on credit card spends,promo,general_promo,0,0.53,1.0,English,0.59
"Hey, are we meeting for lunch today? Let me know",ham,personal,0,0.9,1.0,English,0.18
Aadhaar verification failed. Update immediately: http://phish-site.com,spam,general_spam,1,0.07,0.03,English,0.91
Your device has virus. Download antivirus: http://phish-site.com,spam,general_spam,1,0.04,0.11,English,0.96
Your Netflix subscription expired. Update payment: http://phish-site.com,spam,general_spam,1,0.22,0.11,English,0.91
सरकारी योजना: ₹5000 हर महीने। YES भेजें,spam,general_spam,0,0.2,1.0,Hindi,0.98
Aaj flight kab hai?,ham,personal,0,0.98,1.0,Hinglish,0.03
ऋण स्वीकृत! ₹50000 मिल रहा। कोई कागजात नहीं। YES जवाब दें,spam,general_spam,0,0.16,1.0,Hindi,0.89
Government scheme: Get ₹5000 monthly. Send YES,spam,general_spam,0,0.1,1.0,English,0.86
Government scheme: Get ₹10000 monthly. Send YES,spam,general_spam,0,0.02,1.0,English,0.78
"Your number won ₹50,000. Click to claim: http://phish-site.com",spam,prize_scams,1,0.08,0.1,English,0.73
Happy birthday! 🎉 See you tonight!,ham,personal,0,0.89,1.0,English,0.04
Meeting rescheduled to 9:16,ham,personal,0,0.96,1.0,English,0.05
Happy birthday! 🎉 See you tonight!,ham,personal,0,0.99,1.0,English,0.17
सीमित समय: 1 खरीदो 1 मुफ्त। कोड SAVE45,promo,general_promo,0,0.65,1.0,Hindi,0.42
Work from home: Earn ₹10000 daily. No experience. Reply YES,spam,general_spam,0,0.08,1.0,English,0.77
Work from home: Earn ₹5000 daily. No experience. Reply YES,spam,general_spam,0,0.04,1.0,English,0.77
Can you pick up milk from the store?,ham,personal,0,0.87,1.0,English,0.09
Your package delivery failed. Confirm address: http://phish-site.com,spam,general_spam,1,0.17,0.14,English,0.78
Get 5% cashback on credit card spends,promo,general_promo,0,0.64,1.0,English,0.47
"15 minute late, traffic mein",ham,personal,0,0.95,1.0,Hinglish,0.2
Seasonal sale: Prices slashed by 70%,promo,promotional_offers,0,0.73,1.0,English,0.5
Can you pick up medicine from the store?,ham,personal,0,0.85,1.0,English,0.25
Package will be delivered today between 4-8,ham,personal,0,0.81,1.0,English,0.27
Credit card par 5% cashback,promo,general_promo,0,0.63,1.0,Hinglish,0.33
Birthday treat: 30% off for you!,promo,general_promo,0,0.76,1.0,English,0.36
"19 minute late, traffic mein",ham,personal,0,0.89,1.0,Hinglish,0.1
Alert: Aapke account mein suspicious activity. Call +91-7484257515,spam,financial_scams,0,0.27,1.0,Hinglish,0.7
आज meeting कब है?,ham,personal,0,0.82,1.0,Hindi,0.14
"Your number won ₹50,000. Click to claim: http://phish-site.com",spam,prize_scams,1,0.25,0.14,English,0.92
Store se milk le aana,ham,personal,0,0.87,1.0,Hinglish,0.24
Call me when you're free,ham,personal,0,0.97,1.0,English,0.14
Aapka Spotify subscription jald khatam. Renew karo,promo,service_updates,0,0.54,1.0,Hinglish,0.5
जल्दी! आपका HDFC खाता निलंबित। सत्यापित करें: http://phish-site.com,spam,general_spam,1,0.13,0.01,Hindi,0.83
Limited time: Buy 1 Get 1 Free on electronics. Code: SAVE37,promo,general_promo,0,0.72,1.0,English,0.34
SECURITY ALERT: Suspicious login detected. Secure account: http://phish-site.com,spam,financial_scams,1,0.19,0.05,English,0.84
URGENT: Your Axis account suspended. Verify now: http://phish-site.com,spam,financial_scams,1,0.17,0.16,English,0.71
Package will be delivered today between 10-7,ham,personal,0,0.86,1.0,English,0.02
Work from home: Earn ₹10000 daily. No experience. Reply YES,spam,general_spam,0,0.23,1.0,English,0.71
Early access: New arrivals now live,promo,general_promo,0,0.63,1.0,English,0.44
Refer a friend & get ₹5000 off,promo,general_promo,0,0.7,1.0,English,0.47
Refer a friend & get ₹10000 off,promo,general_promo,0,0.74,1.0,English,0.47
Exclusive deal for you: 70% off,promo,general_promo,0,0.79,1.0,English,0.48
ಸರ್ಕಾರಿ ಯೋಜನೆ: ₹10000 ಪ್ರತಿ ತಿಂಗಳು. YES ಕಳುಹಿಸಿ,spam,general_spam,0,0.24,1.0,Kannada,0.72
ಸೀಮಿತ ಸಮಯ: 1 ಖರೀದಿ 1 ಉಚಿತ. ಕೋಡ್ SAVE47,promo,general_promo,0,0.57,1.0,Kannada,0.53
Aaj appointment kab hai?,ham,service_updates,0,0.99,1.0,Hinglish,0.2
"Hey, are we meeting for lunch today? Let me know",ham,personal,0,0.81,1.0,English,0.28
Working from home today,ham,personal,0,0.98,1.0,English,0.07
ಎಚ್ಚರಿಕೆ: ನಿಮ್ಮ ಖಾತೆಯಲ್ಲಿ ಸಂಶಯಾಸ್ಪದ ಚಟುವಟಿಕೆ. ಕಾಲ್ +91-9837797961,spam,general_spam,0,0.16,1.0,Kannada,0.73
Alert: Aapke account mein suspicious activity. Call +91-8839269216,spam,financial_scams,0,0.12,1.0,Hinglish,0.75
Free shipping on orders above ₹5000,promo,general_promo,0,0.61,1.0,English,0.51
Birthday treat: 40% off for you!,promo,general_promo,0,0.76,1.0,English,0.58
Birthday treat: 20% off for you!,promo,general_promo,0,0.59,1.0,English,0.38
"37 minute late, traffic mein",ham,personal,0,0.95,1.0,Hinglish,0.09
Package will be delivered today between 2-6,ham,personal,0,0.9,1.0,English,0.24
बधाई! आपने iPhone 15 जीता। दावा करें: http://phish-site.com,spam,general_spam,1,0.13,0.17,Hindi,0.81
ನಾಳೆ meeting ಮರೆಯಬೇಡಿ. ಸಮಯ 12:22,ham,personal,0,0.82,1.0,Kannada,0.06
Seasonal sale: Prices slashed by 20%,promo,promotional_offers,0,0.52,1.0,English,0.59
आज flight कब है?,ham,personal,0,0.85,1.0,Hindi,0.26
जल्दी! आपका Axis खाता निलंबित। सत्यापित करें: http://phish-site.com,spam,general_spam,1,0.04,0.2,Hindi,0.73
Your number won iPhone 15. Click to claim: http://phish-site.com,spam,prize_scams,1,0.04,0.13,English,0.91
बधाई! आपने car जीता। दावा करें: http://phish-site.com,spam,general_spam,1,0.24,0.04,Hindi,0.82
Your UPI will be deactivated. Verify now: http://phish-site.com,spam,phishing_scams,1,0.26,0.15,English,0.78
Limited time: Buy 1 Get 1 Free on fashion. Code: SAVE14,promo,general_promo,0,0.55,1.0,English,0.58
"Hey, are we meeting for dinner today? Let me know",ham,personal,0,0.9,1.0,English,0.17
"Running 33 minutes late, stuck in traffic",ham,personal,0,0.98,1.0,English,0.02
"11 मिनट लेट, ट्रैफिक में",ham,personal,0,0.98,1.0,Hindi,0.27
SECURITY ALERT: Suspicious login detected. Secure account: http://phish-site.com,spam,financial_scams,1,0.09,0.04,English,0.86
Don't forget about meeting tomorrow at 1:57,ham,personal,0,0.91,1.0,English,0.15
Clearance sale: Limited stock available,promo,promotional_offers,0,0.57,1.0,English,0.35
FLASH SALE: 20% OFF on watch. Shop now: http://secure-site.com,promo,promotional_offers,1,0.79,0.79,English,0.41
"हे, कल meeting के लिए मिल रहे? समय बताओ",ham,personal,0,0.95,1.0,Hindi,0.04
"Hey, kal meeting ke liye mil rahe? Time batao",ham,personal,0,0.97,1.0,Hinglish,0.24
"Running 23 minutes late, stuck in traffic",ham,personal,0,0.8,1.0,English,0.28
Free shipping on orders above ₹5000,promo,general_promo,0,0.58,1.0,English,0.54
FLASH SALE: 40% OFF on laptop. Shop now: http://secure-site.com,promo,promotional_offers,1,0.55,0.76,English,0.53
Can you pick up milk from the store?,ham,personal,0,0.96,1.0,English,0.0
ಅಭಿನಂದನೆಗಳು! ನೀವು iPhone 15 ಗೆದ್ದಿದ್ದೀರಿ. ಕ್ಲೈಮ್: http://phish-site.com,spam,general_spam,1,0.17,0.18,Kannada,0.75
New watch collection launched! Use code SAVE10,promo,general_promo,0,0.76,1.0,English,0.38
Meeting rescheduled to 10:01,ham,personal,0,0.93,1.0,English,0.12
Aapka Amazon Prime subscription jald khatam. Renew karo,promo,service_updates,0,0.73,1.0,Hinglish,0.4
Happy birthday! 🎉 See you tonight!,ham,personal,0,0.82,1.0,English,0.18
You are selected for ₹10000 cash prize. Call +91-7141919615,spam,prize_scams,0,0.21,1.0,English,0.78
Working from home today,ham,personal,0,0.93,1.0,English,0.03
URGENT: Your ICICI account suspended. Verify now: http://phish-site.com,spam,financial_scams,1,0.07,0.17,English,0.91
Clearance sale: Limited stock available,promo,promotional_offers,0,0.53,1.0,English,0.4
Call me when you're free,ham,personal,0,1.0,1.0,English,0.27
"Running 11 minutes late, stuck in traffic",ham,personal,0,0.95,1.0,English,0.01
"Hey, are we meeting for lunch today? Let me know",ham,personal,0,0.94,1.0,English,0.19
ಫ್ಲಾಶ್ ಸೇಲ್! smartphone ನಲ್ಲಿ 30% ರಿಯಾಯಿತಿ. ಶಾಪಿಂಗ್: http://secure-site.com,promo,general_promo,1,0.63,0.8,Kannada,0.6
"हे, कल dinner के लिए मिल रहे? समय बताओ",ham,personal,0,0.82,1.0,Hindi,0.05
स्टोर से milk ले आना,ham,personal,0,0.9,1.0,Hindi,0.02
Working from home today,ham,personal,0,0.96,1.0,English,0.09
See you at office,ham,personal,0,1.0,1.0,English,0.14
Call me when you're free,ham,personal,0,0.81,1.0,English,0.06
Aadhaar verification failed. Update immediately: http://phish-site.com,spam,general_spam,1,0.15,0.01,English,0.94
सीमित समय: 1 खरीदो 1 मुफ्त। कोड SAVE28,promo,general_promo,0,0.68,1.0,Hindi,0.31
ಇಂದು flight ಯಾವಾಗ?,ham,personal,0,0.93,1.0,Kannada,0.15
Tax refund of ₹10000 approved. Claim: http://phish-site.com,spam,general_spam,1,0.06,0.14,English,0.89
Credit card par 15% cashback,promo,general_promo,0,0.62,1.0,Hinglish,0.33
Thanks for your help with work,ham,personal,0,0.82,1.0,English,0.14
Bank error: Extra ₹5000 credited. Verify: http://phish-site.com,spam,financial_scams,1,0.19,0.1,English,0.81
Your UPI will be deactivated. Verify now: http://phish-site.com,spam,phishing_scams,1,0.1,0.08,English,0.73
Package will be delivered today between 1-3,ham,personal,0,0.97,1.0,English,0.03
ऋण स्वीकृत! ₹10000 मिल रहा। कोई कागजात नहीं। YES जवाब दें,spam,general_spam,0,0.22,1.0,Hindi,0.81
विशेष ऑफर: 70% छूट,promo,general_promo,0,0.57,1.0,Hindi,0.34
Alert: Aapke account mein suspicious activity. Call +91-7520893861,spam,financial_scams,0,0.21,1.0,Hinglish,0.77
Thanks for your help with work,ham,personal,0,0.96,1.0,English,0.18
सीमित समय: 1 खरीदो 1 मुफ्त। कोड SAVE49,promo,general_promo,0,0.63,1.0,Hindi,0.45
Get 5% cashback on credit card spends,promo,general_promo,0,0.57,1.0,English,0.42
Aapka Spotify subscription jald khatam. Renew karo,promo,service_updates,0,0.77,1.0,Hinglish,0.33
Flash sale! watch par 50% off. Shopping: http://secure-site.com,promo,promotional_offers,1,0.56,0.77,Hinglish,0.39
Alert: Aapke account mein suspicious activity. Call +91-7138086224,spam,financial_scams,0,0.18,1.0,Hinglish,0.86
ಕ್ರೆಡಿಟ್ ಕಾರ್ಡ್ನಲ್ಲಿ 15% ಕ್ಯಾಶ್‌ಬ್ಯಾಕ್,promo,general_promo,0,0.63,1.0,Kannada,0.44
Refer a friend & get ₹10000 off,promo,general_promo,0,0.6,1.0,English,0.43
जल्दी! आपका ICICI खाता निलंबित। सत्यापित करें: http://phish-site.com,spam,general_spam,1,0.1,0.02,Hindi,0.72
Don't forget about meeting tomorrow at 12:35,ham,personal,0,0.94,1.0,English,0.08
Loan approve! ₹5000 mil raha. Documents nahi. Reply YES,spam,financial_scams,0,0.19,1.0,Hinglish,0.84
"Hey, kal dinner ke liye mil rahe? Time batao",ham,personal,0,0.95,1.0,Hinglish,0.24
Did you finish the report?,ham,personal,0,0.95,1.0,English,0.05
URGENT: Your ICICI account suspended. Verify now: http://phish-site.com,spam,financial_scams,1,0.29,0.2,English,0.79
Tax refund of ₹25000 approved. Claim: http://phish-site.com,spam,general_spam,1,0.28,0.19,English,0.79
Tax refund of ₹25000 approved. Claim: http://phish-site.com,spam,general_spam,1,0.21,0.16,English,0.79
Your device has virus. Download antivirus: http://phish-site.com,spam,general_spam,1,0.22,0.01,English,0.8
जल्दी! आपका SBI खाता निलंबित। सत्यापित करें: http://phish-site.com,spam,general_spam,1,0.01,0.1,Hindi,0.72
"32 मिनट लेट, ट्रैफिक में",ham,personal,0,0.96,1.0,Hindi,0.04
"Running 19 minutes late, stuck in traffic",ham,personal,0,0.87,1.0,English,0.04
Store se bread le aana,ham,personal,0,0.91,1.0,Hinglish,0.22
Sarkari yojana: ₹25000 har mahine. YES bhejo,spam,general_spam,0,0.27,1.0,Hinglish,0.8
Your package delivery failed. Confirm address: http://phish-site.com,spam,general_spam,1,0.08,0.16,English,0.8
Free ho toh call karna,ham,personal,0,0.86,1.0,Hinglish,0.13
You are selected for ₹5000 cash prize. Call +91-7769142244,spam,prize_scams,0,0.2,1.0,English,0.94
Credit card par 5% cashback,promo,general_promo,0,0.78,1.0,Hinglish,0.43
Don't forget about meeting tomorrow at 9:39,ham,personal,0,0.85,1.0,English,0.21
Did you finish the project?,ham,personal,0,0.85,1.0,English,0.3
Happy birthday! 🎉 See you tonight!,ham,personal,0,0.87,1.0,English,0.21
सरकारी योजना: ₹25000 हर महीने। YES भेजें,spam,general_spam,0,0.24,1.0,Hindi,0.77
Your device has virus. Download antivirus: http://phish-site.com,spam,general_spam,1,0.05,0.05,English,0.91
बधाई! आपने iPhone 15 जीता। दावा करें: http://phish-site.com,spam,general_spam,1,0.2,0.1,Hindi,0.78
ಉಚಿತವಾಗಿದ್ದರೆ ಕರೆ ಮಾಡಿ,ham,personal,0,0.86,1.0,Kannada,0.21
"Running 7 minutes late, stuck in traffic",ham,personal,0,0.9,1.0,English,0.24
See you at mall,ham,personal,0,0.83,1.0,English,0.18
Get 5% cashback on credit card spends,promo,general_promo,0,0.72,1.0,English,0.36
ಇಂದು meeting ಯಾವಾಗ?,ham,personal,0,0.9,1.0,Kannada,0.13
Store se medicine le aana,ham,personal,0,0.93,1.0,Hinglish,0.18
Your device has virus. Download antivirus: http://phish-site.com,spam,general_spam,1,0.16,0.18,English,0.88
ತ್ವರಿತ! ನಿಮ್ಮ ICICI ಖಾತೆ ನಿಲ್ಲಿಸಲಾಗಿದೆ. ಧೃಡೀಕರಿಸಿ: http://phish-site.com,spam,general_spam,1,0.18,0.19,Kannada,0.9
Your OTP is 942109. Do not share,ham,service_updates,0,0.82,1.0,English,0.08
Kal lunch ka mat bhoolna. Time 6:49,ham,personal,0,0.98,1.0,Hinglish,0.12
"22 मिनट लेट, ट्रैफिक में",ham,personal,0,0.81,1.0,Hindi,0.09
ಸರ್ಕಾರಿ ಯೋಜನೆ: ₹25000 ಪ್ರತಿ ತಿಂಗಳು. YES ಕಳುಹಿಸಿ,spam,general_spam,0,0.2,1.0,Kannada,0.96
Don't forget about lunch tomorrow at 11:23,ham,personal,0,0.92,1.0,English,0.15
जल्दी! आपका ICICI खाता निलंबित। सत्यापित करें: http://phish-site.com,spam,general_spam,1,0.28,0.06,Hindi,0.85
जल्दी! आपका SBI खाता निलंबित। सत्यापित करें: http://phish-site.com,spam,general_spam,1,0.15,0.19,Hindi,0.75
Loan approved! Get ₹5000 instantly. No documents. Reply YES,spam,financial_scams,0,0.05,1.0,English,0.83
Your device has virus. Download antivirus: http://phish-site.com,spam,general_spam,1,0.14,0.0,English,0.78
Your device has virus. Download antivirus: http://phish-site.com,spam,general_spam,1,0.16,0.06,English,0.71
Did you finish the project?,ham,personal,0,0.86,1.0,English,0.27
आज flight कब है?,ham,personal,0,0.94,1.0,Hindi,0.08
Refer a friend & get ₹25000 off,promo,general_promo,0,0.52,1.0,English,0.4
Package will be delivered today between 12-10,ham,personal,0,0.94,1.0,English,0.15
"38 मिनट लेट, ट्रैफिक में",ham,personal,0,0.93,1.0,Hindi,0.12
Aadhaar verification failed. Update immediately: http://phish-site.com,spam,general_spam,1,0.14,0.02,English,0.75
Loan approve! ₹10000 mil raha. Documents nahi. Reply YES,spam,financial_scams,0,0.02,1.0,Hinglish,0.92
ಸ್ಟೋರ್ನಿಂದ bread ತೆಗೆದುಕೊಳ್ಳಿ,ham,personal,0,0.83,1.0,Kannada,0.09
"बधाई! आपने ₹50,000 जीता। दावा करें: http://phish-site.com",spam,general_spam,1,0.01,0.08,Hindi,0.81
"हे, कल lunch के लिए मिल रहे? समय बताओ",ham,personal,0,0.85,1.0,Hindi,0.23
Bank error: Extra ₹25000 credited. Verify: http://phish-site.com,spam,financial_scams,1,0.06,0.05,English,0.76
"Hey, are we meeting for dinner today? Let me know",ham,personal,0,0.9,1.0,English,0.05
Your OTP is 597680. Do not share,ham,service_updates,0,0.88,1.0,English,0.14
Work from home: Earn ₹25000 daily. No experience. Reply YES,spam,general_spam,0,0.21,1.0,English,1.0
Jaldi! Aapka SBI account suspend. Verify: http://phish-site.com,spam,financial_scams,1,0.1,0.05,Hinglish,0.73
Jaldi! Aapka ICICI account suspend. Verify: http://phish-site.com,spam,financial_scams,1,0.0,0.03,Hinglish,0.7
फ्लैश सेल! headphones पर 40% छूट। खरीदारी: http://secure-site.com,promo,general_promo,1,0.7,0.83,Hindi,0.46
"हे, कल meeting के लिए मिल रहे? समय बताओ",ham,personal,0,0.89,1.0,Hindi,0.18
फ्री हो तो कॉल करना,ham,personal,0,0.95,1.0,Hindi,0.09
"Hey, kal meeting ke liye mil rahe? Time batao",ham,personal,0,0.81,1.0,Hinglish,0.27
Jaldi! Aapka HDFC account suspend. Verify: http://phish-site.com,spam,financial_scams,1,0.28,0.15,Hinglish,0.73
Your OTP is 755651. Do not share,ham,service_updates,0,0.96,1.0,English,0.04
Store se milk le aana,ham,personal,0,0.96,1.0,Hinglish,0.15
Working from home today,ham,personal,0,0.86,1.0,English,0.05
"Hey, kal meeting ke liye mil rahe? Time batao",ham,personal,0,0.89,1.0,Hinglish,0.2
Aapka Spotify subscription jald khatam. Renew karo,promo,service_updates,0,0.6,1.0,Hinglish,0.42
सरकारी योजना: ₹50000 हर महीने। YES भेजें,spam,general_spam,0,0.19,1.0,Hindi,0.81
Jaldi! Aapka SBI account suspend. Verify: http://phish-site.com,spam,financial_scams,1,0.11,0.19,Hinglish,0.72
Credit card par 5% cashback,promo,general_promo,0,0.71,1.0,Hinglish,0.31
सीमित समय: 1 खरीदो 1 मुफ्त। कोड SAVE20,promo,general_promo,0,0.64,1.0,Hindi,0.54
ವಿಶೇಷ ಆಫರ್: 40% ರಿಯಾಯಿತಿ,promo,general_promo,0,0.51,1.0,Kannada,0.47
Limited time: 1 kharido 1 free. Code SAVE17,promo,general_promo,0,0.59,1.0,Hinglish,0.47
Exclusive deal for you: 60% off,promo,general_promo,0,0.59,1.0,English,0.56
See you at cafe,ham,personal,0,0.83,1.0,English,0.0
Government scheme: Get ₹5000 monthly. Send YES,spam,general_spam,0,0.17,1.0,English,0.78
What time is your flight?,ham,personal,0,0.98,1.0,English,0.29
Early access: New arrivals now live,promo,general_promo,0,0.65,1.0,English,0.46
"36 minute late, traffic mein",ham,personal,0,0.97,1.0,Hinglish,0.01
फ्री हो तो कॉल करना,ham,personal,0,0.99,1.0,Hindi,0.29
Loan approve! ₹10000 mil raha. Documents nahi. Reply YES,spam,financial_scams,0,0.04,1.0,Hinglish,0.8
Happy birthday! 🎉 See you tonight!,ham,personal,0,0.87,1.0,English,0.07
Flash sale! laptop par 30% off. Shopping: http://secure-site.com,promo,promotional_offers,1,0.73,0.83,Hinglish,0.32
आपका Amazon Prime सब्सक्रिप्शन जल्द खत्म। नवीनीकरण करें,promo,general_promo,0,0.74,1.0,Hindi,0.39
फ्री हो तो कॉल करना,ham,personal,0,0.81,1.0,Hindi,0.02
Package will be delivered today between 3-4,ham,personal,0,0.95,1.0,English,0.07
Kal dinner ka mat bhoolna. Time 11:51,ham,personal,0,0.87,1.0,Hinglish,0.08
Limited time: 1 kharido 1 free. Code SAVE41,promo,general_promo,0,0.77,1.0,Hinglish,0.35
Limited time: 1 kharido 1 free. Code SAVE48,promo,general_promo,0,0.75,1.0,Hinglish,0.39
Credit card par 15% cashback,promo,general_promo,0,0.54,1.0,Hinglish,0.53
Jaldi! Aapka HDFC account suspend. Verify: http://phish-site.com,spam,financial_scams,1,0.29,0.1,Hinglish,0.84
Thanks for your help with study,ham,personal,0,0.87,1.0,English,0.14
See you at mall,ham,personal,0,0.8,1.0,English,0.12
आज flight कब है?,ham,personal,0,0.95,1.0,Hindi,0.13
"14 minute late, traffic mein",ham,personal,0,0.91,1.0,Hinglish,0.15
"ಹೇ, ನಾಳೆ meeting ಗೆ ಭೇಟಿ ಮಾಡುತ್ತಿದ್ದೀರಾ? ಸಮಯ ತಿಳಿಸಿ",ham,personal,0,0.98,1.0,Kannada,0.03
Your OTP is 255844. Do not share,ham,service_updates,0,0.96,1.0,English,0.13
बधाई! आपने car जीता। दावा करें: http://phish-site.com,spam,general_spam,1,0.15,0.01,Hindi,0.81
Store se medicine le aana,ham,personal,0,0.85,1.0,Hinglish,0.18
Aaj appointment kab hai?,ham,service_updates,0,0.87,1.0,Hinglish,0.15
Your Spotify subscription expired. Update payment: http://phish-site.com,spam,general_spam,1,0.02,0.08,English,0.71
Your Amazon Prime subscription expiring soon. Renew now,promo,service_updates,0,0.61,1.0,English,0.36
Package will be delivered today between 12-11,ham,personal,0,0.85,1.0,English,0.25
Limited time: 1 kharido 1 free. Code SAVE50,promo,general_promo,0,0.62,1.0,Hinglish,0.59
फ्री हो तो कॉल करना,ham,personal,0,0.81,1.0,Hindi,0.17
Can you pick up bread from the store?,ham,personal,0,0.98,1.0,English,0.07
ಇಂದು meeting ಯಾವಾಗ?,ham,personal,0,0.8,1.0,Kannada,0.22
Don't forget about meeting tomorrow at 11:37,ham,personal,0,0.84,1.0,English,0.26
"45 minute late, traffic mein",ham,personal,0,0.86,1.0,Hinglish,0.25
कल lunch का मत भूलना। समय 4:15,ham,personal,0,0.91,1.0,Hindi,0.09
Credit card par 15% cashback,promo,general_promo,0,0.73,1.0,Hinglish,0.46
Free ho toh call karna,ham,personal,0,0.98,1.0,Hinglish,0.22
Sarkari yojana: ₹25000 har mahine. YES bhejo,spam,general_spam,0,0.1,1.0,Hinglish,0.98
Special offer: watch at 40% discount,promo,promotional_offers,0,0.77,1.0,English,0.47
"26 minute late, traffic mein",ham,personal,0,0.93,1.0,Hinglish,0.02
Did you finish the assignment?,ham,personal,0,0.85,1.0,English,0.13
जल्दी! आपका ICICI खाता निलंबित। सत्यापित करें: http://phish-site.com,spam,general_spam,1,0.22,0.1,Hindi,0.96
Limited time: 1 kharido 1 free. Code SAVE24,promo,general_promo,0,0.79,1.0,Hinglish,0.59
Clearance sale: Limited stock available,promo,promotional_offers,0,0.59,1.0,English,0.49
"14 मिनट लेट, ट्रैफिक में",ham,personal,0,0.93,1.0,Hindi,0.26
Your Spotify subscription expiring soon. Renew now,promo,service_updates,0,0.79,1.0,English,0.39
ಕ್ರೆಡಿಟ್ ಕಾರ್ಡ್ನಲ್ಲಿ 5% ಕ್ಯಾಶ್‌ಬ್ಯಾಕ್,promo,general_promo,0,0.64,1.0,Kannada,0.37
ಕ್ರೆಡಿಟ್ ಕಾರ್ಡ್ನಲ್ಲಿ 15% ಕ್ಯಾಶ್‌ಬ್ಯಾಕ್,promo,general_promo,0,0.52,1.0,Kannada,0.53
जल्दी! आपका Axis खाता निलंबित। सत्यापित करें: http://phish-site.com,spam,general_spam,1,0.26,0.1,Hindi,0.88
Aadhaar verification failed. Update immediately: http://phish-site.com,spam,general_spam,1,0.26,0.18,English,0.9
Store se bread le aana,ham,personal,0,0.81,1.0,Hinglish,0.2
Jaldi! Aapka Axis account suspend. Verify: http://phish-site.com,spam,financial_scams,1,0.04,0.06,Hinglish,0.86
Package will be delivered today between 10-7,ham,personal,0,0.94,1.0,English,0.26
ನಾಳೆ meeting ಮರೆಯಬೇಡಿ. ಸಮಯ 6:07,ham,personal,0,0.98,1.0,Kannada,0.09
Bank error: Extra ₹50000 credited. Verify: http://phish-site.com,spam,financial_scams,1,0.16,0.1,English,0.79
Seasonal sale: Prices slashed by 30%,promo,promotional_offers,0,0.76,1.0,English,0.39
Weekend special: Extra 30% off. Shop: http://secure-site.com,promo,general_promo,1,0.54,0.88,English,0.54
फ्री हो तो कॉल करना,ham,personal,0,0.94,1.0,Hindi,0.13
Exclusive deal for you: 50% off,promo,general_promo,0,0.72,1.0,English,0.38
स्टोर से medicine ले आना,ham,personal,0,0.84,1.0,Hindi,0.24
Your Spotify subscription expired. Update payment: http://phish-site.com,spam,general_spam,1,0.01,0.17,English,0.89
"29 मिनट लेट, ट्रैफिक में",ham,personal,0,0.94,1.0,Hindi,0.21
Call me when you're free,ham,personal,0,0.87,1.0,English,0.23
आपका Amazon Prime सब्सक्रिप्शन जल्द खत्म। नवीनीकरण करें,promo,general_promo,0,0.75,1.0,Hindi,0.31
See you at mall,ham,personal,0,0.85,1.0,English,0.04
Badhai ho! Aap jeete iPhone 15. Claim: http://phish-site.com,spam,general_spam,1,0.15,0.11,Hinglish,0.72
चेतावनी: आपके खाते में संदिग्ध गतिविधि। कॉल +91-8937451083,spam,general_spam,0,0.16,1.0,Hindi,0.8
Doctor appointment confirmed for 12:08,ham,service_updates,0,0.8,1.0,English,0.05
Meeting rescheduled to 2:21,ham,personal,0,0.91,1.0,English,0.15
Don't forget about meeting tomorrow at 10:05,ham,personal,0,0.95,1.0,English,0.13
"21 minute late, traffic mein",ham,personal,0,0.94,1.0,Hinglish,0.21
SECURITY ALERT: Suspicious login detected. Secure account: http://phish-site.com,spam,financial_scams,1,0.03,0.08,English,0.72
What time is your appointment?,ham,service_updates,0,0.99,1.0,English,0.16
Member exclusive: Extra 30% off,promo,general_promo,0,0.67,1.0,English,0.34
Government scheme: Get ₹5000 monthly. Send YES,spam,general_spam,0,0.29,1.0,English,0.89
Package will be delivered today between 10-12,ham,personal,0,0.8,1.0,English,0.05
Exclusive deal for you: 30% off,promo,general_promo,0,0.68,1.0,English,0.45
Thanks for your help with study,ham,personal,0,0.94,1.0,English,0.14
You are selected for ₹10000 cash prize. Call +91-8283870073,spam,prize_scams,0,0.12,1.0,English,0.96
स्टोर से milk ले आना,ham,personal,0,0.99,1.0,Hindi,0.17
ಅಭಿನಂದನೆಗಳು! ನೀವು iPhone 15 ಗೆದ್ದಿದ್ದೀರಿ. ಕ್ಲೈಮ್: http://phish-site.com,spam,general_spam,1,0.15,0.06,Kannada,0.78
"CONGRATULATIONS! You won ₹50,000. Claim: http://phish-site.com",spam,prize_scams,1,0.23,0.15,English,0.86
"Badhai ho! Aap jeete ₹50,000. Claim: http://phish-site.com",spam,general_spam,1,0.23,0.05,Hinglish,0.92
Your package delivery failed. Confirm address: http://phish-site.com,spam,general_spam,1,0.09,0.01,English,0.97
New headphones collection launched! Use code SAVE18,promo,general_promo,0,0.64,1.0,English,0.31
ನಾಳೆ meeting ಮರೆಯಬೇಡಿ. ಸಮಯ 3:29,ham,personal,0,0.95,1.0,Kannada,0.23
Happy birthday! 🎉 See you tonight!,ham,personal,0,0.86,1.0,English,0.25
Member exclusive: Extra 50% off,promo,general_promo,0,0.51,1.0,English,0.51
Tax refund of ₹5000 approved. Claim: http://phish-site.com,spam,general_spam,1,0.08,0.02,English,0.86
Birthday treat: 50% off for you!,promo,general_promo,0,0.69,1.0,English,0.45
You are selected for ₹10000 cash prize. Call +91-7353385178,spam,prize_scams,0,0.1,1.0,English,0.83
ನಾಳೆ dinner ಮರೆಯಬೇಡಿ. ಸಮಯ 6:46,ham,personal,0,0.89,1.0,Kannada,0.24
Seasonal sale: Prices slashed by 30%,promo,promotional_offers,0,0.66,1.0,English,0.52
Special offer: 50% discount,promo,promotional_offers,0,0.52,1.0,Hinglish,0.49
Credit card par 5% cashback,promo,general_promo,0,0.65,1.0,Hinglish,0.47
Special offer: 20% discount,promo,promotional_offers,0,0.75,1.0,Hinglish,0.33
ಇಂದು meeting ಯಾವಾಗ?,ham,personal,0,0.98,1.0,Kannada,0.14
Badhai ho! Aap jeete iPhone 15. Claim: http://phish-site.com,spam,general_spam,1,0.29,0.13,Hinglish,0.92
Your device has virus. Download antivirus: http://phish-site.com,spam,general_spam,1,0.09,0.13,English,0.7
Special offer: 40% discount,promo,promotional_offers,0,0.51,1.0,Hinglish,0.56
Work from home: Earn ₹50000 daily. No experience. Reply YES,spam,general_spam,0,0.28,1.0,English,0.91
Call me when you're free,ham,personal,0,0.89,1.0,English,0.2
Work from home: Earn ₹5000 daily. No experience. Reply YES,spam,general_spam,0,0.07,1.0,English,0.99
Member exclusive: Extra 40% off,promo,general_promo,0,0.77,1.0,English,0.33
Aadhaar verification failed. Update immediately: http://phish-site.com,spam,general_spam,1,0.19,0.06,English,0.79
Did you finish the project?,ham,personal,0,0.99,1.0,English,0.23
Bank error: Extra ₹10000 credited. Verify: http://phish-site.com,spam,financial_scams,1,0.2,0.15,English,0.78
Aaj meeting kab hai?,ham,personal,0,0.94,1.0,Hinglish,0.29
आज flight कब है?,ham,personal,0,0.9,1.0,Hindi,0.05
Aaj flight kab hai?,ham,personal,0,0.93,1.0,Hinglish,0.12
Alert: Aapke account mein suspicious activity. Call +91-7828638195,spam,financial_scams,0,0.22,1.0,Hinglish,0.96
Credit card par 10% cashback,promo,general_promo,0,0.57,1.0,Hinglish,0.57
Exclusive deal for you: 60% off,promo,general_promo,0,0.73,1.0,English,0.36
Meeting rescheduled to 5:05,ham,personal,0,0.92,1.0,English,0.16
Aadhaar verification failed. Update immediately: http://phish-site.com,spam,general_spam,1,0.14,0.18,English,0.84
Doctor appointment confirmed for 5:21,ham,service_updates,0,0.94,1.0,English,0.26
Your Spotify subscription expiring soon. Renew now,promo,service_updates,0,0.79,1.0,English,0.46
स्टोर से bread ले आना,ham,personal,0,0.81,1.0,Hindi,0.17
Sarkari yojana: ₹5000 har mahine. YES bhejo,spam,general_spam,0,0.22,1.0,Hinglish,0.76
"हे, कल meeting के लिए मिल रहे? समय बताओ",ham,personal,0,0.93,1.0,Hindi,0.19
Meeting rescheduled to 8:14,ham,personal,0,0.98,1.0,English,0.2
क्रेडिट कार्ड पर 10% कैशबैक,promo,general_promo,0,0.5,1.0,Hindi,0.44
"Hey, are we meeting for meeting today? Let me know",ham,personal,0,0.83,1.0,English,0.21
Store se bread le aana,ham,personal,0,0.9,1.0,Hinglish,0.08
जल्दी! आपका Axis खाता निलंबित। सत्यापित करें: http://phish-site.com,spam,general_spam,1,0.04,0.16,Hindi,0.87
Can you pick up bread from the store?,ham,personal,0,0.86,1.0,English,0.07
Working from home today,ham,personal,0,0.97,1.0,English,0.09
Call me when you're free,ham,personal,0,0.93,1.0,English,0.15
Call me when you're free,ham,personal,0,0.98,1.0,English,0.22
Meeting rescheduled to 1:55,ham,personal,0,0.99,1.0,English,0.02
Sarkari yojana: ₹10000 har mahine. YES bhejo,spam,general_spam,0,0.12,1.0,Hinglish,0.75
ಇಂದು meeting ಯಾವಾಗ?,ham,personal,0,0.83,1.0,Kannada,0.23
ऋण स्वीकृत! ₹50000 मिल रहा। कोई कागजात नहीं। YES जवाब दें,spam,general_spam,0,0.04,1.0,Hindi,0.96
What time is your appointment?,ham,service_updates,0,0.91,1.0,English,0.04
Can you pick up medicine from the store?,ham,personal,0,0.98,1.0,English,0.22
Badhai ho! Aap jeete iPhone 15. Claim: http://phish-site.com,spam,general_spam,1,0.18,0.1,Hinglish,0.74
जल्दी! आपका HDFC खाता निलंबित। सत्यापित करें: http://phish-site.com,spam,general_spam,1,0.29,0.12,Hindi,0.74
Credit card par 10% cashback,promo,general_promo,0,0.75,1.0,Hinglish,0.37
बधाई! आपने car जीता। दावा करें: http://phish-site.com,spam,general_spam,1,0.16,0.1,Hindi,0.77
Loan approve! ₹50000 mil raha. Documents nahi. Reply YES,spam,financial_scams,0,0.18,1.0,Hinglish,0.95
Loan approve! ₹25000 mil raha. Documents nahi. Reply YES,spam,financial_scams,0,0.16,1.0,Hinglish,0.98
"Hey, kal meeting ke liye mil rahe? Time batao",ham,personal,0,0.82,1.0,Hinglish,0.02
सरकारी योजना: ₹50000 हर महीने। YES भेजें,spam,general_spam,0,0.24,1.0,Hindi,0.85
"27 ನಿಮಿಷ ತಡವಾಗಿ, ಟ್ರಾಫಿಕ್ನಲ್ಲಿ",ham,personal,0,0.81,1.0,Kannada,0.22
Package will be delivered today between 10-4,ham,personal,0,0.87,1.0,English,0.2
Flash sale! headphones par 50% off. Shopping: http://secure-site.com,promo,promotional_offers,1,0.7,0.75,Hinglish,0.59
कल lunch का मत भूलना। समय 12:08,ham,personal,0,0.91,1.0,Hindi,0.27
ಸರ್ಕಾರಿ ಯೋಜನೆ: ₹10000 ಪ್ರತಿ ತಿಂಗಳು. YES ಕಳುಹಿಸಿ,spam,general_spam,0,0.04,1.0,Kannada,0.9
Meeting rescheduled to 9:54,ham,personal,0,0.97,1.0,English,0.1
Happy birthday! 🎉 See you tonight!,ham,personal,0,0.99,1.0,English,0.06
Free shipping on orders above ₹25000,promo,general_promo,0,0.73,1.0,English,0.34
ತ್ವರಿತ! ನಿಮ್ಮ HDFC ಖಾತೆ ನಿಲ್ಲಿಸಲಾಗಿದೆ. ಧೃಡೀಕರಿಸಿ: http://phish-site.com,spam,general_spam,1,0.02,0.16,Kannada,0.72
"Hey, are we meeting for lunch today? Let me know",ham,personal,0,0.92,1.0,English,0.15
Limited time: 1 kharido 1 free. Code SAVE44,promo,general_promo,0,0.52,1.0,Hinglish,0.35
जल्दी! आपका SBI खाता निलंबित। सत्यापित करें: http://phish-site.com,spam,general_spam,1,0.22,0.0,Hindi,0.99
Jaldi! Aapka ICICI account suspend. Verify: http://phish-site.com,spam,financial_scams,1,0.17,0.16,Hinglish,0.91
Loan approve! ₹5000 mil raha. Documents nahi. Reply YES,spam,financial_scams,0,0.21,1.0,Hinglish,0.95
Refer a friend & get ₹50000 off,promo,general_promo,0,0.56,1.0,English,0.32
ಇಂದು meeting ಯಾವಾಗ?,ham,personal,0,0.91,1.0,Kannada,0.1
Aadhaar verification failed. Update immediately: http://phish-site.com,spam,general_spam,1,0.11,0.14,English,0.92
SECURITY ALERT: Suspicious login detected. Secure account: http://phish-site.com,spam,financial_scams,1,0.09,0.15,English,0.9
Your Netflix subscription expired. Update payment: http://phish-site.com,spam,general_spam,1,0.27,0.03,English,0.77
ಲೋನ್ ಅನುಮೋದಿತ! ₹50000 ಸಿಗುತ್ತಿದೆ. ಯಾವುದೇ ದಾಖಲೆಗಳಿಲ್ಲ. YES ಉತ್ತರಿಸಿ,spam,general_spam,0,0.27,1.0,Kannada,0.89
"26 ನಿಮಿಷ ತಡವಾಗಿ, ಟ್ರಾಫಿಕ್ನಲ್ಲಿ",ham,personal,0,0.97,1.0,Kannada,0.03
Loan approved! Get ₹25000 instantly. No documents. Reply YES,spam,financial_scams,0,0.21,1.0,English,0.72
ವಿಶೇಷ ಆಫರ್: 30% ರಿಯಾಯಿತಿ,promo,general_promo,0,0.66,1.0,Kannada,0.46
Your package delivery failed. Confirm address: http://phish-site.com,spam,general_spam,1,0.23,0.01,English,0.72
Store se medicine le aana,ham,personal,0,0.84,1.0,Hinglish,0.25
ನಿಮ್ಮ Netflix ಚಂದಾದಾರಿಕೆ ಶೀಘ್ರದಲ್ಲೇ ಮುಗಿಯುತ್ತದೆ. ನವೀಕರಿಸಿ,promo,general_promo,0,0.77,1.0,Kannada,0.5
Work from home: Earn ₹25000 daily. No experience. Reply YES,spam,general_spam,0,0.12,1.0,English,0.9
"22 minute late, traffic mein",ham,personal,0,0.99,1.0,Hinglish,0.19
"Hey, are we meeting for lunch today? Let me know",ham,personal,0,0.97,1.0,English,0.05
"Hey, are we meeting for meeting today? Let me know",ham,personal,0,0.85,1.0,English,0.08
Thanks for your help with study,ham,personal,0,0.85,1.0,English,0.26
Limited time: Buy 1 Get 1 Free on home. Code: SAVE33,promo,general_promo,0,0.71,1.0,English,0.36
Bank error: Extra ₹50000 credited. Verify: http://phish-site.com,spam,financial_scams,1,0.05,0.19,English,0.89
Happy birthday! 🎉 See you tonight!,ham,personal,0,0.84,1.0,English,0.18
Happy birthday! 🎉 See you tonight!,ham,personal,0,0.92,1.0,English,0.21
"ಅಭಿನಂದನೆಗಳು! ನೀವು ₹50,000 ಗೆದ್ದಿದ್ದೀರಿ. ಕ್ಲೈಮ್: http://phish-site.com",spam,general_spam,1,0.1,0.01,Kannada,0.81
ಇಂದು meeting ಯಾವಾಗ?,ham,personal,0,0.92,1.0,Kannada,0.07
Flash sale! headphones par 20% off. Shopping: http://secure-site.com,promo,promotional_offers,1,0.62,0.82,Hinglish,0.5
Aaj flight kab hai?,ham,personal,0,0.89,1.0,Hinglish,0.26
जल्दी! आपका Axis खाता निलंबित। सत्यापित करें: http://phish-site.com,spam,general_spam,1,0.18,0.01,Hindi,0.99
Your number won iPhone 15. Click to claim: http://phish-site.com,spam,prize_scams,1,0.15,0.17,English,0.72
ಸರ್ಕಾರಿ ಯೋಜನೆ: ₹5000 ಪ್ರತಿ ತಿಂಗಳು. YES ಕಳುಹಿಸಿ,spam,general_spam,0,0.09,1.0,Kannada,0.98
Special offer: smartphone at 30% discount,promo,promotional_offers,0,0.55,1.0,English,0.31
कल dinner का मत भूलना। समय 11:35,ham,personal,0,0.96,1.0,Hindi,0.25
आपका Netflix सब्सक्रिप्शन जल्द खत्म। नवीनीकरण करें,promo,general_promo,0,0.58,1.0,Hindi,0.43
जल्दी! आपका Axis खाता निलंबित। सत्यापित करें: http://phish-site.com,spam,general_spam,1,0.23,0.1,Hindi,0.72
Early access: New arrivals now live,promo,general_promo,0,0.59,1.0,English,0.37
Flash sale! watch par 60% off. Shopping: http://secure-site.com,promo,promotional_offers,1,0.62,0.89,Hinglish,0.51
Meeting rescheduled to 2:42,ham,personal,0,0.97,1.0,English,0.25
Sarkari yojana: ₹10000 har mahine. YES bhejo,spam,general_spam,0,0.22,1.0,Hinglish,0.71
ऋण स्वीकृत! ₹50000 मिल रहा। कोई कागजात नहीं। YES जवाब दें,spam,general_spam,0,0.11,1.0,Hindi,0.73
ಫ್ಲಾಶ್ ಸೇಲ್! laptop ನಲ್ಲಿ 30% ರಿಯಾಯಿತಿ. ಶಾಪಿಂಗ್: http://secure-site.com,promo,general_promo,1,0.79,0.86,Kannada,0.41
You are selected for ₹25000 cash prize. Call +91-8110175412,spam,prize_scams,0,0.11,1.0,English,1.0
ಅಭಿನಂದನೆಗಳು! ನೀವು car ಗೆದ್ದಿದ್ದೀರಿ. ಕ್ಲೈಮ್: http://phish-site.com,spam,general_spam,1,0.12,0.04,Kannada,0.92
New smartphone collection launched! Use code SAVE28,promo,general_promo,0,0.74,1.0,English,0.59
Don't forget about dinner tomorrow at 12:04,ham,personal,0,0.83,1.0,English,0.06
See you at mall,ham,personal,0,0.98,1.0,English,0.16
Weekend special: Extra 40% off. Shop: http://secure-site.com,promo,general_promo,1,0.78,0.75,English,0.38
ಉಚಿತವಾಗಿದ್ದರೆ ಕರೆ ಮಾಡಿ,ham,personal,0,0.85,1.0,Kannada,0.13
Your UPI will be deactivated. Verify now: http://phish-site.com,spam,phishing_scams,1,0.21,0.13,English,0.96
Weekend special: Extra 70% off. Shop: http://secure-site.com,promo,general_promo,1,0.5,0.75,English,0.33
आज flight कब है?,ham,personal,0,0.88,1.0,Hindi,0.2
Special offer: 40% discount,promo,promotional_offers,0,0.56,1.0,Hinglish,0.38
You are selected for ₹50000 cash prize. Call +91-7765643985,spam,prize_scams,0,0.27,1.0,English,0.91
Meeting rescheduled to 9:04,ham,personal,0,0.91,1.0,English,0.11
कल dinner का मत भूलना। समय 12:20,ham,personal,0,0.86,1.0,Hindi,0.1
"हे, कल lunch के लिए मिल रहे? समय बताओ",ham,personal,0,0.83,1.0,Hindi,0.07
Your OTP is 762270. Do not share,ham,service_updates,0,0.82,1.0,English,0.28
"Hey, kal lunch ke liye mil rahe? Time batao",ham,personal,0,0.81,1.0,Hinglish,0.06
Bank error: Extra ₹5000 credited. Verify: http://phish-site.com,spam,financial_scams,1,0.26,0.09,English,0.73
You are selected for ₹5000 cash prize. Call +91-7536063327,spam,prize_scams,0,0.21,1.0,English,0.96
ನಾಳೆ lunch ಮರೆಯಬೇಡಿ. ಸಮಯ 3:47,ham,personal,0,0.95,1.0,Kannada,0.26
Government scheme: Get ₹25000 monthly. Send YES,spam,general_spam,0,0.04,1.0,English,0.86
Weekend special: Extra 20% off. Shop: http://secure-site.com,promo,general_promo,1,0.6,0.71,English,0.48
Alert: Aapke account mein suspicious activity. Call +91-7837275021,spam,financial_scams,0,0.08,1.0,Hinglish,0.72
ಲೋನ್ ಅನುಮೋದಿತ! ₹5000 ಸಿಗುತ್ತಿದೆ. ಯಾವುದೇ ದಾಖಲೆಗಳಿಲ್ಲ. YES ಉತ್ತರಿಸಿ,spam,general_spam,0,0.11,1.0,Kannada,0.84
"Running 40 minutes late, stuck in traffic",ham,personal,0,0.86,1.0,English,0.09
सरकारी योजना: ₹5000 हर महीने। YES भेजें,spam,general_spam,0,0.15,1.0,Hindi,0.75
Your Amazon Prime subscription expired. Update payment: http://phish-site.com,spam,general_spam,1,0.04,0.01,English,0.98
Birthday treat: 70% off for you!,promo,general_promo,0,0.7,1.0,English,0.45
"बधाई! आपने ₹50,000 जीता। दावा करें: http://phish-site.com",spam,general_spam,1,0.11,0.02,Hindi,0.91
"26 मिनट लेट, ट्रैफिक में",ham,personal,0,0.85,1.0,Hindi,0.24
सीमित समय: 1 खरीदो 1 मुफ्त। कोड SAVE35,promo,general_promo,0,0.79,1.0,Hindi,0.52
आज flight कब है?,ham,personal,0,0.82,1.0,Hindi,0.13
See you at cafe,ham,personal,0,0.88,1.0,English,0.29
Special offer: 50% discount,promo,promotional_offers,0,0.55,1.0,Hinglish,0.33
Alert: Aapke account mein suspicious activity. Call +91-8701328507,spam,financial_scams,0,0.09,1.0,Hinglish,0.99
Thanks for your help with study,ham,personal,0,0.9,1.0,English,0.27
Store se medicine le aana,ham,personal,0,0.98,1.0,Hinglish,0.21
Free ho toh call karna,ham,personal,0,0.85,1.0,Hinglish,0.17
Your device has virus. Download antivirus: http://phish-site.com,spam,general_spam,1,0.09,0.18,English,0.84
Aadhaar verification failed. Update immediately: http://phish-site.com,spam,general_spam,1,0.26,0.18,English,0.84
What time is your appointment?,ham,service_updates,0,0.82,1.0,English,0.02
Limited time: 1 kharido 1 free. Code SAVE13,promo,general_promo,0,0.54,1.0,Hinglish,0.44
ऋण स्वीकृत! ₹25000 मिल रहा। कोई कागजात नहीं। YES जवाब दें,spam,general_spam,0,0.26,1.0,Hindi,0.92
सीमित समय: 1 खरीदो 1 मुफ्त। कोड SAVE21,promo,general_promo,0,0.75,1.0,Hindi,0.35
Your OTP is 153729. Do not share,ham,service_updates,0,0.95,1.0,English,0.04
Loan approved! Get ₹50000 instantly. No documents. Reply YES,spam,financial_scams,0,0.1,1.0,English,0.85
Your device has virus. Download antivirus: http://phish-site.com,spam,general_spam,1,0.29,0.15,English,0.89
Happy birthday! 🎉 See you tonight!,ham,personal,0,0.88,1.0,English,0.25
Your OTP is 993994. Do not share,ham,service_updates,0,0.83,1.0,English,0.28
Aadhaar verification failed. Update immediately: http://phish-site.com,spam,general_spam,1,0.12,0.17,English,0.94
Kal meeting ka mat bhoolna. Time 6:18,ham,personal,0,0.97,1.0,Hinglish,0.08
Aaj flight kab hai?,ham,personal,0,0.94,1.0,Hinglish,0.01
Your Spotify subscription expiring soon. Renew now,promo,service_updates,0,0.56,1.0,English,0.5
"Hey, are we meeting for meeting today? Let me know",ham,personal,0,0.96,1.0,English,0.28
"Hey, kal dinner ke liye mil rahe? Time batao",ham,personal,0,0.85,1.0,Hinglish,0.16
ತ್ವರಿತ! ನಿಮ್ಮ SBI ಖಾತೆ ನಿಲ್ಲಿಸಲಾಗಿದೆ. ಧೃಡೀಕರಿಸಿ: http://phish-site.com,spam,general_spam,1,0.16,0.16,Kannada,0.97
Flash sale! laptop par 60% off. Shopping: http://secure-site.com,promo,promotional_offers,1,0.73,0.83,Hinglish,0.39
"हे, कल dinner के लिए मिल रहे? समय बताओ",ham,personal,0,0.96,1.0,Hindi,0.26
Aapka Netflix subscription jald khatam. Renew karo,promo,service_updates,0,0.64,1.0,Hinglish,0.59
Loan approved! Get ₹50000 instantly. No documents. Reply YES,spam,financial_scams,0,0.29,1.0,English,0.73
Limited time: Buy 1 Get 1 Free on electronics. Code: SAVE39,promo,general_promo,0,0.65,1.0,English,0.56
Aapka Spotify subscription jald khatam. Renew karo,promo,service_updates,0,0.6,1.0,Hinglish,0.37
Kal dinner ka mat bhoolna. Time 8:10,ham,personal,0,0.87,1.0,Hinglish,0.18
Exclusive deal for you: 20% off,promo,general_promo,0,0.64,1.0,English,0.31
कल meeting का मत भूलना। समय 12:08,ham,personal,0,0.92,1.0,Hindi,0.29
ಇಂದು flight ಯಾವಾಗ?,ham,personal,0,0.8,1.0,Kannada,0.24
Weekend special: Extra 70% off. Shop: http://secure-site.com,promo,general_promo,1,0.76,0.8,English,0.31
Meeting rescheduled to 1:19,ham,personal,0,0.92,1.0,English,0.28
Aaj flight kab hai?,ham,personal,0,0.82,1.0,Hinglish,0.06
ವಿಶೇಷ ಆಫರ್: 40% ರಿಯಾಯಿತಿ,promo,general_promo,0,0.75,1.0,Kannada,0.51
Meeting rescheduled to 12:55,ham,personal,0,0.84,1.0,English,0.24
Your OTP is 881034. Do not share,ham,service_updates,0,0.96,1.0,English,0.02
"Running 9 minutes late, stuck in traffic",ham,personal,0,0.9,1.0,English,0.0
Work from home: Earn ₹10000 daily. No experience. Reply YES,spam,general_spam,0,0.13,1.0,English,0.95
Flash sale! watch par 40% off. Shopping: http://secure-site.com,promo,promotional_offers,1,0.62,0.9,Hinglish,0.4
Your UPI will be deactivated. Verify now: http://phish-site.com,spam,phishing_scams,1,0.2,0.06,English,0.79
बधाई! आपने iPhone 15 जीता। दावा करें: http://phish-site.com,spam,general_spam,1,0.29,0.02,Hindi,0.75
Your OTP is 560404. Do not share,ham,service_updates,0,0.93,1.0,English,0.26
New headphones collection launched! Use code SAVE43,promo,general_promo,0,0.58,1.0,English,0.32
Government scheme: Get ₹10000 monthly. Send YES,spam,general_spam,0,0.21,1.0,English,0.73
ಎಚ್ಚರಿಕೆ: ನಿಮ್ಮ ಖಾತೆಯಲ್ಲಿ ಸಂಶಯಾಸ್ಪದ ಚಟುವಟಿಕೆ. ಕಾಲ್ +91-8712553089,spam,general_spam,0,0.05,1.0,Kannada,0.75
कल meeting का मत भूलना। समय 9:35,ham,personal,0,0.85,1.0,Hindi,0.19
स्टोर से milk ले आना,ham,personal,0,0.93,1.0,Hindi,0.2
Seasonal sale: Prices slashed by 70%,promo,promotional_offers,0,0.52,1.0,English,0.34
Aadhaar verification failed. Update immediately: http://phish-site.com,spam,general_spam,1,0.14,0.16,English,0.92
Aapka Netflix subscription jald khatam. Renew karo,promo,service_updates,0,0.57,1.0,Hinglish,0.33
Working from home today,ham,personal,0,0.95,1.0,English,0.26
"11 minute late, traffic mein",ham,personal,0,0.84,1.0,Hinglish,0.28
You are selected for ₹5000 cash prize. Call +91-7847041526,spam,prize_scams,0,0.14,1.0,English,0.85
Can you pick up bread from the store?,ham,personal,0,0.9,1.0,English,0.02
Your package delivery failed. Confirm address: http://phish-site.com,spam,general_spam,1,0.16,0.17,English,0.95
Working from home today,ham,personal,0,0.87,1.0,English,0.16
कल dinner का मत भूलना। समय 8:45,ham,personal,0,0.81,1.0,Hindi,0.15
Loan approved! Get ₹10000 instantly. No documents. Reply YES,spam,financial_scams,0,0.21,1.0,English,0.9
स्टोर से bread ले आना,ham,personal,0,0.85,1.0,Hindi,0.07
Loan approve! ₹5000 mil raha. Documents nahi. Reply YES,spam,financial_scams,0,0.11,1.0,Hinglish,0.78
ಸೀಮಿತ ಸಮಯ: 1 ಖರೀದಿ 1 ಉಚಿತ. ಕೋಡ್ SAVE29,promo,general_promo,0,0.5,1.0,Kannada,0.48
Flash sale! smartphone par 30% off. Shopping: http://secure-site.com,promo,promotional_offers,1,0.72,0.79,Hinglish,0.58
What time is your meeting?,ham,personal,0,0.82,1.0,English,0.18
विशेष ऑफर: 40% छूट,promo,general_promo,0,0.58,1.0,Hindi,0.43
Jaldi! Aapka Axis account suspend. Verify: http://phish-site.com,spam,financial_scams,1,0.1,0.16,Hinglish,0.76
ऋण स्वीकृत! ₹25000 मिल रहा। कोई कागजात नहीं। YES जवाब दें,spam,general_spam,0,0.23,1.0,Hindi,0.71
Happy birthday! 🎉 See you tonight!,ham,personal,0,0.83,1.0,English,0.09
Jaldi! Aapka HDFC account suspend. Verify: http://phish-site.com,spam,financial_scams,1,0.16,0.1,Hinglish,0.99
Seasonal sale: Prices slashed by 50%,promo,promotional_offers,0,0.79,1.0,English,0.44
You are selected for ₹5000 cash prize. Call +91-8009348538,spam,prize_scams,0,0.19,1.0,English,0.81
Limited time: 1 kharido 1 free. Code SAVE42,promo,general_promo,0,0.79,1.0,Hinglish,0.4
Store se bread le aana,ham,personal,0,0.96,1.0,Hinglish,0.11
कल lunch का मत भूलना। समय 6:40,ham,personal,0,0.85,1.0,Hindi,0.06
"Badhai ho! Aap jeete ₹50,000. Claim: http://phish-site.com",spam,general_spam,1,0.04,0.14,Hinglish,0.99
Badhai ho! Aap jeete iPhone 15. Claim: http://phish-site.com,spam,general_spam,1,0.09,0.08,Hinglish,0.78
Package will be delivered today between 10-3,ham,personal,0,0.82,1.0,English,0.25
Happy birthday! 🎉 See you tonight!,ham,personal,0,0.87,1.0,English,0.22
Weekend special: Extra 20% off. Shop: http://secure-site.com,promo,general_promo,1,0.56,0.78,English,0.48
Get 15% cashback on credit card spends,promo,general_promo,0,0.57,1.0,English,0.53
What time is your appointment?,ham,service_updates,0,0.99,1.0,English,0.07
Jaldi! Aapka ICICI account suspend. Verify: http://phish-site.com,spam,financial_scams,1,0.13,0.18,Hinglish,0.8
ಸೀಮಿತ ಸಮಯ: 1 ಖರೀದಿ 1 ಉಚಿತ. ಕೋಡ್ SAVE42,promo,general_promo,0,0.74,1.0,Kannada,0.39
ಎಚ್ಚರಿಕೆ: ನಿಮ್ಮ ಖಾತೆಯಲ್ಲಿ ಸಂಶಯಾಸ್ಪದ ಚಟುವಟಿಕೆ. ಕಾಲ್ +91-9505820586,spam,general_spam,0,0.17,1.0,Kannada,0.78
Kal dinner ka mat bhoolna. Time 9:24,ham,personal,0,0.87,1.0,Hinglish,0.05
"Hey, kal dinner ke liye mil rahe? Time batao",ham,personal,0,0.87,1.0,Hinglish,0.24
Credit card par 10% cashback,promo,general_promo,0,0.67,1.0,Hinglish,0.33
Clearance sale: Limited stock available,promo,promotional_offers,0,0.73,1.0,English,0.49
What time is your appointment?,ham,service_updates,0,0.95,1.0,English,0.29
Did you finish the assignment?,ham,personal,0,0.85,1.0,English,0.22
Your UPI will be deactivated. Verify now: http://phish-site.com,spam,phishing_scams,1,0.11,0.17,English,0.84
चेतावनी: आपके खाते में संदिग्ध गतिविधि। कॉल +91-9726880676,spam,general_spam,0,0.13,1.0,Hindi,0.77
Your OTP is 903228. Do not share,ham,service_updates,0,0.81,1.0,English,0.2
फ्री हो तो कॉल करना,ham,personal,0,0.94,1.0,Hindi,0.22
Happy birthday! 🎉 See you tonight!,ham,personal,0,0.82,1.0,English,0.05
सरकारी योजना: ₹50000 हर महीने। YES भेजें,spam,general_spam,0,0.16,1.0,Hindi,0.93
Can you pick up medicine from the store?,ham,personal,0,0.87,1.0,English,0.17
Limited time: Buy 1 Get 1 Free on fashion. Code: SAVE30,promo,general_promo,0,0.66,1.0,English,0.44
"Hey, kal dinner ke liye mil rahe? Time batao",ham,personal,0,0.88,1.0,Hinglish,0.29
Working from home today,ham,personal,0,0.84,1.0,English,0.26
"Hey, kal dinner ke liye mil rahe? Time batao",ham,personal,0,0.89,1.0,Hinglish,0.02
Tax refund of ₹25000 approved. Claim: http://phish-site.com,spam,general_spam,1,0.14,0.01,English,0.81
Kal lunch ka mat bhoolna. Time 10:47,ham,personal,0,0.89,1.0,Hinglish,0.23
"हे, कल lunch के लिए मिल रहे? समय बताओ",ham,personal,0,0.96,1.0,Hindi,0.04
What time is your flight?,ham,personal,0,0.95,1.0,English,0.06
कल meeting का मत भूलना। समय 6:38,ham,personal,0,0.94,1.0,Hindi,0.11
Your Amazon Prime subscription expired. Update payment: http://phish-site.com,spam,general_spam,1,0.24,0.12,English,0.99
Thanks for your help with study,ham,personal,0,0.95,1.0,English,0.05
स्टोर से bread ले आना,ham,personal,0,0.9,1.0,Hindi,0.22
Your device has virus. Download antivirus: http://phish-site.com,spam,general_spam,1,0.12,0.11,English,0.73
Credit card par 15% cashback,promo,general_promo,0,0.79,1.0,Hinglish,0.46
Package will be delivered today between 11-2,ham,personal,0,0.88,1.0,English,0.15
Clearance sale: Limited stock available,promo,promotional_offers,0,0.6,1.0,English,0.45
URGENT: Your ICICI account suspended. Verify now: http://phish-site.com,spam,financial_scams,1,0.06,0.0,English,0.75
Loan approve! ₹50000 mil raha. Documents nahi. Reply YES,spam,financial_scams,0,0.16,1.0,Hinglish,0.86
Your UPI will be deactivated. Verify now: http://phish-site.com,spam,phishing_scams,1,0.08,0.16,English,0.98
Bank error: Extra ₹10000 credited. Verify: http://phish-site.com,spam,financial_scams,1,0.06,0.13,English,0.89
Aadhaar verification failed. Update immediately: http://phish-site.com,spam,general_spam,1,0.11,0.1,English,0.93
Jaldi! Aapka Axis account suspend. Verify: http://phish-site.com,spam,financial_scams,1,0.21,0.11,Hinglish,0.96
Early access: New arrivals now live,promo,general_promo,0,0.65,1.0,English,0.54
Refer a friend & get ₹50000 off,promo,general_promo,0,0.57,1.0,English,0.39
Working from home today,ham,personal,0,0.99,1.0,English,0.16
Package will be delivered today between 12-2,ham,personal,0,0.98,1.0,English,0.16
What time is your appointment?,ham,service_updates,0,0.96,1.0,English,0.07
Special offer: 60% discount,promo,promotional_offers,0,0.51,1.0,Hinglish,0.36
Can you pick up medicine from the store?,ham,personal,0,0.98,1.0,English,0.3
Your device has virus. Download antivirus: http://phish-site.com,spam,general_spam,1,0.05,0.06,English,0.99
Alert: Aapke account mein suspicious activity. Call +91-7485944677,spam,financial_scams,0,0.24,1.0,Hinglish,0.91
ಇಂದು flight ಯಾವಾಗ?,ham,personal,0,0.92,1.0,Kannada,0.17
"Running 5 minutes late, stuck in traffic",ham,personal,0,0.85,1.0,English,0.02
Special offer: 70% discount,promo,promotional_offers,0,0.52,1.0,Hinglish,0.43
Call me when you're free,ham,personal,0,0.82,1.0,English,0.14
Loan approve! ₹10000 mil raha. Documents nahi. Reply YES,spam,financial_scams,0,0.09,1.0,Hinglish,0.86
Aaj appointment kab hai?,ham,service_updates,0,0.82,1.0,Hinglish,0.11
Limited time: 1 kharido 1 free. Code SAVE44,promo,general_promo,0,0.63,1.0,Hinglish,0.48
Badhai ho! Aap jeete MacBook. Claim: http://phish-site.com,spam,general_spam,1,0.04,0.07,Hinglish,0.83
Did you finish the assignment?,ham,personal,0,0.84,1.0,English,0.09
Meeting rescheduled to 7:49,ham,personal,0,0.88,1.0,English,0.26
URGENT: Your Axis account suspended. Verify now: http://phish-site.com,spam,financial_scams,1,0.1,0.2,English,0.93
कल meeting का मत भूलना। समय 7:44,ham,personal,0,0.92,1.0,Hindi,0.28
Your Amazon Prime subscription expiring soon. Renew now,promo,service_updates,0,0.57,1.0,English,0.41
See you at cafe,ham,personal,0,0.83,1.0,English,0.0
Work from home: Earn ₹5000 daily. No experience. Reply YES,spam,general_spam,0,0.16,1.0,English,0.95
सरकारी योजना: ₹10000 हर महीने। YES भेजें,spam,general_spam,0,0.03,1.0,Hindi,0.97
Flash sale! watch par 50% off. Shopping: http://secure-site.com,promo,promotional_offers,1,0.6,0.84,Hinglish,0.56
फ्री हो तो कॉल करना,ham,personal,0,0.91,1.0,Hindi,0.05
Free shipping on orders above ₹50000,promo,general_promo,0,0.51,1.0,English,0.4
सीमित समय: 1 खरीदो 1 मुफ्त। कोड SAVE25,promo,general_promo,0,0.66,1.0,Hindi,0.51
Loan approved! Get ₹5000 instantly. No documents. Reply YES,spam,financial_scams,0,0.04,1.0,English,0.76
CONGRATULATIONS! You won iPhone 15. Claim: http://phish-site.com,spam,prize_scams,1,0.19,0.06,English,0.92
Birthday treat: 50% off for you!,promo,general_promo,0,0.54,1.0,English,0.5
Kal dinner ka mat bhoolna. Time 12:20,ham,personal,0,0.92,1.0,Hinglish,0.04
सरकारी योजना: ₹50000 हर महीने। YES भेजें,spam,general_spam,0,0.23,1.0,Hindi,1.0
"Badhai ho! Aap jeete ₹50,000. Claim: http://phish-site.com",spam,general_spam,1,0.14,0.15,Hinglish,0.89
"13 मिनट लेट, ट्रैफिक में",ham,personal,0,0.95,1.0,Hindi,0.06
Special offer: 20% discount,promo,promotional_offers,0,0.5,1.0,Hinglish,0.32
Don't forget about dinner tomorrow at 9:04,ham,personal,0,0.87,1.0,English,0.05
ವಿಶೇಷ ಆಫರ್: 50% ರಿಯಾಯಿತಿ,promo,general_promo,0,0.77,1.0,Kannada,0.37
"8 minute late, traffic mein",ham,personal,0,0.87,1.0,Hinglish,0.2
Seasonal sale: Prices slashed by 40%,promo,promotional_offers,0,0.61,1.0,English,0.34
Working from home today,ham,personal,0,0.91,1.0,English,0.02
फ्री हो तो कॉल करना,ham,personal,0,0.99,1.0,Hindi,0.26
कल dinner का मत भूलना। समय 8:32,ham,personal,0,0.83,1.0,Hindi,0.29
New smartphone collection launched! Use code SAVE30,promo,general_promo,0,0.77,1.0,English,0.5
Store se medicine le aana,ham,personal,0,0.84,1.0,Hinglish,0.1
"Running 15 minutes late, stuck in traffic",ham,personal,0,0.87,1.0,English,0.04
Early access: New arrivals now live,promo,general_promo,0,0.65,1.0,English,0.32
Did you finish the report?,ham,personal,0,0.94,1.0,English,0.13
ಸರ್ಕಾರಿ ಯೋಜನೆ: ₹25000 ಪ್ರತಿ ತಿಂಗಳು. YES ಕಳುಹಿಸಿ,spam,general_spam,0,0.22,1.0,Kannada,0.84
"Running 17 minutes late, stuck in traffic",ham,personal,0,0.81,1.0,English,0.12
Your OTP is 474000. Do not share,ham,service_updates,0,0.88,1.0,English,0.24
Badhai ho! Aap jeete car. Claim: http://phish-site.com,spam,general_spam,1,0.25,0.13,Hinglish,0.99
आपका Spotify सब्सक्रिप्शन जल्द खत्म। नवीनीकरण करें,promo,general_promo,0,0.65,1.0,Hindi,0.55
ನಿಮ್ಮ Amazon Prime ಚಂದಾದಾರಿಕೆ ಶೀಘ್ರದಲ್ಲೇ ಮುಗಿಯುತ್ತದೆ. ನವೀಕರಿಸಿ,promo,general_promo,0,0.65,1.0,Kannada,0.53
Alert: Aapke account mein suspicious activity. Call +91-9521084458,spam,financial_scams,0,0.12,1.0,Hinglish,0.81
चेतावनी: आपके खाते में संदिग्ध गतिविधि। कॉल +91-7580382184,spam,general_spam,0,0.15,1.0,Hindi,0.71
Your device has virus. Download antivirus: http://phish-site.com,spam,general_spam,1,0.02,0.11,English,0.97
Seasonal sale: Prices slashed by 50%,promo,promotional_offers,0,0.74,1.0,English,0.4
Package will be delivered today between 9-10,ham,personal,0,0.92,1.0,English,0.08
ಉಚಿತವಾಗಿದ್ದರೆ ಕರೆ ಮಾಡಿ,ham,personal,0,0.87,1.0,Kannada,0.25
ನಾಳೆ dinner ಮರೆಯಬೇಡಿ. ಸಮಯ 11:12,ham,personal,0,0.84,1.0,Kannada,0.21
Early access: New arrivals now live,promo,general_promo,0,0.61,1.0,English,0.6
Meeting rescheduled to 12:54,ham,personal,0,0.99,1.0,English,0.2
"Hey, are we meeting for meeting today? Let me know",ham,personal,0,0.95,1.0,English,0.15
Kal meeting ka mat bhoolna. Time 8:32,ham,personal,0,0.93,1.0,Hinglish,0.2
Kal meeting ka mat bhoolna. Time 11:19,ham,personal,0,0.87,1.0,Hinglish,0.12
Call me when you're free,ham,personal,0,0.82,1.0,English,0.03
Happy birthday! 🎉 See you tonight!,ham,personal,0,0.85,1.0,English,0.02
ಇಂದು appointment ಯಾವಾಗ?,ham,service_updates,0,0.89,1.0,Kannada,0.07
Kal dinner ka mat bhoolna. Time 7:28,ham,personal,0,0.82,1.0,Hinglish,0.28
Clearance sale: Limited stock available,promo,promotional_offers,0,0.57,1.0,English,0.5
Aapka Netflix subscription jald khatam. Renew karo,promo,service_updates,0,0.67,1.0,Hinglish,0.39
"Your number won ₹50,000. Click to claim: http://phish-site.com",spam,prize_scams,1,0.03,0.17,English,0.88
आज meeting कब है?,ham,personal,0,0.94,1.0,Hindi,0.24
Aapka Spotify subscription jald khatam. Renew karo,promo,service_updates,0,0.54,1.0,Hinglish,0.51
Happy birthday! 🎉 See you tonight!,ham,personal,0,0.94,1.0,English,0.06
ಅಭಿನಂದನೆಗಳು! ನೀವು MacBook ಗೆದ್ದಿದ್ದೀರಿ. ಕ್ಲೈಮ್: http://phish-site.com,spam,general_spam,1,0.1,0.1,Kannada,0.74
Weekend special: Extra 40% off. Shop: http://secure-site.com,promo,general_promo,1,0.66,0.89,English,0.36
CONGRATULATIONS! You won MacBook. Claim: http://phish-site.com,spam,prize_scams,1,0.07,0.17,English,0.85
विशेष ऑफर: 50% छूट,promo,general_promo,0,0.56,1.0,Hindi,0.46
चेतावनी: आपके खाते में संदिग्ध गतिविधि। कॉल +91-9371293243,spam,general_spam,0,0.06,1.0,Hindi,0.75
SECURITY ALERT: Suspicious login detected. Secure account: http://phish-site.com,spam,financial_scams,1,0.08,0.06,English,0.9
Flash sale! headphones par 20% off. Shopping: http://secure-site.com,promo,promotional_offers,1,0.76,0.84,Hinglish,0.47
Tax refund of ₹5000 approved. Claim: http://phish-site.com,spam,general_spam,1,0.28,0.05,English,0.73
Refer a friend & get ₹50000 off,promo,general_promo,0,0.59,1.0,English,0.35
Free ho toh call karna,ham,personal,0,0.95,1.0,Hinglish,0.05
Alert: Aapke account mein suspicious activity. Call +91-9356232272,spam,financial_scams,0,0.07,1.0,Hinglish,0.77
SECURITY ALERT: Suspicious login detected. Secure account: http://phish-site.com,spam,financial_scams,1,0.18,0.01,English,0.93
"Hey, are we meeting for dinner today? Let me know",ham,personal,0,0.93,1.0,English,0.07
ऋण स्वीकृत! ₹10000 मिल रहा। कोई कागजात नहीं। YES जवाब दें,spam,general_spam,0,0.2,1.0,Hindi,0.89
विशेष ऑफर: 70% छूट,promo,general_promo,0,0.73,1.0,Hindi,0.37
See you at office,ham,personal,0,0.85,1.0,English,0.07
Free ho toh call karna,ham,personal,0,0.87,1.0,Hinglish,0.14
ಸೀಮಿತ ಸಮಯ: 1 ಖರೀದಿ 1 ಉಚಿತ. ಕೋಡ್ SAVE22,promo,general_promo,0,0.58,1.0,Kannada,0.41
"ಅಭಿನಂದನೆಗಳು! ನೀವು ₹50,000 ಗೆದ್ದಿದ್ದೀರಿ. ಕ್ಲೈಮ್: http://phish-site.com",spam,general_spam,1,0.27,0.1,Kannada,0.82
Meeting rescheduled to 12:15,ham,personal,0,0.81,1.0,English,0.1
ತ್ವರಿತ! ನಿಮ್ಮ HDFC ಖಾತೆ ನಿಲ್ಲಿಸಲಾಗಿದೆ. ಧೃಡೀಕರಿಸಿ: http://phish-site.com,spam,general_spam,1,0.08,0.06,Kannada,0.98
Tax refund of ₹5000 approved. Claim: http://phish-site.com,spam,general_spam,1,0.04,0.17,English,0.85
आपका Amazon Prime सब्सक्रिप्शन जल्द खत्म। नवीनीकरण करें,promo,general_promo,0,0.56,1.0,Hindi,0.48
ಎಚ್ಚರಿಕೆ: ನಿಮ್ಮ ಖಾತೆಯಲ್ಲಿ ಸಂಶಯಾಸ್ಪದ ಚಟುವಟಿಕೆ. ಕಾಲ್ +91-8281118004,spam,general_spam,0,0.02,1.0,Kannada,0.79
ಸ್ಟೋರ್ನಿಂದ medicine ತೆಗೆದುಕೊಳ್ಳಿ,ham,personal,0,0.95,1.0,Kannada,0.23
Jaldi! Aapka Axis account suspend. Verify: http://phish-site.com,spam,financial_scams,1,0.1,0.01,Hinglish,0.71
Exclusive deal for you: 50% off,promo,general_promo,0,0.6,1.0,English,0.36
"15 minute late, traffic mein",ham,personal,0,0.95,1.0,Hinglish,0.03
Weekend special: Extra 20% off. Shop: http://secure-site.com,promo,general_promo,1,0.55,0.79,English,0.34
फ्री हो तो कॉल करना,ham,personal,0,0.86,1.0,Hindi,0.19
Your package delivery failed. Confirm address: http://phish-site.com,spam,general_spam,1,0.06,0.19,English,0.98
Aapka Netflix subscription jald khatam. Renew karo,promo,service_updates,0,0.71,1.0,Hinglish,0.57
Badhai ho! Aap jeete MacBook. Claim: http://phish-site.com,spam,general_spam,1,0.22,0.13,Hinglish,0.98
Aaj meeting kab hai?,ham,personal,0,0.99,1.0,Hinglish,0.13
चेतावनी: आपके खाते में संदिग्ध गतिविधि। कॉल +91-8294558652,spam,general_spam,0,0.22,1.0,Hindi,0.86
Aaj flight kab hai?,ham,personal,0,0.89,1.0,Hinglish,0.29
Don't forget about dinner tomorrow at 1:12,ham,personal,0,0.86,1.0,English,0.01
What time is your flight?,ham,personal,0,0.84,1.0,English,0.05
ಸ್ಟೋರ್ನಿಂದ milk ತೆಗೆದುಕೊಳ್ಳಿ,ham,personal,0,0.99,1.0,Kannada,0.01
ನಾಳೆ lunch ಮರೆಯಬೇಡಿ. ಸಮಯ 9:56,ham,personal,0,0.89,1.0,Kannada,0.18
Credit card par 10% cashback,promo,general_promo,0,0.69,1.0,Hinglish,0.46
CONGRATULATIONS! You won MacBook. Claim: http://phish-site.com,spam,prize_scams,1,0.07,0.08,English,0.78
ತ್ವರಿತ! ನಿಮ್ಮ ICICI ಖಾತೆ ನಿಲ್ಲಿಸಲಾಗಿದೆ. ಧೃಡೀಕರಿಸಿ: http://phish-site.com,spam,general_spam,1,0.25,0.05,Kannada,0.74
Work from home: Earn ₹10000 daily. No experience. Reply YES,spam,general_spam,0,0.11,1.0,English,0.86
आज meeting कब है?,ham,personal,0,0.95,1.0,Hindi,0.04
Special offer: smartphone at 30% discount,promo,promotional_offers,0,0.63,1.0,English,0.45
Refer a friend & get ₹25000 off,promo,general_promo,0,0.65,1.0,English,0.36
Credit card par 5% cashback,promo,general_promo,0,0.7,1.0,Hinglish,0.42
Special offer: 30% discount,promo,promotional_offers,0,0.65,1.0,Hinglish,0.48
Aaj appointment kab hai?,ham,service_updates,0,0.99,1.0,Hinglish,0.03
You are selected for ₹25000 cash prize. Call +91-9608748989,spam,prize_scams,0,0.23,1.0,English,1.0
Don't forget about dinner tomorrow at 2:25,ham,personal,0,0.92,1.0,English,0.17
ಉಚಿತವಾಗಿದ್ದರೆ ಕರೆ ಮಾಡಿ,ham,personal,0,0.93,1.0,Kannada,0.06
SECURITY ALERT: Suspicious login detected. Secure account: http://phish-site.com,spam,financial_scams,1,0.02,0.13,English,0.84
सरकारी योजना: ₹50000 हर महीने। YES भेजें,spam,general_spam,0,0.19,1.0,Hindi,0.71
Work from home: Earn ₹25000 daily. No experience. Reply YES,spam,general_spam,0,0.21,1.0,English,0.97
Flash sale! headphones par 40% off. Shopping: http://secure-site.com,promo,promotional_offers,1,0.75,0.77,Hinglish,0.44
Loan approve! ₹25000 mil raha. Documents nahi. Reply YES,spam,financial_scams,0,0.28,1.0,Hinglish,0.73
Your Netflix subscription expiring soon. Renew now,promo,service_updates,0,0.61,1.0,English,0.52
Free ho toh call karna,ham,personal,0,0.85,1.0,Hinglish,0.24
See you at office,ham,personal,0,0.96,1.0,English,0.01
Jaldi! Aapka SBI account suspend. Verify: http://phish-site.com,spam,financial_scams,1,0.16,0.17,Hinglish,0.97
Happy birthday! 🎉 See you tonight!,ham,personal,0,0.9,1.0,English,0.28
You are selected for ₹25000 cash prize. Call +91-8091398429,spam,prize_scams,0,0.21,1.0,English,0.86
Aaj flight kab hai?,ham,personal,0,1.0,1.0,Hinglish,0.18
Get 15% cashback on credit card spends,promo,general_promo,0,0.76,1.0,English,0.59
Special offer: smartphone at 50% discount,promo,promotional_offers,0,0.62,1.0,English,0.31
Free ho toh call karna,ham,personal,0,0.97,1.0,Hinglish,0.19
Credit card par 5% cashback,promo,general_promo,0,0.71,1.0,Hinglish,0.31
ಫ್ಲಾಶ್ ಸೇಲ್! laptop ನಲ್ಲಿ 50% ರಿಯಾಯಿತಿ. ಶಾಪಿಂಗ್: http://secure-site.com,promo,general_promo,1,0.56,0.72,Kannada,0.38
Store se medicine le aana,ham,personal,0,0.95,1.0,Hinglish,0.19
Free shipping on orders above ₹10000,promo,general_promo,0,0.51,1.0,English,0.54
Refer a friend & get ₹50000 off,promo,general_promo,0,0.53,1.0,English,0.37
Call me when you're free,ham,personal,0,0.99,1.0,English,0.12
Loan approve! ₹10000 mil raha. Documents nahi. Reply YES,spam,financial_scams,0,0.06,1.0,Hinglish,0.77
ಸ್ಟೋರ್ನಿಂದ bread ತೆಗೆದುಕೊಳ್ಳಿ,ham,personal,0,0.91,1.0,Kannada,0.28
Credit card par 5% cashback,promo,general_promo,0,0.55,1.0,Hinglish,0.59
Bank error: Extra ₹25000 credited. Verify: http://phish-site.com,spam,financial_scams,1,0.01,0.09,English,0.76
Package will be delivered today between 3-12,ham,personal,0,0.89,1.0,English,0.21
Don't forget about dinner tomorrow at 8:20,ham,personal,0,0.92,1.0,English,0.11
क्रेडिट कार्ड पर 5% कैशबैक,promo,general_promo,0,0.51,1.0,Hindi,0.31
Package will be delivered today between 2-7,ham,personal,0,1.0,1.0,English,0.24
Kal lunch ka mat bhoolna. Time 1:41,ham,personal,0,1.0,1.0,Hinglish,0.25
Your number won MacBook. Click to claim: http://phish-site.com,spam,prize_scams,1,0.19,0.14,English,0.72
Meeting rescheduled to 2:50,ham,personal,0,0.94,1.0,English,0.25
Birthday treat: 20% off for you!,promo,general_promo,0,0.54,1.0,English,0.58
Special offer: headphones at 20% discount,promo,promotional_offers,0,0.71,1.0,English,0.45
ऋण स्वीकृत! ₹25000 मिल रहा। कोई कागजात नहीं। YES जवाब दें,spam,general_spam,0,0.01,1.0,Hindi,0.82
"हे, कल meeting के लिए मिल रहे? समय बताओ",ham,personal,0,0.83,1.0,Hindi,0.11
Can you pick up medicine from the store?,ham,personal,0,0.82,1.0,English,0.18
Package will be delivered today between 3-8,ham,personal,0,0.95,1.0,English,0.05
Sarkari yojana: ₹10000 har mahine. YES bhejo,spam,general_spam,0,0.26,1.0,Hinglish,0.97
Credit card par 5% cashback,promo,general_promo,0,0.63,1.0,Hinglish,0.34
सीमित समय: 1 खरीदो 1 मुफ्त। कोड SAVE42,promo,general_promo,0,0.64,1.0,Hindi,0.34
"Hey, kal lunch ke liye mil rahe? Time batao",ham,personal,0,0.89,1.0,Hinglish,0.26
Refer a friend & get ₹5000 off,promo,general_promo,0,0.55,1.0,English,0.44
Package will be delivered today between 11-11,ham,personal,0,0.91,1.0,English,0.19
FLASH SALE: 40% OFF on laptop. Shop now: http://secure-site.com,promo,promotional_offers,1,0.64,0.73,English,0.45
SECURITY ALERT: Suspicious login detected. Secure account: http://phish-site.com,spam,financial_scams,1,0.07,0.17,English,0.8
Member exclusive: Extra 50% off,promo,general_promo,0,0.56,1.0,English,0.55
Flash sale! watch par 70% off. Shopping: http://secure-site.com,promo,promotional_offers,1,0.68,0.83,Hinglish,0.43
CONGRATULATIONS! You won iPhone 15. Claim: http://phish-site.com,spam,prize_scams,1,0.04,0.01,English,0.83
You are selected for ₹5000 cash prize. Call +91-8540732611,spam,prize_scams,0,0.07,1.0,English,0.83
Limited time: 1 kharido 1 free. Code SAVE40,promo,general_promo,0,0.77,1.0,Hinglish,0.45
सरकारी योजना: ₹50000 हर महीने। YES भेजें,spam,general_spam,0,0.27,1.0,Hindi,0.91
Meeting rescheduled to 12:55,ham,personal,0,0.85,1.0,English,0.08
"40 मिनट लेट, ट्रैफिक में",ham,personal,0,0.92,1.0,Hindi,0.29
Tax refund of ₹50000 approved. Claim: http://phish-site.com,spam,general_spam,1,0.06,0.13,English,0.83
Loan approved! Get ₹50000 instantly. No documents. Reply YES,spam,financial_scams,0,0.13,1.0,English,1.0
Your UPI will be deactivated. Verify now: http://phish-site.com,spam,phishing_scams,1,0.16,0.12,English,0.97
Jaldi! Aapka Axis account suspend. Verify: http://phish-site.com,spam,financial_scams,1,0.22,0.1,Hinglish,0.79
Doctor appointment confirmed for 2:02,ham,service_updates,0,0.98,1.0,English,0.28
आपका Amazon Prime सब्सक्रिप्शन जल्द खत्म। नवीनीकरण करें,promo,general_promo,0,0.66,1.0,Hindi,0.34
Meeting rescheduled to 2:53,ham,personal,0,0.9,1.0,English,0.26
"45 ನಿಮಿಷ ತಡವಾಗಿ, ಟ್ರಾಫಿಕ್ನಲ್ಲಿ",ham,personal,0,0.83,1.0,Kannada,0.23
कल dinner का मत भूलना। समय 6:18,ham,personal,0,0.91,1.0,Hindi,0.24
Your Spotify subscription expiring soon. Renew now,promo,service_updates,0,0.55,1.0,English,0.53
Special offer: headphones at 60% discount,promo,promotional_offers,0,0.65,1.0,English,0.56
You are selected for ₹10000 cash prize. Call +91-9398947336,spam,prize_scams,0,0.07,1.0,English,0.8
Doctor appointment confirmed for 10:11,ham,service_updates,0,0.95,1.0,English,0.18
Free shipping on orders above ₹50000,promo,general_promo,0,0.63,1.0,English,0.48
जल्दी! आपका ICICI खाता निलंबित। सत्यापित करें: http://phish-site.com,spam,general_spam,1,0.21,0.17,Hindi,0.95
Free ho toh call karna,ham,personal,0,0.86,1.0,Hinglish,0.05
"29 minute late, traffic mein",ham,personal,0,0.84,1.0,Hinglish,0.29
Government scheme: Get ₹50000 monthly. Send YES,spam,general_spam,0,0.25,1.0,English,0.77
Your UPI will be deactivated. Verify now: http://phish-site.com,spam,phishing_scams,1,0.03,0.1,English,0.97
"15 minute late, traffic mein",ham,personal,0,0.91,1.0,Hinglish,0.26
Loan approved! Get ₹10000 instantly. No documents. Reply YES,spam,financial_scams,0,0.03,1.0,English,0.83
"Hey, are we meeting for dinner today? Let me know",ham,personal,0,0.95,1.0,English,0.16
Clearance sale: Limited stock available,promo,promotional_offers,0,0.68,1.0,English,0.36
"Hey, are we meeting for dinner today? Let me know",ham,personal,0,0.96,1.0,English,0.12
फ्री हो तो कॉल करना,ham,personal,0,0.84,1.0,Hindi,0.21
Working from home today,ham,personal,0,0.93,1.0,English,0.05
Thanks for your help with study,ham,personal,0,0.99,1.0,English,0.16
Refer a friend & get ₹25000 off,promo,general_promo,0,0.53,1.0,English,0.38
FLASH SALE: 40% OFF on laptop. Shop now: http://secure-site.com,promo,promotional_offers,1,0.57,0.84,English,0.49
फ्री हो तो कॉल करना,ham,personal,0,0.98,1.0,Hindi,0.23
क्रेडिट कार्ड पर 5% कैशबैक,promo,general_promo,0,0.77,1.0,Hindi,0.42
Store se milk le aana,ham,personal,0,0.89,1.0,Hinglish,0.26
Package will be delivered today between 8-3,ham,personal,0,0.93,1.0,English,0.0
ಉಚಿತವಾಗಿದ್ದರೆ ಕರೆ ಮಾಡಿ,ham,personal,0,0.98,1.0,Kannada,0.3
"25 minute late, traffic mein",ham,personal,0,0.99,1.0,Hinglish,0.28
आज flight कब है?,ham,personal,0,0.92,1.0,Hindi,0.14
स्टोर से milk ले आना,ham,personal,0,0.92,1.0,Hindi,0.14
Free ho toh call karna,ham,personal,0,0.99,1.0,Hinglish,0.22
"Hey, are we meeting for meeting today? Let me know",ham,personal,0,0.82,1.0,English,0.26
विशेष ऑफर: 50% छूट,promo,general_promo,0,0.6,1.0,Hindi,0.42
Jaldi! Aapka ICICI account suspend. Verify: http://phish-site.com,spam,financial_scams,1,0.07,0.08,Hinglish,0.76
ಇಂದು flight ಯಾವಾಗ?,ham,personal,0,0.9,1.0,Kannada,0.05
CONGRATULATIONS! You won car. Claim: http://phish-site.com,spam,prize_scams,1,0.01,0.13,English,1.0
Get 10% cashback on credit card spends,promo,general_promo,0,0.51,1.0,English,0.47
आज meeting कब है?,ham,personal,0,0.88,1.0,Hindi,0.15
Meeting rescheduled to 9:47,ham,personal,0,0.88,1.0,English,0.04
Sarkari yojana: ₹25000 har mahine. YES bhejo,spam,general_spam,0,0.14,1.0,Hinglish,0.86
Seasonal sale: Prices slashed by 30%,promo,promotional_offers,0,0.77,1.0,English,0.39
Free ho toh call karna,ham,personal,0,0.94,1.0,Hinglish,0.01
ಸರ್ಕಾರಿ ಯೋಜನೆ: ₹10000 ಪ್ರತಿ ತಿಂಗಳು. YES ಕಳುಹಿಸಿ,spam,general_spam,0,0.05,1.0,Kannada,0.74
"Running 18 minutes late, stuck in traffic",ham,personal,0,0.86,1.0,English,0.0
Refer a friend & get ₹5000 off,promo,general_promo,0,0.68,1.0,English,0.48
"Hey, kal meeting ke liye mil rahe? Time batao",ham,personal,0,0.82,1.0,Hinglish,0.03
See you at office,ham,personal,0,0.93,1.0,English,0.19
Don't forget about lunch tomorrow at 8:23,ham,personal,0,0.95,1.0,English,0.26
Clearance sale: Limited stock available,promo,promotional_offers,0,0.58,1.0,English,0.4
ಸ್ಟೋರ್ನಿಂದ medicine ತೆಗೆದುಕೊಳ್ಳಿ,ham,personal,0,0.88,1.0,Kannada,0.08
Limited time: 1 kharido 1 free. Code SAVE45,promo,general_promo,0,0.77,1.0,Hinglish,0.32
Limited time: Buy 1 Get 1 Free on home. Code: SAVE17,promo,general_promo,0,0.66,1.0,English,0.34
Limited time: Buy 1 Get 1 Free on fashion. Code: SAVE50,promo,general_promo,0,0.79,1.0,English,0.53
FLASH SALE: 40% OFF on watch. Shop now: http://secure-site.com,promo,promotional_offers,1,0.7,0.82,English,0.59
Thanks for your help with work,ham,personal,0,0.93,1.0,English,0.15
Alert: Aapke account mein suspicious activity. Call +91-9440831912,spam,financial_scams,0,0.12,1.0,Hinglish,0.77
ಫ್ಲಾಶ್ ಸೇಲ್! laptop ನಲ್ಲಿ 70% ರಿಯಾಯಿತಿ. ಶಾಪಿಂಗ್: http://secure-site.com,promo,general_promo,1,0.77,0.81,Kannada,0.38
Government scheme: Get ₹25000 monthly. Send YES,spam,general_spam,0,0.1,1.0,English,0.97
Working from home today,ham,personal,0,0.96,1.0,English,0.09
See you at office,ham,personal,0,0.93,1.0,English,0.29
"Running 11 minutes late, stuck in traffic",ham,personal,0,0.93,1.0,English,0.06
SECURITY ALERT: Suspicious login detected. Secure account: http://phish-site.com,spam,financial_scams,1,0.28,0.12,English,0.91
ಎಚ್ಚರಿಕೆ: ನಿಮ್ಮ ಖಾತೆಯಲ್ಲಿ ಸಂಶಯಾಸ್ಪದ ಚಟುವಟಿಕೆ. ಕಾಲ್ +91-9657040846,spam,general_spam,0,0.11,1.0,Kannada,0.98
Your UPI will be deactivated. Verify now: http://phish-site.com,spam,phishing_scams,1,0.15,0.05,English,0.84
Kal dinner ka mat bhoolna. Time 4:13,ham,personal,0,0.89,1.0,Hinglish,0.29
Member exclusive: Extra 70% off,promo,general_promo,0,0.56,1.0,English,0.47
Flash sale! smartphone par 70% off. Shopping: http://secure-site.com,promo,promotional_offers,1,0.79,0.77,Hinglish,0.37
कल lunch का मत भूलना। समय 11:12,ham,personal,0,0.93,1.0,Hindi,0.02
Your Spotify subscription expired. Update payment: http://phish-site.com,spam,general_spam,1,0.09,0.13,English,0.7
Government scheme: Get ₹5000 monthly. Send YES,spam,general_spam,0,0.07,1.0,English,0.82
Seasonal sale: Prices slashed by 60%,promo,promotional_offers,0,0.71,1.0,English,0.39
Bank error: Extra ₹10000 credited. Verify: http://phish-site.com,spam,financial_scams,1,0.29,0.17,English,0.81
CONGRATULATIONS! You won iPhone 15. Claim: http://phish-site.com,spam,prize_scams,1,0.13,0.0,English,0.72
